"","Row","Cell.Nucleus","Time","Well","l2","CellLine","drug","cond","conc","rep","nl2"
"1","B",4143,0,"B02",12.0164601049792,"SKMEL5","plx","dmso-pt",0,1,0
"2","B",4855,3.3861,"B02",12.2452555803066,"SKMEL5","plx","dmso-pt",0,1,0.228795475327347
"3","B",5320,6.2044,"B02",12.3772105303886,"SKMEL5","plx","dmso-pt",0,1,0.360750425409345
"4","B",8138,22.5522,"B02",12.9904585650737,"SKMEL5","plx","dmso-pt",0,1,0.973998460094503
"5","B",9954,30.5219,"B02",13.281060671677,"SKMEL5","plx","dmso-pt",0,1,1.26460056669781
"6","B",11027,36.0103,"B02",13.428752724983,"SKMEL5","plx","dmso-pt",0,1,1.41229262000383
"7","B",13960,47.4228,"B02",13.769011321097,"SKMEL5","plx","dmso-pt",0,1,1.75255121611781
"8","B",14183,50.1033,"B02",13.7918751044647,"SKMEL5","plx","dmso-pt",0,1,1.77541499948549
"9","B",16342,55.0403,"B02",13.9962969366874,"SKMEL5","plx","dmso-pt",0,1,1.97983683170817
"10","B",22723,71.0417,"B02",14.4718656985207,"SKMEL5","plx","dmso-pt",0,1,2.45540559354148
"11","B",24911,78.7686,"B02",14.604495316266,"SKMEL5","plx","dmso-pt",0,1,2.58803521128683
"12","B",29994,99.7039,"B02",14.8723863124047,"SKMEL5","plx","dmso-pt",0,1,2.85592620742547
"16","C",4126,0,"C02",12.0105281058865,"SKMEL5","plx","dmso-pt",0,2,0
"17","C",4301,3.3861,"C02",12.0704564159446,"SKMEL5","plx","dmso-pt",0,2,0.0599283100581651
"18","C",4801,6.2044,"C02",12.2291192206586,"SKMEL5","plx","dmso-pt",0,2,0.21859111477211
"19","C",7407,22.5522,"C02",12.8546736218639,"SKMEL5","plx","dmso-pt",0,2,0.844145515977454
"20","C",8849,30.5219,"C02",13.1112987142583,"SKMEL5","plx","dmso-pt",0,2,1.10077060837178
"21","C",10694,36.0103,"C02",13.3845139613986,"SKMEL5","plx","dmso-pt",0,2,1.37398585551213
"22","C",12780,47.4228,"C02",13.6416002158344,"SKMEL5","plx","dmso-pt",0,2,1.63107210994787
"23","C",14127,50.1033,"C02",13.7861675080207,"SKMEL5","plx","dmso-pt",0,2,1.7756394021342
"24","C",15729,55.0403,"C02",13.9411393312375,"SKMEL5","plx","dmso-pt",0,2,1.93061122535103
"25","C",20658,71.0417,"C02",14.3344129662911,"SKMEL5","plx","dmso-pt",0,2,2.32388486040459
"26","C",22519,78.7686,"C02",14.4588551427103,"SKMEL5","plx","dmso-pt",0,2,2.44832703682386
"27","C",29492,99.7039,"C02",14.8480360416318,"SKMEL5","plx","dmso-pt",0,2,2.83750793574533
"31","D",4314,0,"D02",12.0748104611605,"SKMEL5","plx","dmso-pt",0,3,0
"32","D",4827,3.3861,"D02",12.2369111114446,"SKMEL5","plx","dmso-pt",0,3,0.162100650284149
"33","D",5012,6.2044,"D02",12.2911706993219,"SKMEL5","plx","dmso-pt",0,3,0.216360238161407
"34","D",7786,22.5522,"D02",12.9266666293473,"SKMEL5","plx","dmso-pt",0,3,0.85185616818683
"35","D",9508,30.5219,"D02",13.2149261879424,"SKMEL5","plx","dmso-pt",0,3,1.14011572678198
"36","D",10889,36.0103,"D02",13.4105838486378,"SKMEL5","plx","dmso-pt",0,3,1.33577338747739
"37","D",13497,47.4228,"D02",13.7203511523002,"SKMEL5","plx","dmso-pt",0,3,1.64554069113975
"38","D",14054,50.1033,"D02",13.7786931832238,"SKMEL5","plx","dmso-pt",0,3,1.70388272206339
"39","D",16106,55.0403,"D02",13.9753106180567,"SKMEL5","plx","dmso-pt",0,3,1.90050015689628
"40","D",21009,71.0417,"D02",14.358719872861,"SKMEL5","plx","dmso-pt",0,3,2.2839094117005
"41","D",24183,78.7686,"D02",14.5617056074555,"SKMEL5","plx","dmso-pt",0,3,2.48689514629502
"42","D",30281,99.7039,"D02",14.886125229233,"SKMEL5","plx","dmso-pt",0,3,2.81131476807258
"46","B",5210,0,"B03",12.3470676571659,"SKMEL5","plx","dmso-pt",0.125,1,0
"47","B",5743,3.3861,"B03",12.487588846386,"SKMEL5","plx","dmso-pt",0.125,1,0.140521189220159
"48","B",6382,6.2044,"B03",12.6397928932793,"SKMEL5","plx","dmso-pt",0.125,1,0.292725236113441
"49","B",9516,22.5522,"B03",13.2161395564251,"SKMEL5","plx","dmso-pt",0.125,1,0.869071899259264
"50","B",12155,30.5219,"B03",13.5692622729161,"SKMEL5","plx","dmso-pt",0.125,1,1.22219461575022
"51","B",13733,36.0103,"B03",13.7453591989419,"SKMEL5","plx","dmso-pt",0.125,1,1.39829154177602
"52","B",17182,47.4228,"B03",14.0686103567793,"SKMEL5","plx","dmso-pt",0.125,1,1.7215426996134
"53","B",16981,50.1033,"B03",14.0516338003109,"SKMEL5","plx","dmso-pt",0.125,1,1.70456614314499
"54","B",17521,55.0403,"B03",14.0967974977459,"SKMEL5","plx","dmso-pt",0.125,1,1.74972984058006
"55","B",25447,71.0417,"B03",14.6352079635425,"SKMEL5","plx","dmso-pt",0.125,1,2.28814030637665
"56","B",27019,78.7686,"B03",14.7216866596261,"SKMEL5","plx","dmso-pt",0.125,1,2.37461900246026
"57","B",34015,99.7039,"B03",15.0538834686593,"SKMEL5","plx","dmso-pt",0.125,1,2.70681581149343
"61","C",4839,0,"C03",12.2404932238768,"SKMEL5","plx","dmso-pt",0.125,2,0
"62","C",5364,3.3861,"C03",12.3890935219045,"SKMEL5","plx","dmso-pt",0.125,2,0.148600298027675
"63","C",5910,6.2044,"C03",12.5289424150649,"SKMEL5","plx","dmso-pt",0.125,2,0.288449191188096
"64","C",8642,22.5522,"C03",13.0771495155897,"SKMEL5","plx","dmso-pt",0.125,2,0.836656291712934
"65","C",11467,30.5219,"C03",13.4852003819554,"SKMEL5","plx","dmso-pt",0.125,2,1.24470715807863
"66","C",12144,36.0103,"C03",13.5679560754155,"SKMEL5","plx","dmso-pt",0.125,2,1.32746285153867
"67","C",15969,47.4228,"C03",13.9629863516466,"SKMEL5","plx","dmso-pt",0.125,2,1.72249312776984
"68","C",16334,50.1033,"C03",13.9955905123663,"SKMEL5","plx","dmso-pt",0.125,2,1.7550972884895
"69","C",18095,55.0403,"C03",14.1433034872599,"SKMEL5","plx","dmso-pt",0.125,2,1.9028102633831
"70","C",22494,71.0417,"C03",14.4572526110092,"SKMEL5","plx","dmso-pt",0.125,2,2.21675938713245
"71","C",26663,78.7686,"C03",14.7025514946209,"SKMEL5","plx","dmso-pt",0.125,2,2.46205827074415
"72","C",32074,99.7039,"C03",14.9691166653623,"SKMEL5","plx","dmso-pt",0.125,2,2.72862344148548
"76","D",4813,0,"D03",12.2327207079649,"SKMEL5","plx","dmso-pt",0.125,3,0
"77","D",5066,3.3861,"D03",12.3066313617125,"SKMEL5","plx","dmso-pt",0.125,3,0.0739106537476282
"78","D",5675,6.2044,"D03",12.4704046770656,"SKMEL5","plx","dmso-pt",0.125,3,0.237683969100766
"79","D",8802,22.5522,"D03",13.1036156563945,"SKMEL5","plx","dmso-pt",0.125,3,0.870894948429672
"80","D",10897,30.5219,"D03",13.4116433878691,"SKMEL5","plx","dmso-pt",0.125,3,1.17892267990421
"81","D",12372,36.0103,"D03",13.5947911180893,"SKMEL5","plx","dmso-pt",0.125,3,1.36207041012439
"82","D",15389,47.4228,"D03",13.9096118658021,"SKMEL5","plx","dmso-pt",0.125,3,1.67689115783718
"83","D",15707,50.1033,"D03",13.9391200351387,"SKMEL5","plx","dmso-pt",0.125,3,1.70639932717382
"84","D",17392,55.0403,"D03",14.0861362250273,"SKMEL5","plx","dmso-pt",0.125,3,1.85341551706244
"85","D",22751,71.0417,"D03",14.4736423386337,"SKMEL5","plx","dmso-pt",0.125,3,2.24092163066884
"86","D",25896,78.7686,"D03",14.6604416502092,"SKMEL5","plx","dmso-pt",0.125,3,2.4277209422443
"87","D",32177,99.7039,"D03",14.9737422032218,"SKMEL5","plx","dmso-pt",0.125,3,2.74102149525689
"91","B",4804,0,"B04",12.2300204357056,"SKMEL5","plx","dmso-pt",0.25,1,0
"92","B",5363,3.3861,"B04",12.3888245380236,"SKMEL5","plx","dmso-pt",0.25,1,0.158804102317966
"93","B",5639,6.2044,"B04",12.4612236276134,"SKMEL5","plx","dmso-pt",0.25,1,0.231203191907737
"94","B",8800,22.5522,"B04",13.103287808412,"SKMEL5","plx","dmso-pt",0.25,1,0.873267372706387
"95","B",10316,30.5219,"B04",13.3325960577892,"SKMEL5","plx","dmso-pt",0.25,1,1.10257562208358
"96","B",11654,36.0103,"B04",13.5085375953473,"SKMEL5","plx","dmso-pt",0.25,1,1.27851715964169
"97","B",14014,47.4228,"B04",13.7745811808936,"SKMEL5","plx","dmso-pt",0.25,1,1.54456074518796
"98","B",14827,50.1033,"B04",13.8559391012158,"SKMEL5","plx","dmso-pt",0.25,1,1.62591866551015
"99","B",14018,55.0403,"B04",13.7749929089332,"SKMEL5","plx","dmso-pt",0.25,1,1.54497247322754
"100","B",20422,71.0417,"B04",14.3178365410046,"SKMEL5","plx","dmso-pt",0.25,1,2.08781610529894
"101","B",21936,78.7686,"B04",14.4210128557792,"SKMEL5","plx","dmso-pt",0.25,1,2.19099242007359
"102","B",28373,99.7039,"B04",14.7922310806129,"SKMEL5","plx","dmso-pt",0.25,1,2.5622106449073
"106","C",5401,0,"C04",12.399010832952,"SKMEL5","plx","dmso-pt",0.25,2,0
"107","C",6022,3.3861,"C04",12.5560269927247,"SKMEL5","plx","dmso-pt",0.25,2,0.157016159772686
"108","C",6511,6.2044,"C04",12.6686634231753,"SKMEL5","plx","dmso-pt",0.25,2,0.269652590223306
"109","C",9689,22.5522,"C04",13.2421320576824,"SKMEL5","plx","dmso-pt",0.25,2,0.843121224730382
"110","C",12373,30.5219,"C04",13.5949077230633,"SKMEL5","plx","dmso-pt",0.25,2,1.19589689011134
"111","C",13773,36.0103,"C04",13.7495552174335,"SKMEL5","plx","dmso-pt",0.25,2,1.35054438448153
"112","C",17065,47.4228,"C04",14.0587527939862,"SKMEL5","plx","dmso-pt",0.25,2,1.65974196103424
"113","C",16975,50.1033,"C04",14.0511239540195,"SKMEL5","plx","dmso-pt",0.25,2,1.65211312106747
"114","C",18466,55.0403,"C04",14.1725837713091,"SKMEL5","plx","dmso-pt",0.25,2,1.77357293835716
"115","C",24245,71.0417,"C04",14.5653996332837,"SKMEL5","plx","dmso-pt",0.25,2,2.1663888003317
"116","C",26671,78.7686,"C04",14.7029842977264,"SKMEL5","plx","dmso-pt",0.25,2,2.30397346477443
"117","C",33053,99.7039,"C04",15.0124936010162,"SKMEL5","plx","dmso-pt",0.25,2,2.61348276806419
"121","D",4825,0,"D04",12.2363132270428,"SKMEL5","plx","dmso-pt",0.25,3,0
"122","D",5270,3.3861,"D04",12.3635872465246,"SKMEL5","plx","dmso-pt",0.25,3,0.127274019481773
"123","D",5612,6.2044,"D04",12.4542992936199,"SKMEL5","plx","dmso-pt",0.25,3,0.217986066577094
"124","D",8680,22.5522,"D04",13.0834793273318,"SKMEL5","plx","dmso-pt",0.25,3,0.847166100289037
"125","D",10263,30.5219,"D04",13.3251648894891,"SKMEL5","plx","dmso-pt",0.25,3,1.08885166244625
"126","D",12058,36.0103,"D04",13.5577030140378,"SKMEL5","plx","dmso-pt",0.25,3,1.32138978699496
"127","D",14371,47.4228,"D04",13.8108728341662,"SKMEL5","plx","dmso-pt",0.25,3,1.5745596071234
"128","D",14527,50.1033,"D04",13.8264491794237,"SKMEL5","plx","dmso-pt",0.25,3,1.59013595238086
"129","D",15681,55.0403,"D04",13.936729944681,"SKMEL5","plx","dmso-pt",0.25,3,1.70041671763824
"130","D",19177,71.0417,"D04",14.2270894260972,"SKMEL5","plx","dmso-pt",0.25,3,1.99077619905444
"131","D",22853,78.7686,"D04",14.4800959453154,"SKMEL5","plx","dmso-pt",0.25,3,2.24378271827262
"132","D",27249,99.7039,"D04",14.7339156655303,"SKMEL5","plx","dmso-pt",0.25,3,2.49760243848747
"136","B",5293,0,"B05",12.3698699386349,"SKMEL5","plx","dmso-pt",0.5,1,0
"137","B",5844,3.3861,"B05",12.5127404628035,"SKMEL5","plx","dmso-pt",0.5,1,0.142870524168622
"138","B",6079,6.2044,"B05",12.5696183034466,"SKMEL5","plx","dmso-pt",0.5,1,0.199748364811764
"139","B",9107,22.5522,"B05",13.1527601687754,"SKMEL5","plx","dmso-pt",0.5,1,0.782890230140524
"140","B",10912,30.5219,"B05",13.4136279290242,"SKMEL5","plx","dmso-pt",0.5,1,1.0437579903893
"141","B",11870,36.0103,"B05",13.5350323145293,"SKMEL5","plx","dmso-pt",0.5,1,1.16516237589439
"142","B",13795,47.4228,"B05",13.7518578362406,"SKMEL5","plx","dmso-pt",0.5,1,1.38198789760576
"143","B",13864,50.1033,"B05",13.7590559391602,"SKMEL5","plx","dmso-pt",0.5,1,1.38918600052529
"144","B",15122,55.0403,"B05",13.8843613391657,"SKMEL5","plx","dmso-pt",0.5,1,1.51449140053083
"145","B",18829,71.0417,"B05",14.2006687606301,"SKMEL5","plx","dmso-pt",0.5,1,1.8307988219952
"146","B",19997,78.7686,"B05",14.2874959590614,"SKMEL5","plx","dmso-pt",0.5,1,1.9176260204265
"147","B",24087,99.7039,"B05",14.5559670987946,"SKMEL5","plx","dmso-pt",0.5,1,2.18609716015971
"151","C",5602,0,"C05",12.4517262680745,"SKMEL5","plx","dmso-pt",0.5,2,0
"152","C",6265,3.3861,"C05",12.6130987942092,"SKMEL5","plx","dmso-pt",0.5,2,0.161372526134718
"153","C",6554,6.2044,"C05",12.6781599575428,"SKMEL5","plx","dmso-pt",0.5,2,0.226433689468255
"154","C",9546,22.5522,"C05",13.2206806210522,"SKMEL5","plx","dmso-pt",0.5,2,0.768954352977698
"155","C",11712,30.5219,"C05",13.515699838284,"SKMEL5","plx","dmso-pt",0.5,2,1.06397357020954
"156","C",13122,36.0103,"C05",13.6797000057692,"SKMEL5","plx","dmso-pt",0.5,2,1.22797373769474
"157","C",15128,47.4228,"C05",13.8849336479498,"SKMEL5","plx","dmso-pt",0.5,2,1.43320737987526
"158","C",14798,50.1033,"C05",13.8531145834403,"SKMEL5","plx","dmso-pt",0.5,2,1.40138831536578
"159","C",16168,55.0403,"C05",13.9808536063797,"SKMEL5","plx","dmso-pt",0.5,2,1.52912733830523
"160","C",19836,71.0417,"C05",14.2758335100135,"SKMEL5","plx","dmso-pt",0.5,2,1.82410724193896
"161","C",21045,78.7686,"C05",14.3611898892284,"SKMEL5","plx","dmso-pt",0.5,2,1.90946362115391
"162","C",25784,99.7039,"C05",14.6541884730595,"SKMEL5","plx","dmso-pt",0.5,2,2.20246220498504
"166","D",5257,0,"D05",12.3600240195719,"SKMEL5","plx","dmso-pt",0.5,3,0
"167","D",5728,3.3861,"D05",12.4838157772643,"SKMEL5","plx","dmso-pt",0.5,3,0.123791757692381
"168","D",6233,6.2044,"D05",12.6057109974109,"SKMEL5","plx","dmso-pt",0.5,3,0.245686977839009
"169","D",8990,22.5522,"D05",13.1341054004018,"SKMEL5","plx","dmso-pt",0.5,3,0.774081380829934
"170","D",10565,30.5219,"D05",13.3670051468223,"SKMEL5","plx","dmso-pt",0.5,3,1.00698112725043
"171","D",11477,36.0103,"D05",13.4864579613943,"SKMEL5","plx","dmso-pt",0.5,3,1.1264339418224
"172","D",13654,47.4228,"D05",13.7370360365402,"SKMEL5","plx","dmso-pt",0.5,3,1.37701201696835
"173","D",13677,50.1033,"D05",13.7394641945859,"SKMEL5","plx","dmso-pt",0.5,3,1.37944017501404
"174","D",15018,55.0403,"D05",13.8744050764095,"SKMEL5","plx","dmso-pt",0.5,3,1.51438105683761
"175","D",17757,71.0417,"D05",14.1161002421659,"SKMEL5","plx","dmso-pt",0.5,3,1.75607622259399
"176","D",19971,78.7686,"D05",14.2856189536393,"SKMEL5","plx","dmso-pt",0.5,3,1.92559493406745
"177","D",23689,99.7039,"D05",14.531929677938,"SKMEL5","plx","dmso-pt",0.5,3,2.17190565836614
"181","B",4799,0,"B06",12.2285180977162,"SKMEL5","plx","dmso-pt",1,1,0
"182","B",5194,3.3861,"B06",12.3426302986784,"SKMEL5","plx","dmso-pt",1,1,0.114112200962214
"183","B",5929,6.2044,"B06",12.5335730813898,"SKMEL5","plx","dmso-pt",1,1,0.305054983673609
"184","B",8196,22.5522,"B06",13.0007042690112,"SKMEL5","plx","dmso-pt",1,1,0.772186171295052
"185","B",9111,30.5219,"B06",13.1533936938886,"SKMEL5","plx","dmso-pt",1,1,0.924875596172422
"186","B",9915,36.0103,"B06",13.2753970571162,"SKMEL5","plx","dmso-pt",1,1,1.04687895940002
"187","B",11011,47.4228,"B06",13.4266578774733,"SKMEL5","plx","dmso-pt",1,1,1.1981397797571
"188","B",10535,50.1033,"B06",13.3629026937047,"SKMEL5","plx","dmso-pt",1,1,1.13438459598848
"189","B",11921,55.0403,"B06",13.5412176417361,"SKMEL5","plx","dmso-pt",1,1,1.31269954401995
"190","B",13916,71.0417,"B06",13.7644569636199,"SKMEL5","plx","dmso-pt",1,1,1.5359388659037
"191","B",15393,78.7686,"B06",13.9099868109126,"SKMEL5","plx","dmso-pt",1,1,1.68146871319638
"192","B",18384,99.7039,"B06",14.1661630826461,"SKMEL5","plx","dmso-pt",1,1,1.93764498492992
"196","C",4885,0,"C06",12.2541428468557,"SKMEL5","plx","dmso-pt",1,2,0
"197","C",5018,3.3861,"C06",12.2928967554092,"SKMEL5","plx","dmso-pt",1,2,0.0387539085534243
"198","C",5734,6.2044,"C06",12.4853261892405,"SKMEL5","plx","dmso-pt",1,2,0.231183342384776
"199","C",7884,22.5522,"C06",12.9447120610435,"SKMEL5","plx","dmso-pt",1,2,0.690569214187738
"200","C",8944,30.5219,"C06",13.1267044728432,"SKMEL5","plx","dmso-pt",1,2,0.872561625987442
"201","C",9248,36.0103,"C06",13.1749256825007,"SKMEL5","plx","dmso-pt",1,2,0.92078283564493
"202","C",10333,47.4228,"C06",13.3349715550275,"SKMEL5","plx","dmso-pt",1,2,1.08082870817171
"203","C",10365,50.1033,"C06",13.3394324959968,"SKMEL5","plx","dmso-pt",1,2,1.08528964914103
"204","C",11437,55.0403,"C06",13.4814210529319,"SKMEL5","plx","dmso-pt",1,2,1.22727820607613
"205","C",13216,71.0417,"C06",13.6899979714194,"SKMEL5","plx","dmso-pt",1,2,1.4358551245637
"206","C",14906,78.7686,"C06",13.8636055443214,"SKMEL5","plx","dmso-pt",1,2,1.6094626974657
"207","C",18041,99.7039,"C06",14.1389916879352,"SKMEL5","plx","dmso-pt",1,2,1.88484884107948
"211","D",5572,0,"D06",12.4439795426013,"SKMEL5","plx","dmso-pt",1,3,0
"212","D",5726,3.3861,"D06",12.4833119549994,"SKMEL5","plx","dmso-pt",1,3,0.0393324123980996
"213","D",6302,6.2044,"D06",12.6215940390175,"SKMEL5","plx","dmso-pt",1,3,0.177614496416286
"214","D",9077,22.5522,"D06",13.1479998420602,"SKMEL5","plx","dmso-pt",1,3,0.704020299458938
"215","D",10482,30.5219,"D06",13.3556263936379,"SKMEL5","plx","dmso-pt",1,3,0.911646851036663
"216","D",11269,36.0103,"D06",13.4600718773976,"SKMEL5","plx","dmso-pt",1,3,1.01609233479634
"217","D",12506,47.4228,"D06",13.6103328019111,"SKMEL5","plx","dmso-pt",1,3,1.16635325930988
"218","D",12175,50.1033,"D06",13.5716341518571,"SKMEL5","plx","dmso-pt",1,3,1.12765460925581
"219","D",13352,55.0403,"D06",13.7047682393626,"SKMEL5","plx","dmso-pt",1,3,1.26078869676135
"220","D",15779,71.0417,"D06",13.9457181564626,"SKMEL5","plx","dmso-pt",1,3,1.50173861386132
"221","D",16856,78.7686,"D06",14.0409745988173,"SKMEL5","plx","dmso-pt",1,3,1.59699505621605
"222","D",20252,99.7039,"D06",14.3057767689098,"SKMEL5","plx","dmso-pt",1,3,1.86179722630856
"226","B",5194,0,"B07",12.3426302986784,"SKMEL5","plx","dmso-pt",2,1,0
"227","B",5900,3.3861,"B07",12.5264992391366,"SKMEL5","plx","dmso-pt",2,1,0.183868940458158
"228","B",6284,6.2044,"B07",12.6174674652942,"SKMEL5","plx","dmso-pt",2,1,0.274837166615788
"229","B",8130,22.5522,"B07",12.9890396369624,"SKMEL5","plx","dmso-pt",2,1,0.646409338283982
"230","B",8852,30.5219,"B07",13.111787735801,"SKMEL5","plx","dmso-pt",2,1,0.769157437122603
"231","B",9203,36.0103,"B07",13.1678885131806,"SKMEL5","plx","dmso-pt",2,1,0.825258214502242
"232","B",9441,47.4228,"B07",13.2047239640196,"SKMEL5","plx","dmso-pt",2,1,0.862093665341172
"233","B",8934,50.1033,"B07",13.1250905393033,"SKMEL5","plx","dmso-pt",2,1,0.782460240624848
"234","B",9866,55.0403,"B07",13.2682495719945,"SKMEL5","plx","dmso-pt",2,1,0.925619273316084
"235","B",11731,71.0417,"B07",13.5180383795781,"SKMEL5","plx","dmso-pt",2,1,1.17540808089973
"236","B",12841,78.7686,"B07",13.6484699370614,"SKMEL5","plx","dmso-pt",2,1,1.30583963838298
"237","B",13617,99.7039,"B07",13.733121273659,"SKMEL5","plx","dmso-pt",2,1,1.39049097498064
"241","C",5329,0,"C07",12.37964911776,"SKMEL5","plx","dmso-pt",2,2,0
"242","C",5563,3.3861,"C07",12.4416473902536,"SKMEL5","plx","dmso-pt",2,2,0.061998272493577
"243","C",6130,6.2044,"C07",12.5816713585781,"SKMEL5","plx","dmso-pt",2,2,0.202022240818108
"244","C",8126,22.5522,"C07",12.9883296492311,"SKMEL5","plx","dmso-pt",2,2,0.608680531471053
"245","C",8662,30.5219,"C07",13.0804844570676,"SKMEL5","plx","dmso-pt",2,2,0.700835339307533
"246","C",9117,36.0103,"C07",13.1543434602435,"SKMEL5","plx","dmso-pt",2,2,0.774694342483416
"247","C",9448,47.4228,"C07",13.2057932493972,"SKMEL5","plx","dmso-pt",2,2,0.826144131637122
"248","C",9021,50.1033,"C07",13.1390716532952,"SKMEL5","plx","dmso-pt",2,2,0.759422535535125
"249","C",9922,55.0403,"C07",13.2764152418927,"SKMEL5","plx","dmso-pt",2,2,0.896766124132643
"250","C",11790,71.0417,"C07",13.5252760978671,"SKMEL5","plx","dmso-pt",2,2,1.14562698010709
"251","C",12681,78.7686,"C07",13.6303808977519,"SKMEL5","plx","dmso-pt",2,2,1.25073177999191
"252","C",14481,99.7039,"C07",13.8218736121658,"SKMEL5","plx","dmso-pt",2,2,1.44222449440572
"256","D",5647,0,"D07",12.4632689159813,"SKMEL5","plx","dmso-pt",2,3,0
"257","D",6133,3.3861,"D07",12.5823772356407,"SKMEL5","plx","dmso-pt",2,3,0.119108319659402
"258","D",6552,6.2044,"D07",12.677719641641,"SKMEL5","plx","dmso-pt",2,3,0.214450725659718
"259","D",8648,22.5522,"D07",13.0781508077346,"SKMEL5","plx","dmso-pt",2,3,0.61488189175336
"260","D",9289,30.5219,"D07",13.1813075774278,"SKMEL5","plx","dmso-pt",2,3,0.718038661446508
"261","D",9555,36.0103,"D07",13.2220401578648,"SKMEL5","plx","dmso-pt",2,3,0.75877124188353
"262","D",10094,47.4228,"D07",13.3012103712984,"SKMEL5","plx","dmso-pt",2,3,0.837941455317136
"263","D",9692,50.1033,"D07",13.2425786894513,"SKMEL5","plx","dmso-pt",2,3,0.779309773470056
"264","D",10021,55.0403,"D07",13.2907388624393,"SKMEL5","plx","dmso-pt",2,3,0.827469946458057
"265","D",12023,71.0417,"D07",13.5535093043092,"SKMEL5","plx","dmso-pt",2,3,1.09024038832791
"266","D",13169,78.7686,"D07",13.6848581769422,"SKMEL5","plx","dmso-pt",2,3,1.22158926096094
"267","D",15664,99.7039,"D07",13.9351650496037,"SKMEL5","plx","dmso-pt",2,3,1.4718961336224
"271","B",5526,0,"B08",12.4320198468125,"SKMEL5","plx","dmso-pt",4,1,0
"272","B",5912,3.3861,"B08",12.5294305541462,"SKMEL5","plx","dmso-pt",4,1,0.0974107073336583
"273","B",6313,6.2044,"B08",12.624110035763,"SKMEL5","plx","dmso-pt",4,1,0.192090188950496
"274","B",8084,22.5522,"B08",12.9808536063797,"SKMEL5","plx","dmso-pt",4,1,0.548833759567243
"275","B",8115,30.5219,"B08",12.9863753794353,"SKMEL5","plx","dmso-pt",4,1,0.554355532622841
"276","B",7959,36.0103,"B08",12.9583714609499,"SKMEL5","plx","dmso-pt",4,1,0.52635161413736
"277","B",8054,47.4228,"B08",12.9754897569458,"SKMEL5","plx","dmso-pt",4,1,0.543469910133261
"278","B",7142,50.1033,"B08",12.8021124185861,"SKMEL5","plx","dmso-pt",4,1,0.370092571773574
"279","B",8083,55.0403,"B08",12.9806751323224,"SKMEL5","plx","dmso-pt",4,1,0.548655285509875
"280","B",9460,71.0417,"B08",13.2076244682268,"SKMEL5","plx","dmso-pt",4,1,0.775604621414265
"281","B",10086,78.7686,"B08",13.3000665099573,"SKMEL5","plx","dmso-pt",4,1,0.868046663144831
"282","B",12288,99.7039,"B08",13.5849625007212,"SKMEL5","plx","dmso-pt",4,1,1.15294265390866
"286","C",5556,0,"C08",12.4398308839814,"SKMEL5","plx","dmso-pt",4,2,0
"287","C",6287,3.3861,"C08",12.6181560477785,"SKMEL5","plx","dmso-pt",4,2,0.178325163797068
"288","C",6447,6.2044,"C08",12.6544122681489,"SKMEL5","plx","dmso-pt",4,2,0.214581384167548
"289","C",8189,22.5522,"C08",12.9994715725327,"SKMEL5","plx","dmso-pt",4,2,0.559640688551292
"290","C",8011,30.5219,"C08",12.9677666277945,"SKMEL5","plx","dmso-pt",4,2,0.527935743813122
"291","C",8156,36.0103,"C08",12.9936460600166,"SKMEL5","plx","dmso-pt",4,2,0.553815176035204
"292","C",8013,47.4228,"C08",12.9681267613563,"SKMEL5","plx","dmso-pt",4,2,0.528295877374875
"293","C",7447,50.1033,"C08",12.8624436422123,"SKMEL5","plx","dmso-pt",4,2,0.422612758230903
"294","C",8696,55.0403,"C08",13.0861362250273,"SKMEL5","plx","dmso-pt",4,2,0.646305341045917
"295","C",10032,71.0417,"C08",13.292321632802,"SKMEL5","plx","dmso-pt",4,2,0.852490748820648
"296","C",10397,78.7686,"C08",13.3438796858499,"SKMEL5","plx","dmso-pt",4,2,0.904048801868484
"297","C",12487,99.7039,"C08",13.6081392908434,"SKMEL5","plx","dmso-pt",4,2,1.16830840686205
"301","D",4833,0,"D08",12.2387032794277,"SKMEL5","plx","dmso-pt",4,3,0
"302","D",5154,3.3861,"D08",12.3314768218596,"SKMEL5","plx","dmso-pt",4,3,0.0927735424318943
"303","D",5454,6.2044,"D08",12.4130989849153,"SKMEL5","plx","dmso-pt",4,3,0.174395705487539
"304","D",6733,22.5522,"D08",12.7170337494909,"SKMEL5","plx","dmso-pt",4,3,0.478330470063167
"305","D",6905,30.5219,"D08",12.7534256991454,"SKMEL5","plx","dmso-pt",4,3,0.514722419717689
"306","D",6896,36.0103,"D08",12.7515440590891,"SKMEL5","plx","dmso-pt",4,3,0.512840779661374
"307","D",6975,47.4228,"D08",12.7679775016039,"SKMEL5","plx","dmso-pt",4,3,0.529274222176188
"308","D",6397,50.1033,"D08",12.6431797679255,"SKMEL5","plx","dmso-pt",4,3,0.404476488497824
"309","D",7388,55.0403,"D08",12.8509681509824,"SKMEL5","plx","dmso-pt",4,3,0.612264871554714
"310","D",8348,71.0417,"D08",13.0272148851598,"SKMEL5","plx","dmso-pt",4,3,0.78851160573211
"311","D",8953,78.7686,"D08",13.1281554709392,"SKMEL5","plx","dmso-pt",4,3,0.889452191511516
"312","D",10406,99.7039,"D08",13.3451279919767,"SKMEL5","plx","dmso-pt",4,3,1.10642471254897
"316","B",5194,0,"B09",12.3426302986784,"SKMEL5","plx","dmso-pt",8,1,0
"317","B",5625,3.3861,"B09",12.4576373809918,"SKMEL5","plx","dmso-pt",8,1,0.115007082313353
"318","B",6001,6.2044,"B09",12.5509872145215,"SKMEL5","plx","dmso-pt",8,1,0.208356915843112
"319","B",7008,22.5522,"B09",12.7747870596012,"SKMEL5","plx","dmso-pt",8,1,0.432156760922766
"320","B",6659,30.5219,"B09",12.7010898248172,"SKMEL5","plx","dmso-pt",8,1,0.35845952613875
"321","B",6463,36.0103,"B09",12.6579882762779,"SKMEL5","plx","dmso-pt",8,1,0.315357977599531
"322","B",6117,47.4228,"B09",12.5786085607378,"SKMEL5","plx","dmso-pt",8,1,0.235978262059344
"323","B",5315,50.1033,"B09",12.3758539764185,"SKMEL5","plx","dmso-pt",8,1,0.0332236777400592
"324","B",6236,55.0403,"B09",12.6064052126978,"SKMEL5","plx","dmso-pt",8,1,0.263774914019377
"325","B",6995,71.0417,"B09",12.7721083420521,"SKMEL5","plx","dmso-pt",8,1,0.429478043373708
"326","B",7325,78.7686,"B09",12.838613044197,"SKMEL5","plx","dmso-pt",8,1,0.495982745518564
"327","B",7866,99.7039,"B09",12.9414144709429,"SKMEL5","plx","dmso-pt",8,1,0.598784172264503
"331","C",4986,0,"C09",12.2836671674915,"SKMEL5","plx","dmso-pt",8,2,0
"332","C",5540,3.3861,"C09",12.4356702609366,"SKMEL5","plx","dmso-pt",8,2,0.15200309344505
"333","C",5842,6.2044,"C09",12.5122466428292,"SKMEL5","plx","dmso-pt",8,2,0.228579475337678
"334","C",6805,22.5522,"C09",12.7323794463914,"SKMEL5","plx","dmso-pt",8,2,0.448712278899857
"335","C",6503,30.5219,"C09",12.6668897084403,"SKMEL5","plx","dmso-pt",8,2,0.383222540948756
"336","C",6331,36.0103,"C09",12.6282176802234,"SKMEL5","plx","dmso-pt",8,2,0.344550512731933
"337","C",5968,47.4228,"C09",12.5430318202552,"SKMEL5","plx","dmso-pt",8,2,0.259364652763736
"338","C",5133,50.1033,"C09",12.3255865452106,"SKMEL5","plx","dmso-pt",8,2,0.0419193777190685
"339","C",6002,55.0403,"C09",12.5512276035983,"SKMEL5","plx","dmso-pt",8,2,0.267560436106788
"340","C",6825,71.0417,"C09",12.7366133306946,"SKMEL5","plx","dmso-pt",8,2,0.452946163203077
"341","C",7228,78.7686,"C09",12.8193807908646,"SKMEL5","plx","dmso-pt",8,2,0.535713623373098
"342","C",7872,99.7039,"C09",12.9425145053392,"SKMEL5","plx","dmso-pt",8,2,0.658847337847739
"346","D",5503,0,"D09",12.4260026133294,"SKMEL5","plx","dmso-pt",8,3,0
"347","D",5633,3.3861,"D09",12.4596877562395,"SKMEL5","plx","dmso-pt",8,3,0.033685142910187
"348","D",6099,6.2044,"D09",12.5743570005659,"SKMEL5","plx","dmso-pt",8,3,0.148354387236527
"349","D",7340,22.5522,"D09",12.8415643477306,"SKMEL5","plx","dmso-pt",8,3,0.415561734401214
"350","D",6954,30.5219,"D09",12.7636273517276,"SKMEL5","plx","dmso-pt",8,3,0.337624738398267
"351","D",6698,36.0103,"D09",12.7095146607067,"SKMEL5","plx","dmso-pt",8,3,0.283512047377355
"352","D",6380,47.4228,"D09",12.6393407086522,"SKMEL5","plx","dmso-pt",8,3,0.21333809532287
"353","D",5627,50.1033,"D09",12.4581502480576,"SKMEL5","plx","dmso-pt",8,3,0.0321476347281955
"354","D",6357,55.0403,"D09",12.6341303730933,"SKMEL5","plx","dmso-pt",8,3,0.208127759763965
"355","D",6757,71.0417,"D09",12.7221671397819,"SKMEL5","plx","dmso-pt",8,3,0.296164526452491
"356","D",7261,78.7686,"D09",12.8259525375237,"SKMEL5","plx","dmso-pt",8,3,0.399949924194365
"357","D",8301,99.7039,"D09",13.0190694293311,"SKMEL5","plx","dmso-pt",8,3,0.59306681600175
"361","B",5132,0,"B10",12.3253054550897,"SKMEL5","plx","dmso-pt",16,1,0
"362","B",5506,3.3861,"B10",12.4267888945956,"SKMEL5","plx","dmso-pt",16,1,0.101483439505879
"363","B",5490,6.2044,"B10",12.4225904338926,"SKMEL5","plx","dmso-pt",16,1,0.0972849788028789
"364","B",6760,22.5522,"B10",12.7228075311695,"SKMEL5","plx","dmso-pt",16,1,0.397502076079865
"365","B",6061,30.5219,"B10",12.5653401272085,"SKMEL5","plx","dmso-pt",16,1,0.240034672118773
"366","B",5800,36.0103,"B10",12.5018371849023,"SKMEL5","plx","dmso-pt",16,1,0.176531729812615
"367","B",5170,47.4228,"B10",12.3359485652023,"SKMEL5","plx","dmso-pt",16,1,0.0106431101126159
"368","B",3982,50.1033,"B10",11.9592775057205,"SKMEL5","plx","dmso-pt",16,1,-0.36602794936918
"369","B",4729,55.0403,"B10",12.2073194264578,"SKMEL5","plx","dmso-pt",16,1,-0.117986028631877
"370","B",5089,71.0417,"B10",12.3131664759772,"SKMEL5","plx","dmso-pt",16,1,-0.0121389791124837
"371","B",5155,78.7686,"B10",12.3317567122555,"SKMEL5","plx","dmso-pt",16,1,0.00645125716578931
"372","B",5499,99.7039,"B10",12.424953571261,"SKMEL5","plx","dmso-pt",16,1,0.0996481161713607
"376","C",5516,0,"C10",12.429406741514,"SKMEL5","plx","dmso-pt",16,2,0
"377","C",5612,3.3861,"C10",12.4542992936199,"SKMEL5","plx","dmso-pt",16,2,0.0248925521059178
"378","C",6195,6.2044,"C10",12.596888567028,"SKMEL5","plx","dmso-pt",16,2,0.167481825513983
"379","C",6980,22.5522,"C10",12.769011321097,"SKMEL5","plx","dmso-pt",16,2,0.339604579583034
"380","C",6413,30.5219,"C10",12.6467836918378,"SKMEL5","plx","dmso-pt",16,2,0.217376950323812
"381","C",6053,36.0103,"C10",12.5634346357102,"SKMEL5","plx","dmso-pt",16,2,0.134027894196217
"382","C",5147,47.4228,"C10",12.3295160672065,"SKMEL5","plx","dmso-pt",16,2,-0.0998906743074475
"383","C",3797,50.1033,"C10",11.8906442836191,"SKMEL5","plx","dmso-pt",16,2,-0.538762457894892
"384","C",5337,55.0403,"C10",12.3818132959883,"SKMEL5","plx","dmso-pt",16,2,-0.0475934455256652
"385","C",5413,71.0417,"C10",12.4022126727146,"SKMEL5","plx","dmso-pt",16,2,-0.0271940687993393
"386","C",5611,78.7686,"C10",12.4540421974701,"SKMEL5","plx","dmso-pt",16,2,0.0246354559560995
"387","C",5724,99.7039,"C10",12.4828079567267,"SKMEL5","plx","dmso-pt",16,2,0.0534012152126859
"391","D",5417,0,"D10",12.4032783754711,"SKMEL5","plx","dmso-pt",16,3,0
"392","D",5698,3.3861,"D10",12.4762399063239,"SKMEL5","plx","dmso-pt",16,3,0.0729615308527993
"393","D",5928,6.2044,"D10",12.5333297323058,"SKMEL5","plx","dmso-pt",16,3,0.130051356834782
"394","D",6861,22.5522,"D10",12.7442031511328,"SKMEL5","plx","dmso-pt",16,3,0.340924775661778
"395","D",6274,30.5219,"D10",12.6151698138436,"SKMEL5","plx","dmso-pt",16,3,0.21189143837255
"396","D",5999,36.0103,"D10",12.5505063161701,"SKMEL5","plx","dmso-pt",16,3,0.147227940699052
"397","D",5217,47.4228,"D10",12.3490047180277,"SKMEL5","plx","dmso-pt",16,3,-0.0542736574433089
"398","D",4205,50.1033,"D10",12.0378900851425,"SKMEL5","plx","dmso-pt",16,3,-0.365388290328545
"399","D",4931,55.0403,"D10",12.2676645375011,"SKMEL5","plx","dmso-pt",16,3,-0.135613837969933
"400","D",4969,71.0417,"D10",12.2787398265501,"SKMEL5","plx","dmso-pt",16,3,-0.124538548920942
"401","D",5334,78.7686,"D10",12.3810021095509,"SKMEL5","plx","dmso-pt",16,3,-0.0222762659201265
"402","D",5654,99.7039,"D10",12.4650561678312,"SKMEL5","plx","dmso-pt",16,3,0.0617777923601235
"406","B",5315,0,"B11",12.3758539764185,"SKMEL5","plx","dmso-pt",32,1,0
"407","B",5630,3.3861,"B11",12.4589192069676,"SKMEL5","plx","dmso-pt",32,1,0.0830652305491242
"408","B",5857,6.2044,"B11",12.5159461791095,"SKMEL5","plx","dmso-pt",32,1,0.140092202691051
"409","B",6491,22.5522,"B11",12.6642250408379,"SKMEL5","plx","dmso-pt",32,1,0.288371064419461
"410","B",6004,30.5219,"B11",12.5517082616207,"SKMEL5","plx","dmso-pt",32,1,0.175854285202222
"411","B",5508,36.0103,"B11",12.427312844135,"SKMEL5","plx","dmso-pt",32,1,0.0514588677164962
"412","B",4588,47.4228,"B11",12.1636496760158,"SKMEL5","plx","dmso-pt",32,1,-0.212204300402643
"413","B",3477,50.1033,"B11",11.7636273517276,"SKMEL5","plx","dmso-pt",32,1,-0.612226624690839
"414","B",4355,55.0403,"B11",12.0884570034862,"SKMEL5","plx","dmso-pt",32,1,-0.287396972932241
"415","B",3829,71.0417,"B11",11.9027519448502,"SKMEL5","plx","dmso-pt",32,1,-0.473102031568306
"416","B",3901,78.7686,"B11",11.9296282830246,"SKMEL5","plx","dmso-pt",32,1,-0.446225693393906
"417","B",3797,99.7039,"B11",11.8906442836191,"SKMEL5","plx","dmso-pt",32,1,-0.485209692799378
"421","C",5025,0,"C11",12.2949078809537,"SKMEL5","plx","dmso-pt",32,2,0
"422","C",5225,3.3861,"C11",12.3512153218556,"SKMEL5","plx","dmso-pt",32,2,0.0563074409019535
"423","C",5471,6.2044,"C11",12.4175888403826,"SKMEL5","plx","dmso-pt",32,2,0.122680959428926
"424","C",6243,22.5522,"C11",12.6080237504565,"SKMEL5","plx","dmso-pt",32,2,0.313115869502838
"425","C",5874,30.5219,"C11",12.5201275503249,"SKMEL5","plx","dmso-pt",32,2,0.225219669371198
"426","C",5426,36.0103,"C11",12.4056733322819,"SKMEL5","plx","dmso-pt",32,2,0.110765451328213
"427","C",4555,47.4228,"C11",12.1532353386894,"SKMEL5","plx","dmso-pt",32,2,-0.14167254226424
"428","C",2910,50.1033,"C11",11.5068034377956,"SKMEL5","plx","dmso-pt",32,2,-0.788104443158007
"429","C",4119,55.0403,"C11",12.0080784108683,"SKMEL5","plx","dmso-pt",32,2,-0.286829470085397
"430","C",3972,71.0417,"C11",11.9556499075284,"SKMEL5","plx","dmso-pt",32,2,-0.33925797342528
"431","C",3901,78.7686,"C11",11.9296282830246,"SKMEL5","plx","dmso-pt",32,2,-0.365279597929092
"432","C",3644,99.7039,"C11",11.8313072438021,"SKMEL5","plx","dmso-pt",32,2,-0.463600637151602
"436","D",6419,0,"D11",12.6481328456527,"SKMEL5","plx","dmso-pt",32,3,0
"437","D",6740,3.3861,"D11",12.7185328760692,"SKMEL5","plx","dmso-pt",32,3,0.0704000304165628
"438","D",7009,6.2044,"D11",12.7749929089332,"SKMEL5","plx","dmso-pt",32,3,0.126860063280517
"439","D",8002,22.5522,"D11",12.9661449133456,"SKMEL5","plx","dmso-pt",32,3,0.318012067692944
"440","D",7443,30.5219,"D11",12.8616685206136,"SKMEL5","plx","dmso-pt",32,3,0.21353567496093
"441","D",6832,36.0103,"D11",12.7380922596205,"SKMEL5","plx","dmso-pt",32,3,0.0899594139678328
"442","D",5754,47.4228,"D11",12.4903495057393,"SKMEL5","plx","dmso-pt",32,3,-0.157783339913371
"443","D",4185,50.1033,"D11",12.0310119074377,"SKMEL5","plx","dmso-pt",32,3,-0.617120938214951
"444","D",4902,55.0403,"D11",12.2591547688668,"SKMEL5","plx","dmso-pt",32,3,-0.388978076785818
"445","D",4796,71.0417,"D11",12.2276159434142,"SKMEL5","plx","dmso-pt",32,3,-0.420516902238434
"446","D",4664,78.7686,"D11",12.1873520732005,"SKMEL5","plx","dmso-pt",32,3,-0.460780772452161
"447","D",3955,99.7039,"D11",11.9494619793602,"SKMEL5","plx","dmso-pt",32,3,-0.698670866292504
"451","E",3293,0,"E02",11.6851867965953,"SKMEL5","plx","plx-pt",0,1,0
"452","E",3200,3.3861,"E02",11.6438561897747,"SKMEL5","plx","plx-pt",0,1,-0.0413306068206225
"453","E",3538,6.2044,"E02",11.7887183326905,"SKMEL5","plx","plx-pt",0,1,0.10353153609511
"454","E",4797,22.5522,"E02",12.2279167242015,"SKMEL5","plx","plx-pt",0,1,0.542729927606141
"455","E",5048,30.5219,"E02",12.3014961949825,"SKMEL5","plx","plx-pt",0,1,0.616309398387202
"456","E",5665,36.0103,"E02",12.4678602407079,"SKMEL5","plx","plx-pt",0,1,0.782673444112531
"457","E",7084,47.4228,"E02",12.7903484967519,"SKMEL5","plx","plx-pt",0,1,1.10516170015657
"458","E",7160,50.1033,"E02",12.8057438721516,"SKMEL5","plx","plx-pt",0,1,1.12055707555627
"459","E",8713,55.0403,"E02",13.0889538278179,"SKMEL5","plx","plx-pt",0,1,1.40376703122256
"460","E",10862,71.0417,"E02",13.4070021479242,"SKMEL5","plx","plx-pt",0,1,1.72181535132885
"461","E",12342,78.7686,"E02",13.5912885792461,"SKMEL5","plx","plx-pt",0,1,1.90610178265074
"462","E",16696,99.7039,"E02",14.0272148851598,"SKMEL5","plx","plx-pt",0,1,2.34202808856449
"466","F",3610,0,"F02",11.8177831217745,"SKMEL5","plx","plx-pt",0,2,0
"467","F",3816,3.3861,"F02",11.8978454560055,"SKMEL5","plx","plx-pt",0,2,0.080062334230977
"468","F",4052,6.2044,"F02",11.9844184588011,"SKMEL5","plx","plx-pt",0,2,0.166635337026603
"469","F",5569,22.5522,"F02",12.443202577297,"SKMEL5","plx","plx-pt",0,2,0.625419455522477
"470","F",6291,30.5219,"F02",12.6190736468177,"SKMEL5","plx","plx-pt",0,2,0.801290525043214
"471","F",6923,36.0103,"F02",12.7571816328167,"SKMEL5","plx","plx-pt",0,2,0.939398511042182
"472","F",7896,47.4228,"F02",12.9469062744564,"SKMEL5","plx","plx-pt",0,2,1.12912315268186
"473","F",8619,50.1033,"F02",13.0733047782537,"SKMEL5","plx","plx-pt",0,2,1.25552165647915
"474","F",9719,55.0403,"F02",13.2465921654418,"SKMEL5","plx","plx-pt",0,2,1.4288090436673
"475","F",12356,71.0417,"F02",13.5929241556276,"SKMEL5","plx","plx-pt",0,2,1.7751410338531
"476","F",13423,78.7686,"F02",13.7124195251136,"SKMEL5","plx","plx-pt",0,2,1.89463640333907
"477","F",19238,99.7039,"F02",14.2316712025628,"SKMEL5","plx","plx-pt",0,2,2.41388808078825
"481","G",3231,0,"G02",11.6577650352654,"SKMEL5","plx","plx-pt",0,3,0
"482","G",3182,3.3861,"G02",11.635718120331,"SKMEL5","plx","plx-pt",0,3,-0.0220469149343163
"483","G",3716,6.2044,"G02",11.8595347863827,"SKMEL5","plx","plx-pt",0,3,0.20176975111729
"484","G",4909,22.5522,"G02",12.261213451366,"SKMEL5","plx","plx-pt",0,3,0.603448416100685
"485","G",5255,30.5219,"G02",12.3594750488495,"SKMEL5","plx","plx-pt",0,3,0.701710013584178
"486","G",6300,36.0103,"G02",12.6211361132746,"SKMEL5","plx","plx-pt",0,3,0.963371078009278
"487","G",7208,47.4228,"G02",12.8153832958135,"SKMEL5","plx","plx-pt",0,3,1.15761826054817
"488","G",7253,50.1033,"G02",12.8243621335695,"SKMEL5","plx","plx-pt",0,3,1.16659709830412
"489","G",7571,55.0403,"G02",12.886268152873,"SKMEL5","plx","plx-pt",0,3,1.2285031176076
"490","G",10311,71.0417,"G02",13.3318966370935,"SKMEL5","plx","plx-pt",0,3,1.67413160182809
"491","G",11918,78.7686,"G02",13.5408545321136,"SKMEL5","plx","plx-pt",0,3,1.88308949684827
"492","G",15815,99.7039,"G02",13.9490059354048,"SKMEL5","plx","plx-pt",0,3,2.29124090013939
"496","E",3575,0,"E03",11.8037275265531,"SKMEL5","plx","plx-pt",0.125,1,0
"497","E",3954,3.3861,"E03",11.9490971557292,"SKMEL5","plx","plx-pt",0.125,1,0.145369629176093
"498","E",3974,6.2044,"E03",11.9563761572497,"SKMEL5","plx","plx-pt",0.125,1,0.152648630696556
"499","E",5527,22.5522,"E03",12.4322808972142,"SKMEL5","plx","plx-pt",0.125,1,0.628553370661047
"500","E",6270,30.5219,"E03",12.6142497276894,"SKMEL5","plx","plx-pt",0.125,1,0.810522201136287
"501","E",6416,36.0103,"E03",12.6474584264549,"SKMEL5","plx","plx-pt",0.125,1,0.843730899901805
"502","E",7730,47.4228,"E03",12.9162526988122,"SKMEL5","plx","plx-pt",0.125,1,1.1125251722591
"503","E",7116,50.1033,"E03",12.7968507952672,"SKMEL5","plx","plx-pt",0.125,1,0.993123268714045
"504","E",8502,55.0403,"E03",13.0535865436392,"SKMEL5","plx","plx-pt",0.125,1,1.24985901708606
"505","E",9407,71.0417,"E03",13.1995189889988,"SKMEL5","plx","plx-pt",0.125,1,1.39579146244565
"506","E",12037,78.7686,"E03",13.5551882513459,"SKMEL5","plx","plx-pt",0.125,1,1.75146072479283
"507","E",16997,99.7039,"E03",14.0529925102032,"SKMEL5","plx","plx-pt",0.125,1,2.24926498365005
"511","F",3786,0,"F03",11.8864586957037,"SKMEL5","plx","plx-pt",0.125,2,0
"512","F",3994,3.3861,"F03",11.963618617444,"SKMEL5","plx","plx-pt",0.125,2,0.0771599217402663
"513","F",4205,6.2044,"F03",12.0378900851425,"SKMEL5","plx","plx-pt",0.125,2,0.151431389438802
"514","F",5861,22.5522,"F03",12.5169311219987,"SKMEL5","plx","plx-pt",0.125,2,0.630472426294991
"515","F",6574,30.5219,"F03",12.6825557410803,"SKMEL5","plx","plx-pt",0.125,2,0.796097045376605
"516","F",7000,36.0103,"F03",12.7731392067197,"SKMEL5","plx","plx-pt",0.125,2,0.886680511015985
"517","F",8144,47.4228,"F03",12.9915218460757,"SKMEL5","plx","plx-pt",0.125,2,1.10506315037199
"518","F",8049,50.1033,"F03",12.9745938399817,"SKMEL5","plx","plx-pt",0.125,2,1.08813514427797
"519","F",8354,55.0403,"F03",13.0282514281628,"SKMEL5","plx","plx-pt",0.125,2,1.14179273245909
"520","F",11026,71.0417,"F03",13.4286218860911,"SKMEL5","plx","plx-pt",0.125,2,1.54216319038741
"521","F",12190,78.7686,"F03",13.5734105055076,"SKMEL5","plx","plx-pt",0.125,2,1.68695180980387
"522","F",17148,99.7039,"F03",14.065752701817,"SKMEL5","plx","plx-pt",0.125,2,2.17929400611327
"526","G",4348,0,"G03",12.0861362250273,"SKMEL5","plx","plx-pt",0.125,3,0
"527","G",4865,3.3861,"G03",12.2482240896685,"SKMEL5","plx","plx-pt",0.125,3,0.162087864641165
"528","G",4665,6.2044,"G03",12.1876613657391,"SKMEL5","plx","plx-pt",0.125,3,0.101525140711813
"529","G",6683,22.5522,"G03",12.7062801588492,"SKMEL5","plx","plx-pt",0.125,3,0.620143933821852
"530","G",7408,30.5219,"G03",12.8548683832602,"SKMEL5","plx","plx-pt",0.125,3,0.768732158232927
"531","G",7854,36.0103,"G03",12.9392118826664,"SKMEL5","plx","plx-pt",0.125,3,0.853075657639089
"532","G",8979,47.4228,"G03",13.1323390642193,"SKMEL5","plx","plx-pt",0.125,3,1.04620283919195
"533","G",9296,50.1033,"G03",13.1823943534045,"SKMEL5","plx","plx-pt",0.125,3,1.09625812837722
"534","G",10130,55.0403,"G03",13.3063465536885,"SKMEL5","plx","plx-pt",0.125,3,1.22021032866119
"535","G",11770,71.0417,"G03",13.5228266999258,"SKMEL5","plx","plx-pt",0.125,3,1.4366904748985
"536","G",13782,78.7686,"G03",13.7504976420991,"SKMEL5","plx","plx-pt",0.125,3,1.66436141707177
"537","G",20058,99.7039,"G03",14.2918901403386,"SKMEL5","plx","plx-pt",0.125,3,2.20575391531125
"541","E",3904,0,"E04",11.9307373375629,"SKMEL5","plx","plx-pt",0.25,1,0
"542","E",3920,3.3861,"E04",11.9366379390026,"SKMEL5","plx","plx-pt",0.25,1,0.00590060143968429
"543","E",4070,6.2044,"E04",11.9908130791536,"SKMEL5","plx","plx-pt",0.25,1,0.0600757415907225
"544","E",5822,22.5522,"E04",12.5072991241228,"SKMEL5","plx","plx-pt",0.25,1,0.576561786559878
"545","E",6293,30.5219,"E04",12.6195322275721,"SKMEL5","plx","plx-pt",0.25,1,0.688794890009165
"546","E",6811,36.0103,"E04",12.7336509168387,"SKMEL5","plx","plx-pt",0.25,1,0.802913579275829
"547","E",7589,47.4228,"E04",12.8896940793821,"SKMEL5","plx","plx-pt",0.25,1,0.958956741819199
"548","E",7632,50.1033,"E04",12.8978454560055,"SKMEL5","plx","plx-pt",0.25,1,0.967108118442624
"549","E",8503,55.0403,"E04",13.0537562225621,"SKMEL5","plx","plx-pt",0.25,1,1.12301888499926
"550","E",9495,71.0417,"E04",13.2129522850369,"SKMEL5","plx","plx-pt",0.25,1,1.28221494747397
"551","E",10708,78.7686,"E04",13.3864014236408,"SKMEL5","plx","plx-pt",0.25,1,1.45566408607789
"552","E",14522,99.7039,"E04",13.8259525375237,"SKMEL5","plx","plx-pt",0.25,1,1.89521519996084
"556","F",4181,0,"F04",12.0296323280441,"SKMEL5","plx","plx-pt",0.25,2,0
"557","F",4298,3.3861,"F04",12.0694497674278,"SKMEL5","plx","plx-pt",0.25,2,0.039817439383647
"558","F",4772,6.2044,"F04",12.2203783276952,"SKMEL5","plx","plx-pt",0.25,2,0.190745999651091
"559","F",6294,22.5522,"F04",12.6197614632984,"SKMEL5","plx","plx-pt",0.25,2,0.590129135254287
"560","F",6553,30.5219,"F04",12.6779398163901,"SKMEL5","plx","plx-pt",0.25,2,0.648307488346004
"561","F",7385,36.0103,"F04",12.8503822056522,"SKMEL5","plx","plx-pt",0.25,2,0.820749877608014
"562","F",8359,47.4228,"F04",13.029114645469,"SKMEL5","plx","plx-pt",0.25,2,0.999482317424903
"563","F",8203,50.1033,"F04",13.0019359131236,"SKMEL5","plx","plx-pt",0.25,2,0.972303585079505
"564","F",8657,55.0403,"F04",13.0796514441448,"SKMEL5","plx","plx-pt",0.25,2,1.05001911610065
"565","F",10516,71.0417,"F04",13.360298426618,"SKMEL5","plx","plx-pt",0.25,2,1.33066609857391
"566","F",12275,78.7686,"F04",13.5834354040894,"SKMEL5","plx","plx-pt",0.25,2,1.55380307604528
"567","F",14924,99.7039,"F04",13.8653466448168,"SKMEL5","plx","plx-pt",0.25,2,1.83571431677264
"571","G",4167,0,"G04",12.0247933847025,"SKMEL5","plx","plx-pt",0.25,3,0
"572","G",4102,3.3861,"G04",12.0021117764799,"SKMEL5","plx","plx-pt",0.25,3,-0.0226816082226957
"573","G",4508,6.2044,"G04",12.1382718001722,"SKMEL5","plx","plx-pt",0.25,3,0.113478415469674
"574","G",6009,22.5522,"G04",12.5529092065339,"SKMEL5","plx","plx-pt",0.25,3,0.528115821831316
"575","G",6353,30.5219,"G04",12.6332223038008,"SKMEL5","plx","plx-pt",0.25,3,0.608428919098241
"576","G",6914,36.0103,"G04",12.7553048882624,"SKMEL5","plx","plx-pt",0.25,3,0.730511503559852
"577","G",8283,47.4228,"G04",13.0159376733092,"SKMEL5","plx","plx-pt",0.25,3,0.991144288606678
"578","G",7631,50.1033,"G04",12.8976564112511,"SKMEL5","plx","plx-pt",0.25,3,0.872863026548597
"579","G",8342,55.0403,"G04",13.0261775968892,"SKMEL5","plx","plx-pt",0.25,3,1.00138421218668
"580","G",10424,71.0417,"G04",13.3476213685681,"SKMEL5","plx","plx-pt",0.25,3,1.32282798386559
"581","G",11529,78.7686,"G04",13.492979761784,"SKMEL5","plx","plx-pt",0.25,3,1.46818637708141
"582","G",15283,99.7039,"G04",13.8996401467648,"SKMEL5","plx","plx-pt",0.25,3,1.87484676206224
"586","E",3470,0,"E05",11.7607199474656,"SKMEL5","plx","plx-pt",0.5,1,0
"587","E",3739,3.3861,"E05",11.8684367558582,"SKMEL5","plx","plx-pt",0.5,1,0.107716808392544
"588","E",3966,6.2044,"E05",11.9534689622288,"SKMEL5","plx","plx-pt",0.5,1,0.192749014763224
"589","E",4995,22.5522,"E05",12.2862689626798,"SKMEL5","plx","plx-pt",0.5,1,0.525549015214157
"590","E",5462,30.5219,"E05",12.4152135987653,"SKMEL5","plx","plx-pt",0.5,1,0.654493651299662
"591","E",5710,36.0103,"E05",12.4792750302502,"SKMEL5","plx","plx-pt",0.5,1,0.718555082784581
"592","E",6154,47.4228,"E05",12.5873087283335,"SKMEL5","plx","plx-pt",0.5,1,0.826588780867921
"593","E",6396,50.1033,"E05",12.6429542234803,"SKMEL5","plx","plx-pt",0.5,1,0.882234276014708
"594","E",6961,55.0403,"E05",12.7650788596167,"SKMEL5","plx","plx-pt",0.5,1,1.00435891215106
"595","E",8413,71.0417,"E05",13.0384046289419,"SKMEL5","plx","plx-pt",0.5,1,1.27768468147627
"596","E",9211,78.7686,"E05",13.169142076888,"SKMEL5","plx","plx-pt",0.5,1,1.40842212942234
"597","E",11719,99.7039,"E05",13.5165618472112,"SKMEL5","plx","plx-pt",0.5,1,1.75584189974562
"601","F",4200,0,"F05",12.0361736125535,"SKMEL5","plx","plx-pt",0.5,2,0
"602","F",4547,3.3861,"F05",12.1506992887445,"SKMEL5","plx","plx-pt",0.5,2,0.114525676191056
"603","F",4839,6.2044,"F05",12.2404932238768,"SKMEL5","plx","plx-pt",0.5,2,0.204319611323314
"604","F",6286,22.5522,"F05",12.6179265567988,"SKMEL5","plx","plx-pt",0.5,2,0.581752944245267
"605","F",6687,30.5219,"F05",12.7071434019809,"SKMEL5","plx","plx-pt",0.5,2,0.670969789427424
"606","F",7029,36.0103,"F05",12.7791037395843,"SKMEL5","plx","plx-pt",0.5,2,0.742930127030807
"607","F",7996,47.4228,"F05",12.9650627567446,"SKMEL5","plx","plx-pt",0.5,2,0.928889144191142
"608","F",7750,50.1033,"F05",12.919980595049,"SKMEL5","plx","plx-pt",0.5,2,0.883806982495477
"609","F",8413,55.0403,"F05",13.0384046289419,"SKMEL5","plx","plx-pt",0.5,2,1.00223101638841
"610","F",9686,71.0417,"F05",13.2416852876016,"SKMEL5","plx","plx-pt",0.5,2,1.20551167504814
"611","F",10668,78.7686,"F05",13.3810021095509,"SKMEL5","plx","plx-pt",0.5,2,1.34482849699744
"612","F",13531,99.7039,"F05",13.7239808442688,"SKMEL5","plx","plx-pt",0.5,2,1.68780723171536
"616","G",4159,0,"G05",12.0220209696464,"SKMEL5","plx","plx-pt",0.5,3,0
"617","G",4414,3.3861,"G05",12.1078709142796,"SKMEL5","plx","plx-pt",0.5,3,0.0858499446332583
"618","G",4630,6.2044,"G05",12.1767964781476,"SKMEL5","plx","plx-pt",0.5,3,0.154775508501244
"619","G",6178,22.5522,"G05",12.5929241556276,"SKMEL5","plx","plx-pt",0.5,3,0.570903185981281
"620","G",6649,30.5219,"G05",12.6989216623398,"SKMEL5","plx","plx-pt",0.5,3,0.676900692693456
"621","G",7002,36.0103,"G05",12.7735513464285,"SKMEL5","plx","plx-pt",0.5,3,0.751530376782149
"622","G",7823,47.4228,"G05",12.9335062496294,"SKMEL5","plx","plx-pt",0.5,3,0.911485279983088
"623","G",7460,50.1033,"G05",12.8649599151426,"SKMEL5","plx","plx-pt",0.5,3,0.842938945496245
"624","G",8002,55.0403,"G05",12.9661449133456,"SKMEL5","plx","plx-pt",0.5,3,0.944123943699246
"625","G",9516,71.0417,"G05",13.2161395564251,"SKMEL5","plx","plx-pt",0.5,3,1.19411858677878
"626","G",10652,78.7686,"G05",13.3788367132106,"SKMEL5","plx","plx-pt",0.5,3,1.35681574356426
"627","G",13261,99.7039,"G05",13.6949019514286,"SKMEL5","plx","plx-pt",0.5,3,1.6728809817822
"631","E",3793,0,"E06",11.8891236562942,"SKMEL5","plx","plx-pt",1,1,0
"632","E",3811,3.3861,"E06",11.8959538928122,"SKMEL5","plx","plx-pt",1,1,0.00683023651792958
"633","E",4096,6.2044,"E06",12,"SKMEL5","plx","plx-pt",1,1,0.110876343705762
"634","E",5197,22.5522,"E06",12.3434633436679,"SKMEL5","plx","plx-pt",1,1,0.454339687373665
"635","E",5486,30.5219,"E06",12.4215389068483,"SKMEL5","plx","plx-pt",1,1,0.532415250554038
"636","E",5434,36.0103,"E06",12.407798850222,"SKMEL5","plx","plx-pt",1,1,0.518675193927736
"637","E",6240,47.4228,"E06",12.6073303137496,"SKMEL5","plx","plx-pt",1,1,0.718206657455372
"638","E",6048,50.1033,"E06",12.5622424242211,"SKMEL5","plx","plx-pt",1,1,0.673118767926834
"639","E",6097,55.0403,"E06",12.5738838306565,"SKMEL5","plx","plx-pt",1,1,0.68476017436223
"640","E",7626,71.0417,"E06",12.8967108157261,"SKMEL5","plx","plx-pt",1,1,1.00758715943188
"641","E",8376,78.7686,"E06",13.0320457269308,"SKMEL5","plx","plx-pt",1,1,1.14292207063657
"642","E",9762,99.7039,"E06",13.2529610363937,"SKMEL5","plx","plx-pt",1,1,1.36383738009945
"646","F",3913,0,"F06",11.9340593949008,"SKMEL5","plx","plx-pt",1,2,0
"647","F",3956,3.3861,"F06",11.9498267107591,"SKMEL5","plx","plx-pt",1,2,0.0157673158583158
"648","F",4418,6.2044,"F06",12.1091777033553,"SKMEL5","plx","plx-pt",1,2,0.175118308454481
"649","F",5543,22.5522,"F06",12.436451292287,"SKMEL5","plx","plx-pt",1,2,0.502391897386181
"650","F",5689,30.5219,"F06",12.4739593656948,"SKMEL5","plx","plx-pt",1,2,0.539899970793966
"651","F",5915,36.0103,"F06",12.5301624532272,"SKMEL5","plx","plx-pt",1,2,0.596103058326356
"652","F",6436,47.4228,"F06",12.6519486107234,"SKMEL5","plx","plx-pt",1,2,0.717889215822652
"653","F",6429,50.1033,"F06",12.6503786353977,"SKMEL5","plx","plx-pt",1,2,0.71631924049691
"654","F",6929,55.0403,"F06",12.7584314409003,"SKMEL5","plx","plx-pt",1,2,0.824372045999473
"655","F",7533,71.0417,"F06",12.8790088139927,"SKMEL5","plx","plx-pt",1,2,0.944949419091861
"656","F",8449,78.7686,"F06",13.0445648828126,"SKMEL5","plx","plx-pt",1,2,1.11050548791183
"657","F",10798,99.7039,"F06",13.3984765014493,"SKMEL5","plx","plx-pt",1,2,1.46441710654846
"661","G",4040,0,"G06",11.9801395776392,"SKMEL5","plx","plx-pt",1,3,0
"662","G",4194,3.3861,"G06",12.0341111460966,"SKMEL5","plx","plx-pt",1,3,0.0539715684574347
"663","G",4524,6.2044,"G06",12.1433832139898,"SKMEL5","plx","plx-pt",1,3,0.163243636350662
"664","G",5846,22.5522,"G06",12.5132341138061,"SKMEL5","plx","plx-pt",1,3,0.533094536166896
"665","G",5891,30.5219,"G06",12.5242968376626,"SKMEL5","plx","plx-pt",1,3,0.544157260023468
"666","G",6138,36.0103,"G06",12.5835529304665,"SKMEL5","plx","plx-pt",1,3,0.603413352827328
"667","G",6625,47.4228,"G06",12.6937047392253,"SKMEL5","plx","plx-pt",1,3,0.713565161586128
"668","G",6436,50.1033,"G06",12.6519486107234,"SKMEL5","plx","plx-pt",1,3,0.671809033084289
"669","G",6712,55.0403,"G06",12.7125270004398,"SKMEL5","plx","plx-pt",1,3,0.732387422800667
"670","G",8006,71.0417,"G06",12.9668659003875,"SKMEL5","plx","plx-pt",1,3,0.986726322748382
"671","G",8919,78.7686,"G06",13.1226662486288,"SKMEL5","plx","plx-pt",1,3,1.14252667098964
"672","G",10962,99.7039,"G06",13.4202234193486,"SKMEL5","plx","plx-pt",1,3,1.44008384170949
"676","E",3292,0,"E07",11.6847486204216,"SKMEL5","plx","plx-pt",2,1,0
"677","E",3528,3.3861,"E07",11.7846348455575,"SKMEL5","plx","plx-pt",2,1,0.0998862251358954
"678","E",3621,6.2044,"E07",11.8221724614762,"SKMEL5","plx","plx-pt",2,1,0.137423841054552
"679","E",4298,22.5522,"E07",12.0694497674278,"SKMEL5","plx","plx-pt",2,1,0.384701147006158
"680","E",4359,30.5219,"E07",12.089781488354,"SKMEL5","plx","plx-pt",2,1,0.405032867932372
"681","E",4493,36.0103,"E07",12.1334633465234,"SKMEL5","plx","plx-pt",2,1,0.448714726101812
"682","E",4710,47.4228,"E07",12.2015113445001,"SKMEL5","plx","plx-pt",2,1,0.51676272407852
"683","E",4583,50.1033,"E07",12.1620765703743,"SKMEL5","plx","plx-pt",2,1,0.477327949952686
"684","E",5065,55.0403,"E07",12.3063465536885,"SKMEL5","plx","plx-pt",2,1,0.621597933266875
"685","E",5613,71.0417,"E07",12.4545563439619,"SKMEL5","plx","plx-pt",2,1,0.769807723540314
"686","E",6074,78.7686,"E07",12.5684311931675,"SKMEL5","plx","plx-pt",2,1,0.883682572745833
"687","E",7338,99.7039,"E07",12.8411711892485,"SKMEL5","plx","plx-pt",2,1,1.15642256882692
"691","F",4186,0,"F07",12.0313565962557,"SKMEL5","plx","plx-pt",2,2,0
"692","F",4219,3.3861,"F07",12.0426853722194,"SKMEL5","plx","plx-pt",2,2,0.0113287759636425
"693","F",4594,6.2044,"F07",12.1655351413779,"SKMEL5","plx","plx-pt",2,2,0.134178545122216
"694","F",5653,22.5522,"F07",12.4648009816554,"SKMEL5","plx","plx-pt",2,2,0.433444385399708
"695","F",5500,30.5219,"F07",12.4252159032994,"SKMEL5","plx","plx-pt",2,2,0.393859307043675
"696","F",5554,36.0103,"F07",12.4393114618188,"SKMEL5","plx","plx-pt",2,2,0.407954865563138
"697","F",5900,47.4228,"F07",12.5264992391366,"SKMEL5","plx","plx-pt",2,2,0.495142642880857
"698","F",5843,50.1033,"F07",12.512493573945,"SKMEL5","plx","plx-pt",2,2,0.48113697768933
"699","F",6394,55.0403,"F07",12.6425030287805,"SKMEL5","plx","plx-pt",2,2,0.611146432524812
"700","F",7308,71.0417,"F07",12.8352609186275,"SKMEL5","plx","plx-pt",2,2,0.80390432237178
"701","F",7822,78.7686,"F07",12.9333218207329,"SKMEL5","plx","plx-pt",2,2,0.901965224477237
"702","F",9523,99.7039,"F07",13.2172004173675,"SKMEL5","plx","plx-pt",2,2,1.18584382111184
"706","G",4496,0,"G07",12.1344263202209,"SKMEL5","plx","plx-pt",2,3,0
"707","G",4587,3.3861,"G07",12.163335192082,"SKMEL5","plx","plx-pt",2,3,0.0289088718610344
"708","G",4983,6.2044,"G07",12.2827988586835,"SKMEL5","plx","plx-pt",2,3,0.148372538462606
"709","G",6195,22.5522,"G07",12.596888567028,"SKMEL5","plx","plx-pt",2,3,0.462462246807037
"710","G",6115,30.5219,"G07",12.5781367834147,"SKMEL5","plx","plx-pt",2,3,0.443710463193822
"711","G",6126,36.0103,"G07",12.580729651599,"SKMEL5","plx","plx-pt",2,3,0.446303331378031
"712","G",6439,47.4228,"G07",12.6526209346382,"SKMEL5","plx","plx-pt",2,3,0.518194614417238
"713","G",5883,50.1033,"G07",12.5223363209133,"SKMEL5","plx","plx-pt",2,3,0.387910000692379
"714","G",6229,55.0403,"G07",12.6047848570864,"SKMEL5","plx","plx-pt",2,3,0.470358536865493
"715","G",7270,71.0417,"G07",12.827739648807,"SKMEL5","plx","plx-pt",2,3,0.693313328586029
"716","G",7985,78.7686,"G07",12.9630766922986,"SKMEL5","plx","plx-pt",2,3,0.828650372077668
"717","G",9823,99.7039,"G07",13.2619479837585,"SKMEL5","plx","plx-pt",2,3,1.12752166353759
"721","E",3658,0,"E08",11.8368393597487,"SKMEL5","plx","plx-pt",4,1,0
"722","E",3690,3.3861,"E08",11.8494051009478,"SKMEL5","plx","plx-pt",4,1,0.0125657411990421
"723","E",3977,6.2044,"E08",11.9574648468052,"SKMEL5","plx","plx-pt",4,1,0.120625487056495
"724","E",4531,22.5522,"E08",12.1456137755134,"SKMEL5","plx","plx-pt",4,1,0.308774415764674
"725","E",4316,30.5219,"E08",12.075479149488,"SKMEL5","plx","plx-pt",4,1,0.238639789739301
"726","E",4188,36.0103,"E08",12.0320457269308,"SKMEL5","plx","plx-pt",4,1,0.195206367182093
"727","E",4566,47.4228,"E08",12.1567151442247,"SKMEL5","plx","plx-pt",4,1,0.319875784475986
"728","E",4228,50.1033,"E08",12.0457596613827,"SKMEL5","plx","plx-pt",4,1,0.208920301633967
"729","E",4721,55.0403,"E08",12.204876767604,"SKMEL5","plx","plx-pt",4,1,0.368037407855278
"730","E",5343,71.0417,"E08",12.3834343018228,"SKMEL5","plx","plx-pt",4,1,0.54659494207406
"731","E",5554,78.7686,"E08",12.4393114618188,"SKMEL5","plx","plx-pt",4,1,0.602472102070131
"732","E",6333,99.7039,"E08",12.6286733640683,"SKMEL5","plx","plx-pt",4,1,0.791834004319597
"736","F",3978,0,"F08",11.9578275608337,"SKMEL5","plx","plx-pt",4,2,0
"737","F",4254,3.3861,"F08",12.0546043179607,"SKMEL5","plx","plx-pt",4,2,0.0967767571269285
"738","F",4555,6.2044,"F08",12.1532353386894,"SKMEL5","plx","plx-pt",4,2,0.195407777855669
"739","F",5190,22.5522,"F08",12.3415188232452,"SKMEL5","plx","plx-pt",4,2,0.383691262411499
"740","F",4895,30.5219,"F08",12.2570931444911,"SKMEL5","plx","plx-pt",4,2,0.299265583657313
"741","F",4736,36.0103,"F08",12.2094533656289,"SKMEL5","plx","plx-pt",4,2,0.251625804795205
"742","F",5022,47.4228,"F08",12.2940463132715,"SKMEL5","plx","plx-pt",4,2,0.336218752437755
"743","F",4785,50.1033,"F08",12.2243032093734,"SKMEL5","plx","plx-pt",4,2,0.266475648539645
"744","F",5446,55.0403,"F08",12.4109812670438,"SKMEL5","plx","plx-pt",4,2,0.453153706210053
"745","F",5946,71.0417,"F08",12.5377037479076,"SKMEL5","plx","plx-pt",4,2,0.5798761870739
"746","F",6458,78.7686,"F08",12.656871725614,"SKMEL5","plx","plx-pt",4,2,0.699044164780236
"747","F",7557,99.7039,"F08",12.8835979074554,"SKMEL5","plx","plx-pt",4,2,0.925770346621654
"751","G",4162,0,"G08",12.0230612497353,"SKMEL5","plx","plx-pt",4,3,0
"752","G",4443,3.3861,"G08",12.11731842601,"SKMEL5","plx","plx-pt",4,3,0.0942571762746685
"753","G",4729,6.2044,"G08",12.2073194264578,"SKMEL5","plx","plx-pt",4,3,0.184258176722469
"754","G",5606,22.5522,"G08",12.4527560290325,"SKMEL5","plx","plx-pt",4,3,0.42969477929716
"755","G",5338,30.5219,"G08",12.382083590142,"SKMEL5","plx","plx-pt",4,3,0.359022340406632
"756","G",5376,36.0103,"G08",12.3923174227788,"SKMEL5","plx","plx-pt",4,3,0.369256173043425
"757","G",5424,47.4228,"G08",12.4051414631363,"SKMEL5","plx","plx-pt",4,3,0.382080213401009
"758","G",4865,50.1033,"G08",12.2482240896685,"SKMEL5","plx","plx-pt",4,3,0.225162839933139
"759","G",5160,55.0403,"G08",12.3331553503106,"SKMEL5","plx","plx-pt",4,3,0.310094100575281
"760","G",5796,71.0417,"G08",12.5008418795569,"SKMEL5","plx","plx-pt",4,3,0.477780629821595
"761","G",6269,78.7686,"G08",12.6140196144357,"SKMEL5","plx","plx-pt",4,3,0.590958364700386
"762","G",7318,99.7039,"G08",12.8372337003391,"SKMEL5","plx","plx-pt",4,3,0.814172450603753
"766","E",3845,0,"E09",11.9087678828492,"SKMEL5","plx","plx-pt",8,1,0
"767","E",4156,3.3861,"E09",12.0209799389042,"SKMEL5","plx","plx-pt",8,1,0.112212056055023
"768","E",4252,6.2044,"E09",12.0539258815311,"SKMEL5","plx","plx-pt",8,1,0.145157998681917
"769","E",4574,22.5522,"E09",12.1592406504117,"SKMEL5","plx","plx-pt",8,1,0.250472767562485
"770","E",4389,30.5219,"E09",12.0996765548596,"SKMEL5","plx","plx-pt",8,1,0.190908672010455
"771","E",4023,36.0103,"E09",11.9740560226256,"SKMEL5","plx","plx-pt",8,1,0.0652881397764418
"772","E",4025,47.4228,"E09",11.9747730678893,"SKMEL5","plx","plx-pt",8,1,0.0660051850401526
"773","E",3808,50.1033,"E09",11.8948177633079,"SKMEL5","plx","plx-pt",8,1,-0.0139501195412457
"774","E",4361,55.0403,"E09",12.0904432750816,"SKMEL5","plx","plx-pt",8,1,0.181675392232417
"775","E",4440,71.0417,"E09",12.1163439612375,"SKMEL5","plx","plx-pt",8,1,0.20757607838828
"776","E",4856,78.7686,"E09",12.2455527062557,"SKMEL5","plx","plx-pt",8,1,0.336784823406493
"777","E",5453,99.7039,"E09",12.4128344401193,"SKMEL5","plx","plx-pt",8,1,0.504066557270084
"781","F",4148,0,"F09",12.0182001788132,"SKMEL5","plx","plx-pt",8,2,0
"782","F",4333,3.3861,"F09",12.0811505212719,"SKMEL5","plx","plx-pt",8,2,0.0629503424586435
"783","F",4481,6.2044,"F09",12.1296050111525,"SKMEL5","plx","plx-pt",8,2,0.111404832339279
"784","F",4949,22.5522,"F09",12.272921326867,"SKMEL5","plx","plx-pt",8,2,0.254721148053777
"785","F",4611,30.5219,"F09",12.1708639504119,"SKMEL5","plx","plx-pt",8,2,0.152663771598702
"786","F",4307,36.0103,"F09",12.0724676082419,"SKMEL5","plx","plx-pt",8,2,0.0542674294286325
"787","F",4382,47.4228,"F09",12.0973737689902,"SKMEL5","plx","plx-pt",8,2,0.0791735901769961
"788","F",3942,50.1033,"F09",11.9447120610435,"SKMEL5","plx","plx-pt",8,2,-0.07348811776974
"789","F",4326,55.0403,"F09",12.078817949962,"SKMEL5","plx","plx-pt",8,2,0.0606177711487526
"790","F",4444,71.0417,"F09",12.1176431013891,"SKMEL5","plx","plx-pt",8,2,0.0994429225758662
"791","F",4684,78.7686,"F09",12.1935253605012,"SKMEL5","plx","plx-pt",8,2,0.17532518168799
"792","F",5272,99.7039,"F09",12.3641346550081,"SKMEL5","plx","plx-pt",8,2,0.345934476194826
"796","G",4062,0,"G09",11.9879745242962,"SKMEL5","plx","plx-pt",8,3,0
"797","G",4341,3.3861,"G09",12.0838117072529,"SKMEL5","plx","plx-pt",8,3,0.0958371829567284
"798","G",4437,6.2044,"G09",12.1153688378202,"SKMEL5","plx","plx-pt",8,3,0.127394313524071
"799","G",4795,22.5522,"G09",12.2273150999055,"SKMEL5","plx","plx-pt",8,3,0.23934057560934
"800","G",4443,30.5219,"G09",12.11731842601,"SKMEL5","plx","plx-pt",8,3,0.129343901713851
"801","G",4313,36.0103,"G09",12.0744760007345,"SKMEL5","plx","plx-pt",8,3,0.0865014764383485
"802","G",4298,47.4228,"G09",12.0694497674278,"SKMEL5","plx","plx-pt",8,3,0.0814752431316315
"803","G",3767,50.1033,"G09",11.8792003179474,"SKMEL5","plx","plx-pt",8,3,-0.108774206348761
"804","G",4093,55.0403,"G09",11.9989429514431,"SKMEL5","plx","plx-pt",8,3,0.010968427146933
"805","G",4278,71.0417,"G09",12.062720767165,"SKMEL5","plx","plx-pt",8,3,0.0747462428688923
"806","G",4504,78.7686,"G09",12.1369911120802,"SKMEL5","plx","plx-pt",8,3,0.149016587784077
"807","G",5028,99.7039,"G09",12.2957689344205,"SKMEL5","plx","plx-pt",8,3,0.307794410124355
"811","E",3609,0,"E10",11.8173834278972,"SKMEL5","plx","plx-pt",16,1,0
"812","E",3812,3.3861,"E10",11.8963324039099,"SKMEL5","plx","plx-pt",16,1,0.0789489760127093
"813","E",3886,6.2044,"E10",11.9240701855853,"SKMEL5","plx","plx-pt",16,1,0.106686757688113
"814","E",4002,22.5522,"E10",11.9665054519057,"SKMEL5","plx","plx-pt",16,1,0.149122024008509
"815","E",3727,30.5219,"E10",11.8637991037288,"SKMEL5","plx","plx-pt",16,1,0.0464156758316179
"816","E",3442,36.0103,"E10",11.7490313820402,"SKMEL5","plx","plx-pt",16,1,-0.0683520458570275
"817","E",3163,47.4228,"E10",11.6270778405174,"SKMEL5","plx","plx-pt",16,1,-0.190305587379838
"818","E",2755,50.1033,"E10",11.4278366034585,"SKMEL5","plx","plx-pt",16,1,-0.389546824438712
"819","E",3296,55.0403,"E10",11.6865005271832,"SKMEL5","plx","plx-pt",16,1,-0.130882900714013
"820","E",3294,71.0417,"E10",11.6856248397264,"SKMEL5","plx","plx-pt",16,1,-0.131758588170877
"821","E",3473,78.7686,"E10",11.7619666953821,"SKMEL5","plx","plx-pt",16,1,-0.0554167325151393
"822","E",3517,99.7039,"E10",11.7801296196253,"SKMEL5","plx","plx-pt",16,1,-0.0372538082719256
"826","F",4486,0,"F10",12.1312139050863,"SKMEL5","plx","plx-pt",16,2,0
"827","F",4649,3.3861,"F10",12.182704710519,"SKMEL5","plx","plx-pt",16,2,0.0514908054326924
"828","F",4848,6.2044,"F10",12.243173983473,"SKMEL5","plx","plx-pt",16,2,0.11196007838668
"829","F",4900,22.5522,"F10",12.2585660338899,"SKMEL5","plx","plx-pt",16,2,0.127352128803661
"830","F",4695,30.5219,"F10",12.1969094425411,"SKMEL5","plx","plx-pt",16,2,0.0656955374548662
"831","F",4270,36.0103,"F10",12.0600203545079,"SKMEL5","plx","plx-pt",16,2,-0.0711935505784194
"832","F",4115,47.4228,"F10",12.006676715309,"SKMEL5","plx","plx-pt",16,2,-0.124537189777284
"833","F",3304,50.1033,"F10",11.6899979714194,"SKMEL5","plx","plx-pt",16,2,-0.441215933666825
"834","F",3634,55.0403,"F10",11.8273427042341,"SKMEL5","plx","plx-pt",16,2,-0.303871200852155
"835","F",3640,71.0417,"F10",11.8297227350861,"SKMEL5","plx","plx-pt",16,2,-0.301491170000213
"836","F",3711,78.7686,"F10",11.8575922856975,"SKMEL5","plx","plx-pt",16,2,-0.273621619388745
"837","F",3996,99.7039,"F10",11.9643408677924,"SKMEL5","plx","plx-pt",16,2,-0.166873037293854
"841","G",4262,0,"G10",12.0573148777827,"SKMEL5","plx","plx-pt",16,3,0
"842","G",4456,3.3861,"G10",12.12153351734,"SKMEL5","plx","plx-pt",16,3,0.0642186395573283
"843","G",4541,6.2044,"G10",12.1487943214243,"SKMEL5","plx","plx-pt",16,3,0.0914794436416315
"844","G",4763,22.5522,"G10",12.217654833364,"SKMEL5","plx","plx-pt",16,3,0.160339955581319
"845","G",4503,30.5219,"G10",12.1366707623418,"SKMEL5","plx","plx-pt",16,3,0.079355884559142
"846","G",4125,36.0103,"G10",12.0101784040205,"SKMEL5","plx","plx-pt",16,3,-0.047136473762162
"847","G",4069,47.4228,"G10",11.9904585650737,"SKMEL5","plx","plx-pt",16,3,-0.0668563127089925
"848","G",3417,50.1033,"G10",11.7385145324293,"SKMEL5","plx","plx-pt",16,3,-0.318800345353436
"849","G",3695,55.0403,"G10",11.8513586490335,"SKMEL5","plx","plx-pt",16,3,-0.205956228749191
"850","G",3897,71.0417,"G10",11.928148216169,"SKMEL5","plx","plx-pt",16,3,-0.129166661613667
"851","G",3947,78.7686,"G10",11.9465408038931,"SKMEL5","plx","plx-pt",16,3,-0.110774073889599
"852","G",4260,99.7039,"G10",12.0566377151132,"SKMEL5","plx","plx-pt",16,3,-0.000677162669502351
"856","E",3859,0,"E11",11.9140113285413,"SKMEL5","plx","plx-pt",32,1,0
"857","E",3938,3.3861,"E11",11.9432473959016,"SKMEL5","plx","plx-pt",32,1,0.0292360673602978
"858","E",3848,6.2044,"E11",11.90989308377,"SKMEL5","plx","plx-pt",32,1,-0.00411824477121314
"859","E",4302,22.5522,"E11",12.0707918094231,"SKMEL5","plx","plx-pt",32,1,0.156780480881807
"860","E",3893,30.5219,"E11",11.9266666293473,"SKMEL5","plx","plx-pt",32,1,0.0126553008060277
"861","E",3506,36.0103,"E11",11.7756102807595,"SKMEL5","plx","plx-pt",32,1,-0.138401047781716
"862","E",3239,47.4228,"E11",11.6613327527952,"SKMEL5","plx","plx-pt",32,1,-0.252678575746069
"863","E",2749,50.1033,"E11",11.424691191513,"SKMEL5","plx","plx-pt",32,1,-0.489320137028301
"864","E",3302,55.0403,"E11",11.6891244049133,"SKMEL5","plx","plx-pt",32,1,-0.224886923627997
"865","E",2943,71.0417,"E11",11.5230718269404,"SKMEL5","plx","plx-pt",32,1,-0.39093950160086
"866","E",3094,78.7686,"E11",11.595257481449,"SKMEL5","plx","plx-pt",32,1,-0.31875384709222
"867","E",2800,99.7039,"E11",11.4512111118323,"SKMEL5","plx","plx-pt",32,1,-0.462800216708926
"871","F",3856,0,"F11",11.91288933623,"SKMEL5","plx","plx-pt",32,2,0
"872","F",3943,3.3861,"F11",11.9450779951078,"SKMEL5","plx","plx-pt",32,2,0.032188658877855
"873","F",4093,6.2044,"F11",11.9989429514431,"SKMEL5","plx","plx-pt",32,2,0.0860536152131246
"874","F",4200,22.5522,"F11",12.0361736125535,"SKMEL5","plx","plx-pt",32,2,0.123284276323524
"875","F",3840,30.5219,"F11",11.9068905956085,"SKMEL5","plx","plx-pt",32,2,-0.00599874062144323
"876","F",3690,36.0103,"F11",11.8494051009478,"SKMEL5","plx","plx-pt",32,2,-0.0634842352822034
"877","F",3251,47.4228,"F11",11.6666678406904,"SKMEL5","plx","plx-pt",32,2,-0.246221495539606
"878","F",2589,50.1033,"F11",11.3381792499001,"SKMEL5","plx","plx-pt",32,2,-0.57471008632985
"879","F",2812,55.0403,"F11",11.4573808790725,"SKMEL5","plx","plx-pt",32,2,-0.455508457157427
"880","F",2773,71.0417,"F11",11.4372319010395,"SKMEL5","plx","plx-pt",32,2,-0.475657435190483
"881","F",2718,78.7686,"F11",11.4083297407674,"SKMEL5","plx","plx-pt",32,2,-0.50455959546257
"882","F",2538,99.7039,"F11",11.3094763538411,"SKMEL5","plx","plx-pt",32,2,-0.603412982388855
"886","G",3941,0,"G11",11.9443460341378,"SKMEL5","plx","plx-pt",32,3,0
"887","G",4191,3.3861,"G11",12.0330788061306,"SKMEL5","plx","plx-pt",32,3,0.0887327719927864
"888","G",4294,6.2044,"G11",12.0681064758588,"SKMEL5","plx","plx-pt",32,3,0.12376044172094
"889","G",4534,22.5522,"G11",12.1465686757408,"SKMEL5","plx","plx-pt",32,3,0.202222641602953
"890","G",4081,30.5219,"G11",11.9947069952581,"SKMEL5","plx","plx-pt",32,3,0.0503609611202673
"891","G",3900,36.0103,"G11",11.929258408637,"SKMEL5","plx","plx-pt",32,3,-0.0150876255008612
"892","G",3536,47.4228,"G11",11.7879025593914,"SKMEL5","plx","plx-pt",32,3,-0.156443474746402
"893","G",2649,50.1033,"G11",11.3712321283696,"SKMEL5","plx","plx-pt",32,3,-0.573113905768212
"894","G",2956,55.0403,"G11",11.5294305541462,"SKMEL5","plx","plx-pt",32,3,-0.414915479991683
"895","G",2902,71.0417,"G11",11.5028318040667,"SKMEL5","plx","plx-pt",32,3,-0.441514230071089
"896","G",2844,78.7686,"G11",11.4737057496194,"SKMEL5","plx","plx-pt",32,3,-0.470640284518417
"897","G",2688,99.7039,"G11",11.3923174227788,"SKMEL5","plx","plx-pt",32,3,-0.552028611359074
"901","F",1407,0,"F02",10.4584066132365,"SKMEL5","plx","dmso-pt",0,1,0
"902","F",1923,13.6606,"F02",10.9091430473399,"SKMEL5","plx","dmso-pt",0,1,0.450736434103366
"903","F",2481,22.1131,"F02",11.2767060198924,"SKMEL5","plx","dmso-pt",0,1,0.8182994066559
"904","F",2022,24.575,"F02",10.981567281903,"SKMEL5","plx","dmso-pt",0,1,0.523160668666483
"905","F",3704,38.0756,"F02",11.8548683832602,"SKMEL5","plx","dmso-pt",0,1,1.3964617700237
"906","F",3988,42.5656,"F02",11.9614496943982,"SKMEL5","plx","dmso-pt",0,1,1.50304308116166
"907","F",3845,46.7875,"F02",11.9087678828492,"SKMEL5","plx","dmso-pt",0,1,1.45036126961266
"908","F",6836,64.1572,"F02",12.7389366816761,"SKMEL5","plx","dmso-pt",0,1,2.28053006843961
"909","F",6801,68.0961,"F02",12.7315311764619,"SKMEL5","plx","dmso-pt",0,1,2.27312456322541
"910","F",6844,68.5597,"F02",12.7406240444894,"SKMEL5","plx","dmso-pt",0,1,2.28221743125288
"911","F",8251,72.9506,"F02",13.0103532655493,"SKMEL5","plx","dmso-pt",0,1,2.55194665231272
"912","F",11685,87.6475,"F02",13.5123701136702,"SKMEL5","plx","dmso-pt",0,1,3.05396350043366
"913","F",11881,94.6431,"F02",13.5363686495539,"SKMEL5","plx","dmso-pt",0,1,3.07796203631732
"914","F",12770,98.6264,"F02",13.6404709045901,"SKMEL5","plx","dmso-pt",0,1,3.18206429135356
"916","G",1414,0,"G02",10.4655664048094,"SKMEL5","plx","dmso-pt",0,2,0
"917","G",1808,13.6606,"G02",10.8201789624152,"SKMEL5","plx","dmso-pt",0,2,0.354612557605789
"918","G",2105,22.1131,"G02",11.0396045179538,"SKMEL5","plx","dmso-pt",0,2,0.574038113144359
"919","G",2715,24.575,"G02",11.4067364826917,"SKMEL5","plx","dmso-pt",0,2,0.941170077882324
"920","G",3370,38.0756,"G02",11.7185328760692,"SKMEL5","plx","dmso-pt",0,2,1.25296647125982
"921","G",3844,42.5656,"G02",11.9083926207737,"SKMEL5","plx","dmso-pt",0,2,1.44282621596435
"922","G",4677,46.7875,"G02",12.1913677134189,"SKMEL5","plx","dmso-pt",0,2,1.72580130860954
"923","G",5511,64.1572,"G02",12.4280984118325,"SKMEL5","plx","dmso-pt",0,2,1.96253200702311
"924","G",5961,68.0961,"G02",12.5413386579708,"SKMEL5","plx","dmso-pt",0,2,2.07577225316143
"925","G",5523,68.5597,"G02",12.4312364120711,"SKMEL5","plx","dmso-pt",0,2,1.96567000726166
"926","G",6042,72.9506,"G02",12.5608104687279,"SKMEL5","plx","dmso-pt",0,2,2.09524406391854
"927","G",9813,87.6475,"G02",13.2604785448039,"SKMEL5","plx","dmso-pt",0,2,2.79491213999454
"928","G",11990,94.6431,"G02",13.5495440383016,"SKMEL5","plx","dmso-pt",0,2,3.08397763349219
"929","G",13296,98.6264,"G02",13.6987046667703,"SKMEL5","plx","dmso-pt",0,2,3.23313826196095
"931","F",1564,0,"F05",10.6110247973074,"SKMEL5","plx","dmso-pt",8,1,0
"932","F",1817,13.6606,"F05",10.8273427042341,"SKMEL5","plx","dmso-pt",8,1,0.216317906926763
"933","F",1777,22.1131,"F05",10.7952279660287,"SKMEL5","plx","dmso-pt",8,1,0.184203168721325
"934","F",1833,24.575,"F05",10.8399910705399,"SKMEL5","plx","dmso-pt",8,1,0.228966273232533
"935","F",1599,38.0756,"F05",10.6429542234803,"SKMEL5","plx","dmso-pt",8,1,0.0319294261729794
"936","F",1564,42.5656,"F05",10.6110247973074,"SKMEL5","plx","dmso-pt",8,1,0
"937","F",1651,46.7875,"F05",10.6891244049133,"SKMEL5","plx","dmso-pt",8,1,0.0780996076059051
"938","F",1720,64.1572,"F05",10.7481928495895,"SKMEL5","plx","dmso-pt",8,1,0.137168052282107
"939","F",1745,68.0961,"F05",10.769011321097,"SKMEL5","plx","dmso-pt",8,1,0.157986523789662
"940","F",1402,68.5597,"F05",10.4532706340106,"SKMEL5","plx","dmso-pt",8,1,-0.15775416329673
"941","F",1713,72.9506,"F05",10.742309436084,"SKMEL5","plx","dmso-pt",8,1,0.131284638776647
"942","F",1713,87.6475,"F05",10.742309436084,"SKMEL5","plx","dmso-pt",8,1,0.131284638776647
"943","F",1819,94.6431,"F05",10.8289298276515,"SKMEL5","plx","dmso-pt",8,1,0.217905030344133
"944","F",1845,98.6264,"F05",10.8494051009478,"SKMEL5","plx","dmso-pt",8,1,0.238380303640405
"946","G",1486,0,"G05",10.5372184005386,"SKMEL5","plx","dmso-pt",8,2,0
"947","G",1600,13.6606,"G05",10.6438561897747,"SKMEL5","plx","dmso-pt",8,2,0.10663778923613
"948","G",1502,22.1131,"G05",10.5526690975143,"SKMEL5","plx","dmso-pt",8,2,0.0154506969756767
"949","G",1526,24.575,"G05",10.5755392468345,"SKMEL5","plx","dmso-pt",8,2,0.0383208462959352
"950","G",1321,38.0756,"G05",10.3674147512468,"SKMEL5","plx","dmso-pt",8,2,-0.169803649291767
"951","G",1344,42.5656,"G05",10.3923174227788,"SKMEL5","plx","dmso-pt",8,2,-0.144900977759836
"952","G",1406,46.7875,"G05",10.4573808790725,"SKMEL5","plx","dmso-pt",8,2,-0.0798375214660609
"953","G",1557,64.1572,"G05",10.604553229079,"SKMEL5","plx","dmso-pt",8,2,0.0673348285404423
"954","G",1518,68.0961,"G05",10.5679560754155,"SKMEL5","plx","dmso-pt",8,2,0.0307376748768711
"955","G",1461,68.5597,"G05",10.5127404628035,"SKMEL5","plx","dmso-pt",8,2,-0.0244779377350977
"956","G",1618,72.9506,"G05",10.65999589243,"SKMEL5","plx","dmso-pt",8,2,0.122777491891382
"957","G",1678,87.6475,"G05",10.7125270004398,"SKMEL5","plx","dmso-pt",8,2,0.175308599901228
"958","G",1755,94.6431,"G05",10.7772553151919,"SKMEL5","plx","dmso-pt",8,2,0.240036914653327
"959","G",1814,98.6264,"G05",10.8249587405285,"SKMEL5","plx","dmso-pt",8,2,0.287740339989927
"961","F",613,0,"F07",9.25974326369078,"SKMEL5","plx","plx-pt",0,1,0
"962","F",1033,13.6606,"F07",10.0126245388651,"SKMEL5","plx","plx-pt",0,1,0.752881275174278
"963","F",1137,22.1131,"F07",10.1510165388922,"SKMEL5","plx","plx-pt",0,1,0.891273275201467
"964","F",1259,24.575,"F07",10.298062567719,"SKMEL5","plx","plx-pt",0,1,1.03831930402824
"965","F",1615,38.0756,"F07",10.6573184495813,"SKMEL5","plx","plx-pt",0,1,1.39757518589051
"966","F",1755,42.5656,"F07",10.7772553151919,"SKMEL5","plx","plx-pt",0,1,1.51751205150114
"967","F",1980,46.7875,"F07",10.951284714967,"SKMEL5","plx","plx-pt",0,1,1.69154145127619
"968","F",2527,64.1572,"F07",11.3032099489448,"SKMEL5","plx","plx-pt",0,1,2.04346668525399
"969","F",2764,68.0961,"F07",11.4325419003883,"SKMEL5","plx","plx-pt",0,1,2.17279863669748
"970","F",2763,68.5597,"F07",11.4320198468125,"SKMEL5","plx","plx-pt",0,1,2.17227658312171
"971","F",4193,72.9506,"F07",12.0337671148464,"SKMEL5","plx","plx-pt",0,1,2.77402385115561
"972","F",4983,87.6475,"F07",12.2827988586835,"SKMEL5","plx","plx-pt",0,1,3.02305559499275
"973","F",6381,94.6431,"F07",12.6395668186818,"SKMEL5","plx","plx-pt",0,1,3.37982355499105
"974","F",7198,98.6264,"F07",12.8133803869247,"SKMEL5","plx","plx-pt",0,1,3.55363712323395
"976","G",603,0,"G07",9.23601419190008,"SKMEL5","plx","plx-pt",0,2,0
"977","G",836,13.6606,"G07",9.70735913208088,"SKMEL5","plx","plx-pt",0,2,0.471344940180799
"978","G",1000,22.1131,"G07",9.96578428466209,"SKMEL5","plx","plx-pt",0,2,0.729770092762003
"979","G",1088,24.575,"G07",10.0874628412503,"SKMEL5","plx","plx-pt",0,2,0.851448649350255
"980","G",1389,38.0756,"G07",10.4398308839814,"SKMEL5","plx","plx-pt",0,2,1.20381669208131
"981","G",1415,42.5656,"G07",10.4665863377192,"SKMEL5","plx","plx-pt",0,2,1.23057214581916
"982","G",1765,46.7875,"G07",10.7854524681585,"SKMEL5","plx","plx-pt",0,2,1.54943827625846
"983","G",2560,64.1572,"G07",11.3219280948874,"SKMEL5","plx","plx-pt",0,2,2.08591390298728
"984","G",2357,68.0961,"G07",11.2027360432502,"SKMEL5","plx","plx-pt",0,2,1.96672185135008
"985","G",2491,68.5597,"G07",11.2825093062408,"SKMEL5","plx","plx-pt",0,2,2.04649511434075
"986","G",3236,72.9506,"G07",11.65999589243,"SKMEL5","plx","plx-pt",0,2,2.42398170052989
"987","G",4307,87.6475,"G07",12.0724676082419,"SKMEL5","plx","plx-pt",0,2,2.83645341634177
"988","G",4667,94.6431,"G07",12.1882797519641,"SKMEL5","plx","plx-pt",0,2,2.95226556006406
"989","G",6268,98.6264,"G07",12.6137894644726,"SKMEL5","plx","plx-pt",0,2,3.3777752725725
"991","F",1047,0,"F10",10.0320457269308,"SKMEL5","plx","plx-pt",8,1,0
"992","F",1059,13.6606,"F10",10.0484868739923,"SKMEL5","plx","plx-pt",8,1,0.0164411470615278
"993","F",1110,22.1131,"F10",10.1163439612375,"SKMEL5","plx","plx-pt",8,1,0.0842982343066598
"994","F",1066,24.575,"F10",10.0579917227592,"SKMEL5","plx","plx-pt",8,1,0.0259459958283674
"995","F",938,38.0756,"F10",9.87344411251538,"SKMEL5","plx","plx-pt",8,1,-0.158601614415433
"996","F",986,42.5656,"F10",9.94544383637791,"SKMEL5","plx","plx-pt",8,1,-0.0866018905528971
"997","F",1025,46.7875,"F10",10.0014081943928,"SKMEL5","plx","plx-pt",8,1,-0.0306375325379999
"998","F",1064,64.1572,"F10",10.0552824355012,"SKMEL5","plx","plx-pt",8,1,0.02323670857038
"999","F",1121,68.0961,"F10",10.1305705628054,"SKMEL5","plx","plx-pt",8,1,0.0985248358746169
"1000","F",1002,68.5597,"F10",9.96866679319521,"SKMEL5","plx","plx-pt",8,1,-0.063378933735601
"1001","F",1245,72.9506,"F10",10.2819300269554,"SKMEL5","plx","plx-pt",8,1,0.249884300024634
"1002","F",1264,87.6475,"F10",10.3037807481771,"SKMEL5","plx","plx-pt",8,1,0.271735021246293
"1003","F",1326,94.6431,"F10",10.3728650601126,"SKMEL5","plx","plx-pt",8,1,0.340819333181779
"1004","F",1315,98.6264,"F10",10.3608470841797,"SKMEL5","plx","plx-pt",8,1,0.328801357248855
"1006","G",584,0,"G10",9.18982455888002,"SKMEL5","plx","plx-pt",8,2,0
"1007","G",693,13.6606,"G10",9.43671154213721,"SKMEL5","plx","plx-pt",8,2,0.246886983257196
"1008","G",691,22.1131,"G10",9.43254190038826,"SKMEL5","plx","plx-pt",8,2,0.242717341508241
"1009","G",664,24.575,"G10",9.37503943134693,"SKMEL5","plx","plx-pt",8,2,0.185214872466908
"1010","G",565,38.0756,"G10",9.14210705730255,"SKMEL5","plx","plx-pt",8,2,-0.047717501577468
"1011","G",578,42.5656,"G10",9.17492568250068,"SKMEL5","plx","plx-pt",8,2,-0.0148988763793394
"1012","G",580,46.7875,"G10",9.17990909001493,"SKMEL5","plx","plx-pt",8,2,-0.0099154688650831
"1013","G",641,64.1572,"G10",9.32418054661874,"SKMEL5","plx","plx-pt",8,2,0.134355987738724
"1014","G",806,68.0961,"G10",9.65463602852797,"SKMEL5","plx","plx-pt",8,2,0.46481146964795
"1015","G",634,68.5597,"G10",9.30833903013941,"SKMEL5","plx","plx-pt",8,2,0.11851447125939
"1016","G",765,72.9506,"G10",9.57931593758001,"SKMEL5","plx","plx-pt",8,2,0.389491378699997
"1017","G",707,87.6475,"G10",9.4655664048094,"SKMEL5","plx","plx-pt",8,2,0.275741845929382
"1018","G",756,94.6431,"G10",9.56224242422107,"SKMEL5","plx","plx-pt",8,2,0.372417865341054
"1019","G",812,98.6264,"G10",9.66533591718518,"SKMEL5","plx","plx-pt",8,2,0.475511358305159
