"","X.3","X.2","X.1","X","Date","CellLine","Row","Cell.Nucleus","Well","Time","drug","conc","rep","l2","nl2"
"1",3,3,3,3,20150306,"SKMEL5 Subclone01","B",1145,"B09",0,"plx",8,1,10.1611318829843,0
"2",4,4,4,4,20150306,"SKMEL5 Subclone01","B",1016,"B09",6.0452,"plx",8,1,9.98868468677217,-0.172447196212142
"3",5,5,5,5,20150306,"SKMEL5 Subclone01","B",862,"B09",18.81,"plx",8,1,9.7515440590891,-0.409587823895213
"4",6,6,6,6,20150306,"SKMEL5 Subclone01","B",862,"B09",27.2472,"plx",8,1,9.7515440590891,-0.409587823895213
"5",7,7,7,7,20150306,"SKMEL5 Subclone01","B",923,"B09",47.575,"plx",8,1,9.85018683764577,-0.310945045338533
"6",8,8,8,8,20150306,"SKMEL5 Subclone01","B",893,"B09",53.6977,"plx",8,1,9.80251636512122,-0.358615517863083
"7",11,11,11,11,20150306,"SKMEL5 Subclone01","C",1387,"C09",0,"plx",8,2,10.4377520723236,0
"8",12,12,12,12,20150306,"SKMEL5 Subclone01","C",1212,"C09",6.0452,"plx",8,2,10.243173983473,-0.194578088850652
"9",13,13,13,13,20150306,"SKMEL5 Subclone01","C",1060,"C09",18.81,"plx",8,2,10.0498485494506,-0.387903522873038
"10",14,14,14,14,20150306,"SKMEL5 Subclone01","C",1060,"C09",27.2472,"plx",8,2,10.0498485494506,-0.387903522873038
"11",15,15,15,15,20150306,"SKMEL5 Subclone01","C",1181,"C09",47.575,"plx",8,2,10.2057932493972,-0.231958822926446
"12",16,16,16,16,20150306,"SKMEL5 Subclone01","C",1113,"C09",53.6977,"plx",8,2,10.120237877342,-0.317514194981643
"37",19,19,19,51,20150426,"SKMEL5 Subclone01","B",2697,"B09",0,"plx",8,3,11.3971398062356,0
"38",20,20,20,52,20150426,"SKMEL5 Subclone01","B",1692,"B09",23.4789,"plx",8,3,10.7245138531199,-0.672625953115654
"39",21,21,21,53,20150426,"SKMEL5 Subclone01","B",1583,"B09",31.2453,"plx",8,3,10.6284455401372,-0.768694266098424
"40",22,22,22,54,20150426,"SKMEL5 Subclone01","B",1406,"B09",46.5181,"plx",8,3,10.4573808790725,-0.93975892716307
"41",23,23,23,55,20150426,"SKMEL5 Subclone01","B",1054,"B09",49.7047,"plx",8,3,10.0416591516372,-1.35548065459839
"42",24,24,24,56,20150426,"SKMEL5 Subclone01","B",1183,"B09",57.3389,"plx",8,3,10.2082343583398,-1.18890544789582
"43",25,25,25,57,20150426,"SKMEL5 Subclone01","B",1175,"B09",71.5639,"plx",8,3,10.1984450414524,-1.19869476478324
"44",26,26,26,58,20150426,"SKMEL5 Subclone01","B",1073,"B09",80.1103,"plx",8,3,10.0674343607565,-1.32970544547908
"45",27,27,27,59,20150426,"SKMEL5 Subclone01","B",1050,"B09",94.3492,"plx",8,3,10.0361736125535,-1.36096619368212
"46",28,28,28,60,20150426,"SKMEL5 Subclone01","B",1112,"B09",103.9064,"plx",8,3,10.1189410727235,-1.2781987335121
"47",29,29,29,61,20150426,"SKMEL5 Subclone01","B",1148,"B09",122.5225,"plx",8,3,10.1649069266757,-1.23223287955992
"48",30,30,30,62,20150426,"SKMEL5 Subclone01","B",1148,"B09",152.6661,"plx",8,3,10.1649069266757,-1.23223287955992
"49",31,31,31,63,20150426,"SKMEL5 Subclone01","B",1190,"B09",165.7692,"plx",8,3,10.2167458581953,-1.1803939480403
"50",32,32,32,64,20150426,"SKMEL5 Subclone01","B",1243,"B09",173.1189,"plx",8,3,10.2796105810525,-1.11752922518312
"51",33,33,33,65,20150426,"SKMEL5 Subclone01","B",1347,"B09",190.802,"plx",8,3,10.3955341354623,-1.0016056707733
"52",34,34,34,66,20150426,"SKMEL5 Subclone01","B",1132,"B09",199.6528,"plx",8,3,10.1446582428319,-1.25248156340372
"53",35,35,35,67,20150426,"SKMEL5 Subclone01","B",1361,"B09",216.2581,"plx",8,3,10.410451351504,-0.98668845473161
"54",36,36,36,68,20150426,"SKMEL5 Subclone01","B",1503,"B09",236.6267,"plx",8,3,10.5536292939164,-0.84351051231924
"55",37,37,37,69,20150426,"SKMEL5 Subclone01","B",1486,"B09",247.3839,"plx",8,3,10.5372184005386,-0.859921405697009
"56",38,38,38,70,20150426,"SKMEL5 Subclone01","B",1525,"B09",269.7556,"plx",8,3,10.5745935273376,-0.822546278897994
"57",39,39,39,71,20150426,"SKMEL5 Subclone01","B",1518,"B09",292.195,"plx",8,3,10.5679560754155,-0.829183730820138
"58",42,42,42,74,20150426,"SKMEL5 Subclone01","C",2999,"C09",0,"plx",8,4,11.5502658068687,0
"59",43,43,43,75,20150426,"SKMEL5 Subclone01","C",1907,"C09",23.4789,"plx",8,4,10.8970891283128,-0.653176678555985
"60",44,44,44,76,20150426,"SKMEL5 Subclone01","C",1806,"C09",31.2453,"plx",8,4,10.8185821774809,-0.731683629387883
"61",45,45,45,77,20150426,"SKMEL5 Subclone01","C",1766,"C09",46.5181,"plx",8,4,10.7862696276485,-0.763996179220275
"62",46,46,46,78,20150426,"SKMEL5 Subclone01","C",1325,"C09",49.7047,"plx",8,4,10.3717766443379,-1.17848916253081
"63",47,47,47,79,20150426,"SKMEL5 Subclone01","C",1480,"C09",57.3389,"plx",8,4,10.5313814605163,-1.01888434635243
"64",48,48,48,80,20150426,"SKMEL5 Subclone01","C",1444,"C09",71.5639,"plx",8,4,10.4958550268872,-1.05441077998157
"65",49,49,49,81,20150426,"SKMEL5 Subclone01","C",1418,"C09",80.1103,"plx",8,4,10.4696418172395,-1.08062398962922
"66",50,50,50,82,20150426,"SKMEL5 Subclone01","C",1359,"C09",94.3492,"plx",8,4,10.4083297407674,-1.14193606610134
"67",51,51,51,83,20150426,"SKMEL5 Subclone01","C",1404,"C09",103.9064,"plx",8,4,10.4553272203046,-1.09493858656417
"68",52,52,52,84,20150426,"SKMEL5 Subclone01","C",1435,"C09",122.5225,"plx",8,4,10.4868350215631,-1.06343078530569
"69",53,53,53,85,20150426,"SKMEL5 Subclone01","C",1435,"C09",152.6661,"plx",8,4,10.4868350215631,-1.06343078530569
"70",54,54,54,86,20150426,"SKMEL5 Subclone01","C",1484,"C09",165.7692,"plx",8,4,10.5352753766208,-1.01499043024794
"71",55,55,55,87,20150426,"SKMEL5 Subclone01","C",1511,"C09",173.1189,"plx",8,4,10.5612879451648,-0.988977861703912
"72",56,56,56,88,20150426,"SKMEL5 Subclone01","C",1543,"C09",190.802,"plx",8,4,10.5915223465707,-0.958743460298006
"73",57,57,57,89,20150426,"SKMEL5 Subclone01","C",1448,"C09",199.6528,"plx",8,4,10.4998458870832,-1.05041991978553
"74",58,58,58,90,20150426,"SKMEL5 Subclone01","C",1554,"C09",216.2581,"plx",8,4,10.6017707884077,-0.94849501846103
"75",59,59,59,91,20150426,"SKMEL5 Subclone01","C",1650,"C09",236.6267,"plx",8,4,10.6882503091332,-0.862015497735563
"76",60,60,60,92,20150426,"SKMEL5 Subclone01","C",1703,"C09",247.3839,"plx",8,4,10.7338627196785,-0.816403087190198
"77",61,61,61,93,20150426,"SKMEL5 Subclone01","C",1698,"C09",269.7556,"plx",8,4,10.729620743553,-0.820645063315702
"78",62,62,62,94,20150426,"SKMEL5 Subclone01","C",1674,"C09",292.195,"plx",8,4,10.7090838125503,-0.841181994318397
"163",65,65,65,189,20150831,"SKMEL5 Subclone01","B",3074,"B09",0,"plx",8,5,11.5859014496908,0
"164",66,66,66,190,20150831,"SKMEL5 Subclone01","B",2905,"B09",4.1086,"plx",8,5,11.5043224482919,-0.081579001398881
"165",67,67,67,191,20150831,"SKMEL5 Subclone01","B",2474,"B09",16.2783,"plx",8,5,11.2726297849764,-0.313271664714401
"166",68,68,68,192,20150831,"SKMEL5 Subclone01","B",2413,"B09",22.8811,"plx",8,5,11.2366122002158,-0.349289249475021
"167",69,69,69,193,20150831,"SKMEL5 Subclone01","B",2446,"B09",28.0463,"plx",8,5,11.2562086885274,-0.329692761163385
"168",70,70,70,194,20150831,"SKMEL5 Subclone01","B",2678,"B09",41.6566,"plx",8,5,11.3869402453243,-0.198961204366461
"169",71,71,71,195,20150831,"SKMEL5 Subclone01","B",2254,"B09",48.5616,"plx",8,5,11.1382718001722,-0.44762964951855
"170",72,72,72,196,20150831,"SKMEL5 Subclone01","B",2599,"B09",65.5052,"plx",8,5,11.3437409184722,-0.242160531218572
"171",73,73,73,197,20150831,"SKMEL5 Subclone01","B",2641,"B09",72.9925,"plx",8,5,11.3668685861671,-0.219032863523678
"172",74,74,74,198,20150831,"SKMEL5 Subclone01","B",2667,"B09",91.4902,"plx",8,5,11.3810021095509,-0.204899340139846
"173",75,75,75,199,20150831,"SKMEL5 Subclone01","B",2634,"B09",99.2238,"plx",8,5,11.3630396302565,-0.222861819434258
"174",76,76,76,200,20150831,"SKMEL5 Subclone01","B",2666,"B09",118.6333,"plx",8,5,11.380461065089,-0.205440384601799
"175",77,77,77,201,20150831,"SKMEL5 Subclone01","B",2802,"B09",167.858,"plx",8,5,11.4522412404308,-0.133660209259954
"176",78,78,78,202,20150831,"SKMEL5 Subclone01","B",2814,"B09",184.7286,"plx",8,5,11.4584066132365,-0.12749483645424
"177",81,81,81,205,20150831,"SKMEL5 Subclone01","C",2958,"C09",0,"plx",8,6,11.5304063370991,0
"178",82,82,82,206,20150831,"SKMEL5 Subclone01","C",2763,"C09",4.1086,"plx",8,6,11.4320198468125,-0.098386490286576
"179",83,83,83,207,20150831,"SKMEL5 Subclone01","C",2313,"C09",16.2783,"plx",8,6,11.1755495506362,-0.354856786462877
"180",84,84,84,208,20150831,"SKMEL5 Subclone01","C",2266,"C09",22.8811,"plx",8,6,11.1459321458205,-0.384474191278553
"181",85,85,85,209,20150831,"SKMEL5 Subclone01","C",2291,"C09",28.0463,"plx",8,6,11.1617617433047,-0.368644593794393
"182",86,86,86,210,20150831,"SKMEL5 Subclone01","C",2392,"C09",41.6566,"plx",8,6,11.2240016741981,-0.306404662900963
"183",87,87,87,211,20150831,"SKMEL5 Subclone01","C",1972,"C09",48.5616,"plx",8,6,10.9454438363779,-0.584962500721156
"184",88,88,88,212,20150831,"SKMEL5 Subclone01","C",2273,"C09",65.5052,"plx",8,6,11.1503819688178,-0.38002436828122
"185",89,89,89,213,20150831,"SKMEL5 Subclone01","C",2318,"C09",72.9925,"plx",8,6,11.1786648510065,-0.351741486092596
"186",90,90,90,214,20150831,"SKMEL5 Subclone01","C",2279,"C09",91.4902,"plx",8,6,11.1541852092653,-0.376221127833772
"187",91,91,91,215,20150831,"SKMEL5 Subclone01","C",2294,"C09",99.2238,"plx",8,6,11.1636496760158,-0.366756661083244
"188",92,92,92,216,20150831,"SKMEL5 Subclone01","C",2297,"C09",118.6333,"plx",8,6,11.1655351413779,-0.364871195721144
"189",93,93,93,217,20150831,"SKMEL5 Subclone01","C",2562,"C09",167.858,"plx",8,6,11.3230547603416,-0.207351576757422
"190",94,94,94,218,20150831,"SKMEL5 Subclone01","C",2573,"C09",184.7286,"plx",8,6,11.3292357417338,-0.201170595365268
"247",97,97,97,285,20150916,"SKMEL5 Subclone01","B",2939,"B09",0,"plx",8,7,11.5211096436513,0
"248",98,98,98,286,20150916,"SKMEL5 Subclone01","B",2289,"B09",16.6775,"plx",8,7,11.1605017475557,-0.360607896095645
"249",99,99,99,287,20150916,"SKMEL5 Subclone01","B",2271,"B09",20.5578,"plx",8,7,11.1491119907069,-0.371997652944443
"250",100,100,100,288,20150916,"SKMEL5 Subclone01","B",2407,"B09",41.1828,"plx",8,7,11.2330204264745,-0.288089217176835
"251",101,101,101,289,20150916,"SKMEL5 Subclone01","B",2503,"B09",50.3011,"plx",8,7,11.2894425756883,-0.231667067963
"252",102,102,102,290,20150916,"SKMEL5 Subclone01","B",2503,"B09",65.075,"plx",8,7,11.2894425756883,-0.231667067963
"253",103,103,103,291,20150916,"SKMEL5 Subclone01","B",2584,"B09",74.4711,"plx",8,7,11.3353903546939,-0.185719288957407
"254",104,104,104,292,20150916,"SKMEL5 Subclone01","B",2455,"B09",87.8089,"plx",8,7,11.2615073092021,-0.259602334449276
"255",105,105,105,293,20150916,"SKMEL5 Subclone01","B",2263,"B09",112.468,"plx",8,7,11.1440208692669,-0.377088774384439
"256",106,106,106,294,20150916,"SKMEL5 Subclone01","B",2393,"B09",121.873,"plx",8,7,11.2246046815385,-0.296504962112832
"257",107,107,107,295,20150916,"SKMEL5 Subclone01","B",2393,"B09",136.0425,"plx",8,7,11.2246046815385,-0.296504962112832
"258",108,108,108,296,20150916,"SKMEL5 Subclone01","B",2391,"B09",146.7853,"plx",8,7,11.2233984147116,-0.297711228939704
"259",109,109,109,297,20150916,"SKMEL5 Subclone01","B",2326,"B09",160.4408,"plx",8,7,11.1836353814732,-0.337474262178114
"260",110,110,110,298,20150916,"SKMEL5 Subclone01","B",2326,"B09",167.2939,"plx",8,7,11.1836353814732,-0.337474262178114
"261",113,113,113,301,20150916,"SKMEL5 Subclone01","C",2735,"C09",0,"plx",8,8,11.4173251176799,0
"262",114,114,114,302,20150916,"SKMEL5 Subclone01","C",2330,"C09",16.6775,"plx",8,8,11.1861142395416,-0.231210878138276
"263",115,115,115,303,20150916,"SKMEL5 Subclone01","C",2261,"C09",20.5578,"plx",8,8,11.1427452767515,-0.274579840928389
"264",116,116,116,304,20150916,"SKMEL5 Subclone01","C",2388,"C09",41.1828,"plx",8,8,11.2215871212648,-0.195737996415113
"265",117,117,117,305,20150916,"SKMEL5 Subclone01","C",2503,"C09",50.3011,"plx",8,8,11.2894425756883,-0.127882541991587
"266",118,118,118,306,20150916,"SKMEL5 Subclone01","C",2503,"C09",65.075,"plx",8,8,11.2894425756883,-0.127882541991587
"267",119,119,119,307,20150916,"SKMEL5 Subclone01","C",2482,"C09",74.4711,"plx",8,8,11.2772874001304,-0.140037717549562
"268",120,120,120,308,20150916,"SKMEL5 Subclone01","C",2381,"C09",87.8089,"plx",8,8,11.2173519052703,-0.199973212409585
"269",121,121,121,309,20150916,"SKMEL5 Subclone01","C",2351,"C09",112.468,"plx",8,8,11.199058823653,-0.218266294026897
"270",122,122,122,310,20150916,"SKMEL5 Subclone01","C",2319,"C09",121.873,"plx",8,8,11.179287104646,-0.238038013033915
"271",123,123,123,311,20150916,"SKMEL5 Subclone01","C",2319,"C09",136.0425,"plx",8,8,11.179287104646,-0.238038013033915
"272",124,124,124,312,20150916,"SKMEL5 Subclone01","C",2235,"C09",146.7853,"plx",8,8,11.1260591160707,-0.291266001609239
"273",125,125,125,313,20150916,"SKMEL5 Subclone01","C",2194,"C09",160.4408,"plx",8,8,11.0993478104032,-0.317977307276726
"274",126,126,126,314,20150916,"SKMEL5 Subclone01","C",2193,"C09",167.2939,"plx",8,8,11.0986900966736,-0.318635021006326
"331",339,339,339,3101,20150315,"SKMEL5 Subclone01","B",13171,"B02",0,"plx",8,9,13.6850772650278,0
"332",340,340,340,4101,20150315,"SKMEL5 Subclone01","B",7200,"B02",21.0336,"plx",8,9,12.813781191217,-0.871296073810791
"333",341,341,341,5101,20150315,"SKMEL5 Subclone01","B",7386,"B02",46.0328,"plx",8,9,12.8505775472056,-0.834499717822215
"334",342,342,342,633,20150315,"SKMEL5 Subclone01","B",7812,"B02",65.8828,"plx",8,9,12.9314762338868,-0.753601031141038
"335",343,343,343,712,20150315,"SKMEL5 Subclone01","B",7012,"B02",72.1956,"plx",8,9,12.7756102807595,-0.90946698426829
"336",344,344,344,812,20150315,"SKMEL5 Subclone01","B",7158,"B02",96.5903,"plx",8,9,12.8053408284164,-0.879736436611445
"337",345,345,345,912,20150315,"SKMEL5 Subclone01","B",6948,"B02",137.8281,"plx",8,9,12.7623820387104,-0.922695226317437
"338",348,348,348,1212,20150315,"SKMEL5 Subclone01","C",15527,"C02",0,"plx",8,10,13.9224914904585,0
"339",349,349,349,1312,20150315,"SKMEL5 Subclone01","C",8361,"C02",21.0336,"plx",8,10,13.029459787825,-0.893031702633576
"340",350,350,350,1412,20150315,"SKMEL5 Subclone01","C",8868,"C02",46.0328,"plx",8,10,13.1143930548673,-0.808098435591235
"341",351,351,351,1512,20150315,"SKMEL5 Subclone01","C",9109,"C02",65.8828,"plx",8,10,13.1530769661067,-0.769414524351853
"342",352,352,352,1612,20150315,"SKMEL5 Subclone01","C",8476,"C02",72.1956,"plx",8,10,13.0491678723722,-0.873323618086372
"343",353,353,353,1712,20150315,"SKMEL5 Subclone01","C",8621,"C02",96.5903,"plx",8,10,13.0736395102832,-0.848851980175311
"344",354,354,354,1812,20150315,"SKMEL5 Subclone01","C",8203,"C02",137.8281,"plx",8,10,13.0019359131236,-0.9205555773349
"345",357,357,357,2111,20150315,"SKMEL5 Subclone01","D",15817,"D02",0,"plx",8,11,13.9491883702862,0
"346",358,358,358,2211,20150315,"SKMEL5 Subclone01","D",8772,"D02",21.0336,"plx",8,11,13.0986900966736,-0.850498273612651
"347",359,359,359,2311,20150315,"SKMEL5 Subclone01","D",9304,"D02",46.0328,"plx",8,11,13.1836353814732,-0.765552988813026
"348",360,360,360,2411,20150315,"SKMEL5 Subclone01","D",9509,"D02",65.8828,"plx",8,11,13.2150779148228,-0.734110455463416
"349",361,361,361,2511,20150315,"SKMEL5 Subclone01","D",8803,"D02",72.1956,"plx",8,11,13.1037795524516,-0.845408817834619
"350",362,362,362,2611,20150315,"SKMEL5 Subclone01","D",8812,"D02",96.5903,"plx",8,11,13.1052537797009,-0.843934590585361
"351",363,363,363,2711,20150315,"SKMEL5 Subclone01","D",8623,"D02",137.8281,"plx",8,11,13.0739741646668,-0.875214205619493
"352",366,366,366,3011,20150315,"SKMEL5 Subclone01","E",15561,"E02",0,"plx",8,12,13.9256471550846,0
"353",367,367,367,3111,20150315,"SKMEL5 Subclone01","E",8213,"E02",21.0336,"plx",8,12,13.0036935827378,-0.921953572346746
"354",368,368,368,3211,20150315,"SKMEL5 Subclone01","E",8548,"E02",46.0328,"plx",8,12,13.0613711926598,-0.864275962424782
"355",369,369,369,3311,20150315,"SKMEL5 Subclone01","E",8802,"E02",65.8828,"plx",8,12,13.1036156563945,-0.822031498690048
"356",370,370,370,3411,20150315,"SKMEL5 Subclone01","E",8152,"E02",72.1956,"plx",8,12,12.9929383361658,-0.93270881891878
"357",371,371,371,3511,20150315,"SKMEL5 Subclone01","E",8321,"E02",96.5903,"plx",8,12,13.0225412034548,-0.903105951629767
"358",372,372,372,3611,20150315,"SKMEL5 Subclone01","E",7971,"E02",137.8281,"plx",8,12,12.9605450132117,-0.965102141872931
"359",375,375,375,3911,20150315,"SKMEL5 Subclone01","F",14597,"F02",0,"plx",8,13,13.8333842740075,0
"360",376,376,376,4011,20150315,"SKMEL5 Subclone01","F",7845,"F02",21.0336,"plx",8,13,12.9375577318555,-0.895826542152032
"361",377,377,377,4111,20150315,"SKMEL5 Subclone01","F",8168,"F02",46.0328,"plx",8,13,12.9957671508778,-0.83761712312969
"362",378,378,378,4211,20150315,"SKMEL5 Subclone01","F",8444,"F02",65.8828,"plx",8,13,13.0437108633472,-0.789673410660335
"363",379,379,379,4311,20150315,"SKMEL5 Subclone01","F",7225,"F02",72.1956,"plx",8,13,12.8187818722754,-1.01460240173209
"364",380,380,380,4411,20150315,"SKMEL5 Subclone01","F",7060,"F02",96.5903,"plx",8,13,12.7854524681585,-1.04793180584895
"365",381,381,381,4511,20150315,"SKMEL5 Subclone01","F",7017,"F02",137.8281,"plx",8,13,12.7766386470736,-1.05674562693391
"366",384,384,384,4811,20150315,"SKMEL5 Subclone01","G",13065,"G02",0,"plx",8,14,13.6734195042074,0
"367",385,385,385,4911,20150315,"SKMEL5 Subclone01","G",7204,"G02",21.0336,"plx",8,14,12.8145824659063,-0.858837038301105
"368",386,386,386,5011,20150315,"SKMEL5 Subclone01","G",7373,"G02",46.0328,"plx",8,14,12.8480360416318,-0.825383462575571
"369",387,387,387,5111,20150315,"SKMEL5 Subclone01","G",7725,"G02",65.8828,"plx",8,14,12.9153192176791,-0.758100286528282
"370",388,388,388,5211,20150315,"SKMEL5 Subclone01","G",6472,"G02",72.1956,"plx",8,14,12.65999589243,-1.0134236117774
"371",389,389,389,5311,20150315,"SKMEL5 Subclone01","G",6959,"G02",96.5903,"plx",8,14,12.7646642920733,-0.908755212134036
"372",390,390,390,5411,20150315,"SKMEL5 Subclone01","G",6631,"G02",137.8281,"plx",8,14,12.6950107396532,-0.978408764554144
"373",393,393,393,5711,20150315,"SKMEL5 Subclone01","B",15281,"B03",0,"plx",8,15,13.8994513370484,0
"374",394,394,394,5811,20150315,"SKMEL5 Subclone01","B",8261,"B03",21.0336,"plx",8,15,13.0121007161516,-0.887350620896827
"375",395,395,395,5911,20150315,"SKMEL5 Subclone01","B",8500,"B03",46.0328,"plx",8,15,13.0532471259124,-0.846204211135969
"376",396,396,396,6011,20150315,"SKMEL5 Subclone01","B",8986,"B03",65.8828,"plx",8,15,13.1334633465234,-0.765987990524957
"377",397,397,397,6111,20150315,"SKMEL5 Subclone01","B",8082,"B03",72.1956,"plx",8,15,12.9804966361835,-0.918954700864935
"378",398,398,398,6211,20150315,"SKMEL5 Subclone01","B",8319,"B03",96.5903,"plx",8,15,13.0221944017606,-0.877256935287761
"379",399,399,399,634,20150315,"SKMEL5 Subclone01","B",7904,"B03",137.8281,"plx",8,15,12.9483672315847,-0.951084105463717
"380",402,402,402,662,20150315,"SKMEL5 Subclone01","C",16895,"C03",0,"plx",8,16,14.0443087300512,0
"381",403,403,403,672,20150315,"SKMEL5 Subclone01","C",9069,"C03",21.0336,"plx",8,16,13.1467277643489,-0.8975809657023
"382",404,404,404,682,20150315,"SKMEL5 Subclone01","C",9596,"C03",46.0328,"plx",8,16,13.2282174422934,-0.816091287757729
"383",405,405,405,692,20150315,"SKMEL5 Subclone01","C",9882,"C03",65.8828,"plx",8,16,13.2705873404475,-0.773721389603652
"384",406,406,406,702,20150315,"SKMEL5 Subclone01","C",9232,"C03",72.1956,"plx",8,16,13.1724275086455,-0.871881221405681
"385",407,407,407,713,20150315,"SKMEL5 Subclone01","C",9270,"C03",96.5903,"plx",8,16,13.1783536235129,-0.865955106538271
"386",408,408,408,722,20150315,"SKMEL5 Subclone01","C",9122,"C03",137.8281,"plx",8,16,13.1551344548578,-0.889174275193408
"387",411,411,411,752,20150315,"SKMEL5 Subclone01","D",15633,"D03",0,"plx",8,17,13.9323070401527,0
"388",412,412,412,762,20150315,"SKMEL5 Subclone01","D",8228,"D03",21.0336,"plx",8,17,13.0063260785249,-0.925980961627772
"389",413,413,413,772,20150315,"SKMEL5 Subclone01","D",8533,"D03",46.0328,"plx",8,17,13.0588373326778,-0.87346970747489
"390",414,414,414,782,20150315,"SKMEL5 Subclone01","D",8836,"D03",65.8828,"plx",8,17,13.1091777033553,-0.823129336797431
"391",415,415,415,792,20150315,"SKMEL5 Subclone01","D",7956,"D03",72.1956,"plx",8,17,12.9578275608337,-0.974479479318962
"392",416,416,416,802,20150315,"SKMEL5 Subclone01","D",8230,"D03",96.5903,"plx",8,17,13.006676715309,-0.925630324843718
"393",417,417,417,813,20150315,"SKMEL5 Subclone01","D",8144,"D03",137.8281,"plx",8,17,12.9915218460757,-0.940785194077011
"394",420,420,420,842,20150315,"SKMEL5 Subclone01","E",15430,"E03",0,"plx",8,18,13.9134504414581,0
"395",421,421,421,852,20150315,"SKMEL5 Subclone01","E",8449,"E03",21.0336,"plx",8,18,13.0445648828126,-0.868885558645472
"396",422,422,422,862,20150315,"SKMEL5 Subclone01","E",8800,"E03",46.0328,"plx",8,18,13.103287808412,-0.810162633046076
"397",423,423,423,872,20150315,"SKMEL5 Subclone01","E",9181,"E03",65.8828,"plx",8,18,13.1644355860646,-0.749014855393481
"398",424,424,424,882,20150315,"SKMEL5 Subclone01","E",8529,"E03",72.1956,"plx",8,18,13.0581608843987,-0.855289557059415
"399",425,425,425,892,20150315,"SKMEL5 Subclone01","E",8748,"E03",96.5903,"plx",8,18,13.0947375050481,-0.818712936410005
"400",426,426,426,902,20150315,"SKMEL5 Subclone01","E",8711,"E03",137.8281,"plx",8,18,13.0886226306078,-0.824827810850296
"401",429,429,429,932,20150315,"SKMEL5 Subclone01","F",14531,"F03",0,"plx",8,19,13.8268463698841,0
"402",430,430,430,942,20150315,"SKMEL5 Subclone01","F",7968,"F03",21.0336,"plx",8,19,12.9600019320681,-0.866844437816044
"403",431,431,431,952,20150315,"SKMEL5 Subclone01","F",8327,"F03",46.0328,"plx",8,19,13.023581108623,-0.803265261261096
"404",432,432,432,962,20150315,"SKMEL5 Subclone01","F",8738,"F03",65.8828,"plx",8,19,13.0930873904442,-0.733758979439907
"405",433,433,433,972,20150315,"SKMEL5 Subclone01","F",8130,"F03",72.1956,"plx",8,19,12.9890396369624,-0.837806732921735
"406",434,434,434,982,20150315,"SKMEL5 Subclone01","F",8138,"F03",96.5903,"plx",8,19,12.9904585650737,-0.836387804810415
"407",435,435,435,992,20150315,"SKMEL5 Subclone01","F",7925,"F03",137.8281,"plx",8,19,12.9521952199141,-0.874651149969993
"408",438,438,438,1022,20150315,"SKMEL5 Subclone01","G",14548,"G03",0,"plx",8,20,13.8285332104556,0
"409",439,439,439,1032,20150315,"SKMEL5 Subclone01","G",8024,"G03",21.0336,"plx",8,20,12.9701058906122,-0.858427319843436
"410",440,440,440,1042,20150315,"SKMEL5 Subclone01","G",8110,"G03",46.0328,"plx",8,20,12.9854861991046,-0.843047011350983
"411",441,441,441,1052,20150315,"SKMEL5 Subclone01","G",8524,"G03",65.8828,"plx",8,20,13.0573148777827,-0.771218332672915
"412",442,442,442,1062,20150315,"SKMEL5 Subclone01","G",7498,"G03",72.1956,"plx",8,20,12.8722901102881,-0.956243100167527
"413",443,443,443,1072,20150315,"SKMEL5 Subclone01","G",7744,"G03",96.5903,"plx",8,20,12.9188632372746,-0.909669973181023
"414",444,444,444,1082,20150315,"SKMEL5 Subclone01","G",7526,"G03",137.8281,"plx",8,20,12.8776675740679,-0.950865636387736
"415",447,447,447,1113,20150315,"SKMEL5 Subclone01","B",14331,"B04",0,"plx",8,21,13.8068516621924,0
"416",448,448,448,1122,20150315,"SKMEL5 Subclone01","B",7820,"B04",21.0336,"plx",8,21,12.9329528921947,-0.873898769997707
"417",449,449,449,1132,20150315,"SKMEL5 Subclone01","B",8296,"B04",46.0328,"plx",8,21,13.0182001788132,-0.788651483379196
"418",450,450,450,1142,20150315,"SKMEL5 Subclone01","B",8780,"B04",65.8828,"plx",8,21,13.1000052244227,-0.706846437769702
"419",451,451,451,1152,20150315,"SKMEL5 Subclone01","B",7926,"B04",72.1956,"plx",8,21,12.952377251968,-0.854474410224437
"420",452,452,452,1162,20150315,"SKMEL5 Subclone01","B",8201,"B04",96.5903,"plx",8,21,13.0015841220853,-0.805267540107073
"421",453,453,453,1172,20150315,"SKMEL5 Subclone01","B",7969,"B04",137.8281,"plx",8,21,12.9601829818319,-0.846668680360548
"422",456,456,456,1202,20150315,"SKMEL5 Subclone01","C",15835,"C04",0,"plx",8,22,13.9508292469156,0
"423",457,457,457,1213,20150315,"SKMEL5 Subclone01","C",8750,"C04",21.0336,"plx",8,22,13.0950673016071,-0.855761945308498
"424",458,458,458,1222,20150315,"SKMEL5 Subclone01","C",9088,"C04",46.0328,"plx",8,22,13.1497471195047,-0.801082127410871
"425",459,459,459,1232,20150315,"SKMEL5 Subclone01","C",9564,"C04",65.8828,"plx",8,22,13.2233984147116,-0.727430832203924
"426",460,460,460,1242,20150315,"SKMEL5 Subclone01","C",8755,"C04",72.1956,"plx",8,22,13.0958914633209,-0.854937783594633
"427",461,461,461,1252,20150315,"SKMEL5 Subclone01","C",8887,"C04",96.5903,"plx",8,22,13.117480772833,-0.833348474082568
"428",462,462,462,1262,20150315,"SKMEL5 Subclone01","C",8728,"C04",137.8281,"plx",8,22,13.0914353863236,-0.859393860591946
"429",465,465,465,1292,20150315,"SKMEL5 Subclone01","D",15136,"D04",0,"plx",8,23,13.8856963733394,0
"430",466,466,466,1302,20150315,"SKMEL5 Subclone01","D",8282,"D04",21.0336,"plx",8,23,13.0157634873699,-0.869932885969515
"431",467,467,467,1313,20150315,"SKMEL5 Subclone01","D",8561,"D04",46.0328,"plx",8,23,13.063563610585,-0.822132762754404
"432",468,468,468,1322,20150315,"SKMEL5 Subclone01","D",8941,"D04",65.8828,"plx",8,23,13.1262204823301,-0.75947589100929
"433",469,469,469,1332,20150315,"SKMEL5 Subclone01","D",8437,"D04",72.1956,"plx",8,23,13.0425143861402,-0.843181987199163
"434",470,470,470,1342,20150315,"SKMEL5 Subclone01","D",8440,"D04",96.5903,"plx",8,23,13.0430272835945,-0.842669089744847
"435",471,471,471,1352,20150315,"SKMEL5 Subclone01","D",8263,"D04",137.8281,"plx",8,23,13.0124499524256,-0.873246420913816
"436",474,474,474,1382,20150315,"SKMEL5 Subclone01","E",14901,"E04",0,"plx",8,24,13.8631215321584,0
"437",475,475,475,1392,20150315,"SKMEL5 Subclone01","E",8048,"E04",21.0336,"plx",8,24,12.9744145898055,-0.888706942352869
"438",476,476,476,1402,20150315,"SKMEL5 Subclone01","E",8181,"E04",46.0328,"plx",8,24,12.9980614856364,-0.865060046521975
"439",477,477,477,1413,20150315,"SKMEL5 Subclone01","E",8723,"E04",65.8828,"plx",8,24,13.0906086743413,-0.772512857817119
"440",478,478,478,1422,20150315,"SKMEL5 Subclone01","E",8087,"E04",72.1956,"plx",8,24,12.9813888961172,-0.881732636041189
"441",479,479,479,1432,20150315,"SKMEL5 Subclone01","E",8204,"E04",96.5903,"plx",8,24,13.0021117764799,-0.861009755678543
"442",480,480,480,1442,20150315,"SKMEL5 Subclone01","E",7715,"E04",137.8281,"plx",8,24,12.9134504414581,-0.949671090700297
"443",483,483,483,1472,20150315,"SKMEL5 Subclone01","F",16028,"F04",0,"plx",8,25,13.9683067944308,0
"444",484,484,484,1482,20150315,"SKMEL5 Subclone01","F",8576,"F04",21.0336,"plx",8,25,13.0660891904578,-0.902217603973027
"445",485,485,485,1492,20150315,"SKMEL5 Subclone01","F",8927,"F04",46.0328,"plx",8,25,13.1239597105923,-0.844347083838509
"446",486,486,486,1502,20150315,"SKMEL5 Subclone01","F",9274,"F04",65.8828,"plx",8,25,13.1789760113745,-0.789330783056274
"447",487,487,487,1513,20150315,"SKMEL5 Subclone01","F",8435,"F04",72.1956,"plx",8,25,13.0421723531749,-0.92613444125587
"448",488,488,488,1522,20150315,"SKMEL5 Subclone01","F",8611,"F04",96.5903,"plx",8,25,13.071965072954,-0.896341721476769
"449",489,489,489,1532,20150315,"SKMEL5 Subclone01","F",8242,"F04",137.8281,"plx",8,25,13.0087787482805,-0.959528046150298
"450",492,492,492,1562,20150315,"SKMEL5 Subclone01","G",14535,"G04",0,"plx",8,26,13.8272434510236,0
"451",493,493,493,1572,20150315,"SKMEL5 Subclone01","G",7871,"G04",21.0336,"plx",8,26,12.9423312245106,-0.884912226513024
"452",494,494,494,1582,20150315,"SKMEL5 Subclone01","G",8045,"G04",46.0328,"plx",8,26,12.9738767056108,-0.853366745412793
"453",495,495,495,1592,20150315,"SKMEL5 Subclone01","G",8339,"G04",65.8828,"plx",8,26,13.0256586729435,-0.8015847780801
"454",496,496,496,1602,20150315,"SKMEL5 Subclone01","G",7798,"G04",72.1956,"plx",8,26,12.9288884393976,-0.898355011625965
"455",497,497,497,1613,20150315,"SKMEL5 Subclone01","G",7934,"G04",96.5903,"plx",8,26,12.9538326821453,-0.873410768878319
"456",498,498,498,1622,20150315,"SKMEL5 Subclone01","G",7789,"G04",137.8281,"plx",8,26,12.9272224027246,-0.900021048298957
"457",501,501,501,1652,20150315,"SKMEL5 Subclone01","B",15171,"B05",0,"plx",8,27,13.8890285638484,0
"458",502,502,502,1662,20150315,"SKMEL5 Subclone01","B",8275,"B05",21.0336,"plx",8,27,13.0145435965819,-0.874484967266496
"459",503,503,503,1672,20150315,"SKMEL5 Subclone01","B",8490,"B05",46.0328,"plx",8,27,13.0515488384404,-0.837479725408039
"460",504,504,504,1682,20150315,"SKMEL5 Subclone01","B",8847,"B05",65.8828,"plx",8,27,13.1109726077829,-0.778055956065546
"461",505,505,505,1692,20150315,"SKMEL5 Subclone01","B",8588,"B05",72.1956,"plx",8,27,13.0681064758588,-0.820922087989666
"462",506,506,506,1702,20150315,"SKMEL5 Subclone01","B",8570,"B05",96.5903,"plx",8,27,13.0650794889999,-0.823949074848577
"463",507,507,507,1713,20150315,"SKMEL5 Subclone01","B",8165,"B05",137.8281,"plx",8,27,12.9952371704491,-0.893791393399382
"464",510,510,510,1742,20150315,"SKMEL5 Subclone01","C",15381,"C05",0,"plx",8,28,13.9088616831185,0
"465",511,511,511,1752,20150315,"SKMEL5 Subclone01","C",8277,"C05",21.0336,"plx",8,28,13.0148922420744,-0.893969441044023
"466",512,512,512,1762,20150315,"SKMEL5 Subclone01","C",8749,"C05",46.0328,"plx",8,28,13.0949024127514,-0.813959270367043
"467",513,513,513,1772,20150315,"SKMEL5 Subclone01","C",8937,"C05",65.8828,"plx",8,28,13.1255749089707,-0.783286774147767
"468",514,514,514,1782,20150315,"SKMEL5 Subclone01","C",8518,"C05",72.1956,"plx",8,28,13.0562990145503,-0.852562668568115
"469",515,515,515,1792,20150315,"SKMEL5 Subclone01","C",8585,"C05",96.5903,"plx",8,28,13.0676024188895,-0.841259264228956
"470",516,516,516,1802,20150315,"SKMEL5 Subclone01","C",8306,"C05",137.8281,"plx",8,28,13.0199381564248,-0.888923526693658
"471",519,519,519,1832,20150315,"SKMEL5 Subclone01","D",14207,"D05",0,"plx",8,29,13.7943143217405,0
"472",520,520,520,1842,20150315,"SKMEL5 Subclone01","D",7648,"D05",21.0336,"plx",8,29,12.9008668079807,-0.893447513759715
"473",521,521,521,1852,20150315,"SKMEL5 Subclone01","D",7882,"D05",46.0328,"plx",8,29,12.9443460341378,-0.84996828760263
"474",522,522,522,1862,20150315,"SKMEL5 Subclone01","D",8247,"D05",65.8828,"plx",8,29,13.0096536922341,-0.784660629506353
"475",523,523,523,1872,20150315,"SKMEL5 Subclone01","D",7862,"D05",72.1956,"plx",8,29,12.9406806484241,-0.85363367331637
"476",524,524,524,1882,20150315,"SKMEL5 Subclone01","D",8226,"D05",96.5903,"plx",8,29,13.0059753565004,-0.788338965240081
"477",525,525,525,1892,20150315,"SKMEL5 Subclone01","D",7714,"D05",137.8281,"plx",8,29,12.9132634306288,-0.881050891111702
"478",528,528,528,1922,20150315,"SKMEL5 Subclone01","E",15867,"E05",0,"plx",8,30,13.9537417607625,0
"479",529,529,529,1932,20150315,"SKMEL5 Subclone01","E",8746,"E05",21.0336,"plx",8,30,13.0944076330812,-0.859334127681286
"480",530,530,530,1942,20150315,"SKMEL5 Subclone01","E",9023,"E05",46.0328,"plx",8,30,13.1393914704193,-0.814350290343238
"481",531,531,531,1952,20150315,"SKMEL5 Subclone01","E",9239,"E05",65.8828,"plx",8,30,13.173520992027,-0.780220768735528
"482",532,532,532,1962,20150315,"SKMEL5 Subclone01","E",8678,"E05",72.1956,"plx",8,30,13.0831468708167,-0.870594889945751
"483",533,533,533,1972,20150315,"SKMEL5 Subclone01","E",8691,"E05",96.5903,"plx",8,30,13.0853064699916,-0.868435290770934
"484",534,534,534,1982,20150315,"SKMEL5 Subclone01","E",8438,"E05",137.8281,"plx",8,30,13.0426853722194,-0.911056388543143
"485",537,537,537,2013,20150315,"SKMEL5 Subclone01","F",15058,"F05",0,"plx",8,31,13.8782425438693,0
"486",538,538,538,2022,20150315,"SKMEL5 Subclone01","F",7807,"F05",21.0336,"plx",8,31,12.9305525543361,-0.947689989533135
"487",539,539,539,2032,20150315,"SKMEL5 Subclone01","F",8311,"F05",46.0328,"plx",8,31,13.0208063607243,-0.857436183145005
"488",540,540,540,2042,20150315,"SKMEL5 Subclone01","F",8386,"F05",65.8828,"plx",8,31,13.0337671148464,-0.844475429022881
"489",541,541,541,2052,20150315,"SKMEL5 Subclone01","F",7840,"F05",72.1956,"plx",8,31,12.9366379390026,-0.941604604866699
"490",542,542,542,2062,20150315,"SKMEL5 Subclone01","F",8033,"F05",96.5903,"plx",8,31,12.9717231611768,-0.90651938269251
"491",543,543,543,2072,20150315,"SKMEL5 Subclone01","F",7644,"F05",137.8281,"plx",8,31,12.9001120629775,-0.978130480891814
"492",546,546,546,2103,20150315,"SKMEL5 Subclone01","G",14563,"G05",0,"plx",8,32,13.8300199630597,0
"493",547,547,547,2112,20150315,"SKMEL5 Subclone01","G",7982,"G05",21.0336,"plx",8,32,12.9625345635113,-0.867485399548414
"494",548,548,548,2121,20150315,"SKMEL5 Subclone01","G",8154,"G05",46.0328,"plx",8,32,12.9932922414885,-0.836727721571138
"495",549,549,549,2131,20150315,"SKMEL5 Subclone01","G",8443,"G05",65.8828,"plx",8,32,13.0435399987717,-0.78647996428795
"496",550,550,550,2141,20150315,"SKMEL5 Subclone01","G",7960,"G05",72.1956,"plx",8,32,12.958552715431,-0.871467247628674
"497",551,551,551,2151,20150315,"SKMEL5 Subclone01","G",7987,"G05",96.5903,"plx",8,32,12.9634379983463,-0.866581964713399
"498",552,552,552,2161,20150315,"SKMEL5 Subclone01","G",7860,"G05",137.8281,"plx",8,32,12.940313597146,-0.889706365913717
"499",555,555,555,2191,20150315,"SKMEL5 Subclone01","B",14300,"B06",0,"plx",8,33,13.8037275265531,0
"500",556,556,556,2201,20150315,"SKMEL5 Subclone01","B",7697,"B06",21.0336,"plx",8,33,12.9100805319664,-0.89364699458676
"501",557,557,557,2212,20150315,"SKMEL5 Subclone01","B",8218,"B06",46.0328,"plx",8,33,13.0045716151677,-0.799155911385458
"502",558,558,558,2221,20150315,"SKMEL5 Subclone01","B",8349,"B06",65.8828,"plx",8,33,13.0273876940528,-0.776339832500351
"503",559,559,559,2231,20150315,"SKMEL5 Subclone01","B",7987,"B06",72.1956,"plx",8,33,12.9634379983463,-0.840289528206828
"504",560,560,560,2241,20150315,"SKMEL5 Subclone01","B",7890,"B06",96.5903,"plx",8,33,12.9458095849008,-0.857917941652292
"505",561,561,561,2251,20150315,"SKMEL5 Subclone01","B",7736,"B06",137.8281,"plx",8,33,12.9173720794768,-0.886355447076273
"506",564,564,564,2281,20150315,"SKMEL5 Subclone01","C",14658,"C06",0,"plx",8,34,13.8394006489884,0
"507",565,565,565,2291,20150315,"SKMEL5 Subclone01","C",7848,"C06",21.0336,"plx",8,34,12.9381093262192,-0.901291322769174
"508",566,566,566,2301,20150315,"SKMEL5 Subclone01","C",8310,"C06",46.0328,"plx",8,34,13.0206327616577,-0.818767887330706
"509",567,567,567,2312,20150315,"SKMEL5 Subclone01","C",8726,"C06",65.8828,"plx",8,34,13.0911047583765,-0.748295890611914
"510",568,568,568,2321,20150315,"SKMEL5 Subclone01","C",8146,"C06",72.1956,"plx",8,34,12.9918760990034,-0.847524549984998
"511",569,569,569,2331,20150315,"SKMEL5 Subclone01","C",8174,"C06",96.5903,"plx",8,34,12.9968265280207,-0.842574120967754
"512",570,570,570,2341,20150315,"SKMEL5 Subclone01","C",8068,"C06",137.8281,"plx",8,34,12.977995368613,-0.86140528037545
"513",573,573,573,2371,20150315,"SKMEL5 Subclone01","D",14869,"D06",0,"plx",8,35,13.8600200031635,0
"514",574,574,574,2381,20150315,"SKMEL5 Subclone01","D",8050,"D06",21.0336,"plx",8,35,12.9747730678893,-0.885246935274157
"515",575,575,575,2391,20150315,"SKMEL5 Subclone01","D",8626,"D06",46.0328,"plx",8,35,13.0744760007345,-0.785544002428997
"516",576,576,576,2401,20150315,"SKMEL5 Subclone01","D",9004,"D06",65.8828,"plx",8,35,13.1363503414542,-0.723669661709343
"517",577,577,577,2412,20150315,"SKMEL5 Subclone01","D",8720,"D06",72.1956,"plx",8,35,13.0901124196643,-0.76990758349921
"518",578,578,578,2421,20150315,"SKMEL5 Subclone01","D",8660,"D06",96.5903,"plx",8,35,13.0801513096141,-0.779868693549411
"519",579,579,579,2431,20150315,"SKMEL5 Subclone01","D",8481,"D06",137.8281,"plx",8,35,13.0500186685523,-0.810001334611167
"520",582,582,582,2461,20150315,"SKMEL5 Subclone01","E",15481,"E06",0,"plx",8,36,13.9182110453757,0
"521",583,583,583,2471,20150315,"SKMEL5 Subclone01","E",8286,"E06",21.0336,"plx",8,36,13.0164601049792,-0.901750940396507
"522",584,584,584,2481,20150315,"SKMEL5 Subclone01","E",8762,"E06",46.0328,"plx",8,36,13.097044499323,-0.821166546052763
"523",585,585,585,2491,20150315,"SKMEL5 Subclone01","E",8977,"E06",65.8828,"plx",8,36,13.1320176797134,-0.786193365662329
"524",586,586,586,2501,20150315,"SKMEL5 Subclone01","E",8383,"E06",72.1956,"plx",8,36,13.0332509140987,-0.884960131276996
"525",587,587,587,2512,20150315,"SKMEL5 Subclone01","E",8259,"E06",96.5903,"plx",8,36,13.0117513953167,-0.906459650058998
"526",588,588,588,2521,20150315,"SKMEL5 Subclone01","E",8083,"E06",137.8281,"plx",8,36,12.9806751323224,-0.937535913053347
"527",591,591,591,2551,20150315,"SKMEL5 Subclone01","F",15498,"F06",0,"plx",8,37,13.9197944288392,0
"528",592,592,592,2561,20150315,"SKMEL5 Subclone01","F",8590,"F06",21.0336,"plx",8,37,13.0684424160258,-0.85135201281333
"529",593,593,593,2571,20150315,"SKMEL5 Subclone01","F",9315,"F06",46.0328,"plx",8,37,13.185340053829,-0.734454375010156
"530",594,594,594,2581,20150315,"SKMEL5 Subclone01","F",9408,"F06",65.8828,"plx",8,37,13.1996723448364,-0.720122084002793
"531",595,595,595,2591,20150315,"SKMEL5 Subclone01","F",8791,"F06",72.1956,"plx",8,37,13.101811569824,-0.817982859015153
"532",596,596,596,2601,20150315,"SKMEL5 Subclone01","F",8908,"F06",96.5903,"plx",8,37,13.1208858427878,-0.798908586051367
"533",597,597,597,2612,20150315,"SKMEL5 Subclone01","F",8781,"F06",137.8281,"plx",8,37,13.1001695311299,-0.819624897709249
"534",600,600,600,2641,20150315,"SKMEL5 Subclone01","G",14326,"G06",0,"plx",8,38,13.8063482267123,0
"535",601,601,601,2651,20150315,"SKMEL5 Subclone01","G",7651,"G06",21.0336,"plx",8,38,12.9014326077295,-0.904915618982742
"536",602,602,602,2661,20150315,"SKMEL5 Subclone01","G",7917,"G06",46.0328,"plx",8,38,12.9507381360474,-0.855610090664826
"537",603,603,603,2671,20150315,"SKMEL5 Subclone01","G",8459,"G06",65.8828,"plx",8,38,13.0462714065991,-0.760076820113128
"538",604,604,604,2681,20150315,"SKMEL5 Subclone01","G",7834,"G06",72.1956,"plx",8,38,12.9355334129507,-0.870814813761504
"539",605,605,605,2691,20150315,"SKMEL5 Subclone01","G",8038,"G06",96.5903,"plx",8,38,12.9726208620587,-0.833727364653506
"540",606,606,606,2701,20150315,"SKMEL5 Subclone01","G",8165,"G06",137.8281,"plx",8,38,12.9952371704491,-0.811111056263194
"541",609,609,609,2731,20150315,"SKMEL5 Subclone01","B",13920,"B07",0,"plx",8,39,13.7648715907361,0
"542",610,610,610,2741,20150315,"SKMEL5 Subclone01","B",7631,"B07",21.0336,"plx",8,39,12.8976564112511,-0.867215179484946
"543",611,611,611,2751,20150315,"SKMEL5 Subclone01","B",8007,"B07",46.0328,"plx",8,39,12.9670460908631,-0.797825499872967
"544",612,612,612,2761,20150315,"SKMEL5 Subclone01","B",8257,"B07",65.8828,"plx",8,39,13.0114019898801,-0.753469600856027
"545",613,613,613,2771,20150315,"SKMEL5 Subclone01","B",7980,"B07",72.1956,"plx",8,39,12.9621730311097,-0.802698559626382
"546",614,614,614,2781,20150315,"SKMEL5 Subclone01","B",7874,"B07",96.5903,"plx",8,39,12.942880997159,-0.82199059357705
"547",615,615,615,2791,20150315,"SKMEL5 Subclone01","B",7775,"B07",137.8281,"plx",8,39,12.9246269599053,-0.840244630830764
"548",618,618,618,2821,20150315,"SKMEL5 Subclone01","C",14275,"C07",0,"plx",8,40,13.8012031251376,0
"549",619,619,619,2831,20150315,"SKMEL5 Subclone01","C",7453,"C07",21.0336,"plx",8,40,12.8636055443214,-0.937597580816118
"550",620,620,620,2841,20150315,"SKMEL5 Subclone01","C",7936,"C07",46.0328,"plx",8,40,12.9541963103869,-0.847006814750693
"551",621,621,621,2851,20150315,"SKMEL5 Subclone01","C",8151,"C07",65.8828,"plx",8,40,12.9927613509431,-0.808441774194437
"552",622,622,622,2861,20150315,"SKMEL5 Subclone01","C",7789,"C07",72.1956,"plx",8,40,12.9272224027246,-0.873980722412924
"553",623,623,623,2871,20150315,"SKMEL5 Subclone01","C",7760,"C07",96.5903,"plx",8,40,12.9218409370745,-0.879362188063077
"554",624,624,624,2881,20150315,"SKMEL5 Subclone01","C",7548,"C07",137.8281,"plx",8,40,12.8818787076004,-0.919324417537121
"555",627,627,627,2912,20150315,"SKMEL5 Subclone01","D",14186,"D07",0,"plx",8,41,13.7921802322548,0
"556",628,628,628,2921,20150315,"SKMEL5 Subclone01","D",7915,"D07",21.0336,"plx",8,41,12.9503736350245,-0.841806597230264
"557",629,629,629,2931,20150315,"SKMEL5 Subclone01","D",8490,"D07",46.0328,"plx",8,41,13.0515488384404,-0.740631393814408
"558",630,630,630,2941,20150315,"SKMEL5 Subclone01","D",8946,"D07",65.8828,"plx",8,41,13.1270270430046,-0.665153189250209
"559",631,631,631,2951,20150315,"SKMEL5 Subclone01","D",8678,"D07",72.1956,"plx",8,41,13.0831468708167,-0.709033361438065
"560",632,632,632,2961,20150315,"SKMEL5 Subclone01","D",8626,"D07",96.5903,"plx",8,41,13.0744760007345,-0.717704231520307
"561",633,633,633,2971,20150315,"SKMEL5 Subclone01","D",8435,"D07",137.8281,"plx",8,41,13.0421723531749,-0.750007879079879
"562",636,636,636,3001,20150315,"SKMEL5 Subclone01","E",15468,"E07",0,"plx",8,42,13.9169990490828,0
"563",637,637,637,3012,20150315,"SKMEL5 Subclone01","E",8227,"E07",21.0336,"plx",8,42,13.0061507281703,-0.910848320912499
"564",638,638,638,3021,20150315,"SKMEL5 Subclone01","E",8814,"E07",46.0328,"plx",8,42,13.1055811812774,-0.811417867805372
"565",639,639,639,3031,20150315,"SKMEL5 Subclone01","E",9225,"E07",65.8828,"plx",8,42,13.1713331958351,-0.745665853247687
"566",640,640,640,3041,20150315,"SKMEL5 Subclone01","E",8853,"E07",72.1956,"plx",8,42,13.1119507061532,-0.805048342929645
"567",641,641,641,3051,20150315,"SKMEL5 Subclone01","E",8765,"E07",96.5903,"plx",8,42,13.0975383756469,-0.819460673435908
"568",642,642,642,3061,20150315,"SKMEL5 Subclone01","E",8459,"E07",137.8281,"plx",8,42,13.0462714065991,-0.870727642483685
"569",645,645,645,3091,20150315,"SKMEL5 Subclone01","F",14758,"F07",0,"plx",8,43,13.8492096005693,0
"570",646,646,646,3102,20150315,"SKMEL5 Subclone01","F",8194,"F07",21.0336,"plx",8,43,13.0003521774803,-0.848857423088963
"571",647,647,647,3112,20150315,"SKMEL5 Subclone01","F",8421,"F07",46.0328,"plx",8,43,13.0397758492337,-0.809433751335582
"572",648,648,648,3121,20150315,"SKMEL5 Subclone01","F",8634,"F07",65.8828,"plx",8,43,13.0758133774615,-0.773396223107809
"573",649,649,649,3131,20150315,"SKMEL5 Subclone01","F",8018,"F07",72.1956,"plx",8,43,12.9690267021508,-0.880182898418493
"574",650,650,650,3141,20150315,"SKMEL5 Subclone01","F",8198,"F07",96.5903,"plx",8,43,13.0010562746348,-0.848153325934485
"575",651,651,651,3151,20150315,"SKMEL5 Subclone01","F",8021,"F07",137.8281,"plx",8,43,12.9695663972905,-0.879643203278753
"576",654,654,654,3181,20150315,"SKMEL5 Subclone01","G",14002,"G07",0,"plx",8,44,13.7733452912913,0
"577",655,655,655,3191,20150315,"SKMEL5 Subclone01","G",7655,"G07",21.0336,"plx",8,44,12.9021866623871,-0.871158628904121
"578",656,656,656,3201,20150315,"SKMEL5 Subclone01","G",7860,"G07",46.0328,"plx",8,44,12.940313597146,-0.833031694145303
"579",657,657,657,3212,20150315,"SKMEL5 Subclone01","G",8268,"G07",65.8828,"plx",8,44,13.0133226734254,-0.760022617865824
"580",658,658,658,3221,20150315,"SKMEL5 Subclone01","G",7778,"G07",72.1956,"plx",8,44,12.9251835194342,-0.848161771857063
"581",659,659,659,3231,20150315,"SKMEL5 Subclone01","G",8021,"G07",96.5903,"plx",8,44,12.9695663972905,-0.803778894000761
"582",660,660,660,3241,20150315,"SKMEL5 Subclone01","G",8078,"G07",137.8281,"plx",8,44,12.9797824307031,-0.793562860588185
"583",663,663,663,3271,20150315,"SKMEL5 Subclone01","B",14421,"B08",0,"plx",8,45,13.8158835888591,0
"584",664,664,664,3281,20150315,"SKMEL5 Subclone01","B",7802,"B08",21.0336,"plx",8,45,12.9296282830246,-0.886255305834491
"585",665,665,665,3291,20150315,"SKMEL5 Subclone01","B",8112,"B08",46.0328,"plx",8,45,12.9858419370033,-0.830041651855711
"586",666,666,666,3301,20150315,"SKMEL5 Subclone01","B",8414,"B08",65.8828,"plx",8,45,13.0385761027688,-0.777307486090262
"587",667,667,667,3312,20150315,"SKMEL5 Subclone01","B",8177,"B08",72.1956,"plx",8,45,12.9973559250204,-0.818527663838671
"588",668,668,668,3321,20150315,"SKMEL5 Subclone01","B",8266,"B08",96.5903,"plx",8,45,13.0129736483745,-0.802909940484512
"589",669,669,669,3331,20150315,"SKMEL5 Subclone01","B",7711,"B08",137.8281,"plx",8,45,12.9127022526479,-0.903181336211132
"590",672,672,672,3361,20150315,"SKMEL5 Subclone01","C",14847,"C08",0,"plx",8,46,13.8578838275882,0
"591",673,673,673,3371,20150315,"SKMEL5 Subclone01","C",7971,"C08",21.0336,"plx",8,46,12.9605450132117,-0.897338814376497
"592",674,674,674,3381,20150315,"SKMEL5 Subclone01","C",8166,"C08",46.0328,"plx",8,46,12.9954138522252,-0.862469975363009
"593",675,675,675,3391,20150315,"SKMEL5 Subclone01","C",8452,"C08",65.8828,"plx",8,46,13.0450770519349,-0.812806775653218
"594",676,676,676,3401,20150315,"SKMEL5 Subclone01","C",7874,"C08",72.1956,"plx",8,46,12.942880997159,-0.915002830429119
"595",677,677,677,3412,20150315,"SKMEL5 Subclone01","C",7615,"C08",96.5903,"plx",8,46,12.8946283213747,-0.963255506213505
"596",678,678,678,3421,20150315,"SKMEL5 Subclone01","C",7664,"C08",137.8281,"plx",8,46,12.9038818457362,-0.954001981851979
"597",681,681,681,3451,20150315,"SKMEL5 Subclone01","D",14613,"D08",0,"plx",8,47,13.8349647685616,0
"598",682,682,682,3461,20150315,"SKMEL5 Subclone01","D",7860,"D08",21.0336,"plx",8,47,12.940313597146,-0.894651171415637
"599",683,683,683,3471,20150315,"SKMEL5 Subclone01","D",8189,"D08",46.0328,"plx",8,47,12.9994715725327,-0.83549319602892
"600",684,684,684,3481,20150315,"SKMEL5 Subclone01","D",8493,"D08",65.8828,"plx",8,47,13.0520585346269,-0.782906233934701
"601",685,685,685,3491,20150315,"SKMEL5 Subclone01","D",8228,"D08",72.1956,"plx",8,47,13.0063260785249,-0.828638690036671
"602",686,686,686,3501,20150315,"SKMEL5 Subclone01","D",8492,"D08",96.5903,"plx",8,47,13.0518886559054,-0.783076112656227
"603",687,687,687,3512,20150315,"SKMEL5 Subclone01","D",8503,"D08",137.8281,"plx",8,47,13.0537562225621,-0.78120854599946
"604",690,690,690,3541,20150315,"SKMEL5 Subclone01","E",15840,"E08",0,"plx",8,48,13.951284714967,0
"605",691,691,691,3551,20150315,"SKMEL5 Subclone01","E",8515,"E08",21.0336,"plx",8,48,13.0557908145659,-0.895493900401068
"606",692,692,692,3561,20150315,"SKMEL5 Subclone01","E",9044,"E08",46.0328,"plx",8,48,13.1427452767515,-0.808539438215442
"607",693,693,693,3571,20150315,"SKMEL5 Subclone01","E",9201,"E08",65.8828,"plx",8,48,13.1675749519882,-0.783709762978797
"608",694,694,694,3581,20150315,"SKMEL5 Subclone01","E",8900,"E08",72.1956,"plx",8,48,13.1195896207411,-0.83169509422585
"609",695,695,695,3591,20150315,"SKMEL5 Subclone01","E",8903,"E08",96.5903,"plx",8,48,13.1200758404978,-0.831208874469221
"610",696,696,696,3601,20150315,"SKMEL5 Subclone01","E",8565,"E08",137.8281,"plx",8,48,13.0642375309714,-0.887047183995611
"611",699,699,699,3631,20150315,"SKMEL5 Subclone01","F",15113,"F08",0,"plx",8,49,13.8835024500801,0
"612",700,700,700,3641,20150315,"SKMEL5 Subclone01","F",8234,"F08",21.0336,"plx",8,49,13.0073777333213,-0.876124716758842
"613",701,701,701,3651,20150315,"SKMEL5 Subclone01","F",8608,"F08",46.0328,"plx",8,49,13.0714623625566,-0.812040087523487
"614",702,702,702,3661,20150315,"SKMEL5 Subclone01","F",9032,"F08",65.8828,"plx",8,49,13.140829770773,-0.742672679307109
"615",703,703,703,3671,20150315,"SKMEL5 Subclone01","F",8419,"F08",72.1956,"plx",8,49,13.0394331663245,-0.844069283755616
"616",704,704,704,3681,20150315,"SKMEL5 Subclone01","F",8609,"F08",96.5903,"plx",8,49,13.0716299521532,-0.811872497926865
"617",705,705,705,3691,20150315,"SKMEL5 Subclone01","F",8364,"F08",137.8281,"plx",8,49,13.0299773465896,-0.853525103490531
"618",708,708,708,3721,20150315,"SKMEL5 Subclone01","G",15198,"G08",0,"plx",8,50,13.8915938624337,0
"619",709,709,709,3731,20150315,"SKMEL5 Subclone01","G",8234,"G08",21.0336,"plx",8,50,13.0073777333213,-0.884216129112389
"620",710,710,710,3741,20150315,"SKMEL5 Subclone01","G",8157,"G08",46.0328,"plx",8,50,12.9938229367459,-0.897770925687742
"621",711,711,711,3751,20150315,"SKMEL5 Subclone01","G",8524,"G08",65.8828,"plx",8,50,13.0573148777827,-0.834278984650954
"622",712,712,712,3761,20150315,"SKMEL5 Subclone01","G",7940,"G08",72.1956,"plx",8,50,12.9549232920303,-0.936670570403337
"623",713,713,713,3771,20150315,"SKMEL5 Subclone01","G",7896,"G08",96.5903,"plx",8,50,12.9469062744564,-0.94468758797726
"624",714,714,714,3781,20150315,"SKMEL5 Subclone01","G",8026,"G08",137.8281,"plx",8,50,12.97046544078,-0.921128421653663
"625",717,717,717,381,20150315,"SKMEL5 Subclone01","B",14953,"B09",0,"plx",8,51,13.8681473389511,0
"626",718,718,718,382,20150315,"SKMEL5 Subclone01","B",7956,"B09",21.0336,"plx",8,51,12.9578275608337,-0.910319778117328
"627",719,719,719,383,20150315,"SKMEL5 Subclone01","B",8362,"B09",46.0328,"plx",8,51,13.0296323280441,-0.838515010906935
"628",720,720,720,384,20150315,"SKMEL5 Subclone01","B",8718,"B09",65.8828,"plx",8,51,13.089781488354,-0.778365850597074
"629",721,721,721,385,20150315,"SKMEL5 Subclone01","B",8166,"B09",72.1956,"plx",8,51,12.9954138522252,-0.872733486725922
"630",722,722,722,386,20150315,"SKMEL5 Subclone01","B",8288,"B09",96.5903,"plx",8,51,13.0168082876866,-0.851339051264517
"631",723,723,723,387,20150315,"SKMEL5 Subclone01","B",8230,"B09",137.8281,"plx",8,51,13.006676715309,-0.861470623642084
"632",726,726,726,390,20150315,"SKMEL5 Subclone01","C",14583,"C09",0,"plx",8,52,13.8319999195097,0
"633",727,727,727,391,20150315,"SKMEL5 Subclone01","C",7895,"C09",21.0336,"plx",8,52,12.9467235507476,-0.885276368762138
"634",728,728,728,392,20150315,"SKMEL5 Subclone01","C",8352,"C09",46.0328,"plx",8,52,13.0279059965699,-0.804093922939853
"635",729,729,729,393,20150315,"SKMEL5 Subclone01","C",8675,"C09",65.8828,"plx",8,52,13.082648042353,-0.749351877156752
"636",730,730,730,394,20150315,"SKMEL5 Subclone01","C",8254,"C09",72.1956,"plx",8,52,13.010877723007,-0.821122196502703
"637",731,731,731,395,20150315,"SKMEL5 Subclone01","C",8177,"C09",96.5903,"plx",8,52,12.9973559250204,-0.834643994489357
"638",732,732,732,396,20150315,"SKMEL5 Subclone01","C",8314,"C09",137.8281,"plx",8,52,13.0213270326244,-0.810672886885366
"639",735,735,735,399,20150315,"SKMEL5 Subclone01","D",13981,"D09",0,"plx",8,53,13.7711799336423,0
"640",736,736,736,400,20150315,"SKMEL5 Subclone01","D",7896,"D09",21.0336,"plx",8,53,12.9469062744564,-0.82427365918586
"641",737,737,737,401,20150315,"SKMEL5 Subclone01","D",8305,"D09",46.0328,"plx",8,53,13.0197644528497,-0.751415480792518
"642",738,738,738,402,20150315,"SKMEL5 Subclone01","D",8472,"D09",65.8828,"plx",8,53,13.0484868739923,-0.72269305964992
"643",739,739,739,403,20150315,"SKMEL5 Subclone01","D",8558,"D09",72.1956,"plx",8,53,13.0630579636235,-0.708121970018768
"644",740,740,740,404,20150315,"SKMEL5 Subclone01","D",8140,"D09",96.5903,"plx",8,53,12.9908130791536,-0.780366854488648
"645",741,741,741,405,20150315,"SKMEL5 Subclone01","D",8368,"D09",137.8281,"plx",8,53,13.0306671362469,-0.740512797395315
"646",744,744,744,408,20150315,"SKMEL5 Subclone01","E",13749,"E09",0,"plx",8,54,13.7470390710955,0
"647",745,745,745,409,20150315,"SKMEL5 Subclone01","E",7727,"E09",21.0336,"plx",8,54,12.9156926826154,-0.831346388480064
"648",746,746,746,410,20150315,"SKMEL5 Subclone01","E",8210,"E09",46.0328,"plx",8,54,13.0031665066652,-0.743872564430302
"649",747,747,747,411,20150315,"SKMEL5 Subclone01","E",8319,"E09",65.8828,"plx",8,54,13.0221944017606,-0.724844669334834
"650",748,748,748,412,20150315,"SKMEL5 Subclone01","E",8264,"E09",72.1956,"plx",8,54,13.0126245388651,-0.734414532230409
"651",749,749,749,413,20150315,"SKMEL5 Subclone01","E",8142,"E09",96.5903,"plx",8,54,12.99116750614,-0.755871564955458
"652",750,750,750,414,20150315,"SKMEL5 Subclone01","E",8349,"E09",137.8281,"plx",8,54,13.0273876940528,-0.719651377042706
"653",753,753,753,417,20150315,"SKMEL5 Subclone01","F",14878,"F09",0,"plx",8,55,13.8608929823388,0
"654",754,754,754,418,20150315,"SKMEL5 Subclone01","F",8201,"F09",21.0336,"plx",8,55,13.0015841220853,-0.859308860253474
"655",755,755,755,419,20150315,"SKMEL5 Subclone01","F",8634,"F09",46.0328,"plx",8,55,13.0758133774615,-0.785079604877369
"656",756,756,756,420,20150315,"SKMEL5 Subclone01","F",8796,"F09",65.8828,"plx",8,55,13.102631888855,-0.758261093483854
"657",757,757,757,4212,20150315,"SKMEL5 Subclone01","F",8127,"F09",72.1956,"plx",8,55,12.9885071789232,-0.872385803415653
"658",758,758,758,4221,20150315,"SKMEL5 Subclone01","F",8550,"F09",96.5903,"plx",8,55,13.0617087046606,-0.799184277678201
"659",759,759,759,4231,20150315,"SKMEL5 Subclone01","F",8421,"F09",137.8281,"plx",8,55,13.0397758492337,-0.821117133105142
"660",762,762,762,4261,20150315,"SKMEL5 Subclone01","G",14426,"G09",0,"plx",8,56,13.8163837084747,0
"661",763,763,763,4271,20150315,"SKMEL5 Subclone01","G",7635,"G09",21.0336,"plx",8,56,12.8984124416842,-0.917971266790513
"662",764,764,764,4281,20150315,"SKMEL5 Subclone01","G",7889,"G09",46.0328,"plx",8,56,12.9456267222298,-0.870756986244901
"663",765,765,765,4291,20150315,"SKMEL5 Subclone01","G",8267,"G09",65.8828,"plx",8,56,13.0131481714548,-0.803235537019966
"664",766,766,766,4301,20150315,"SKMEL5 Subclone01","G",7773,"G09",72.1956,"plx",8,56,12.9242558009012,-0.892127907573477
"665",767,767,767,4312,20150315,"SKMEL5 Subclone01","G",7995,"G09",96.5903,"plx",8,56,12.9648823183677,-0.851501390107032
"666",768,768,768,4321,20150315,"SKMEL5 Subclone01","G",7847,"G09",137.8281,"plx",8,56,12.937925484863,-0.878458223611695
"667",771,771,771,4351,20150315,"SKMEL5 Subclone01","B",13839,"B10",0,"plx",8,57,13.7564520777868,0
"668",772,772,772,4361,20150315,"SKMEL5 Subclone01","B",7728,"B10",21.0336,"plx",8,57,12.9158793788358,-0.840572698951039
"669",773,773,773,4371,20150315,"SKMEL5 Subclone01","B",7865,"B10",46.0328,"plx",8,57,12.941231050303,-0.815221027483764
"670",774,774,774,4381,20150315,"SKMEL5 Subclone01","B",8126,"B10",65.8828,"plx",8,57,12.9883296492311,-0.768122428555724
"671",775,775,775,4391,20150315,"SKMEL5 Subclone01","B",8299,"B10",72.1956,"plx",8,57,13.0187217919702,-0.737730285816635
"672",776,776,776,4401,20150315,"SKMEL5 Subclone01","B",8280,"B10",96.5903,"plx",8,57,13.0154150523867,-0.741037025400125
"673",777,777,777,4412,20150315,"SKMEL5 Subclone01","B",7985,"B10",137.8281,"plx",8,57,12.9630766922986,-0.793375385488218
"674",780,780,780,4441,20150315,"SKMEL5 Subclone01","C",14742,"C10",0,"plx",8,58,13.8476446430833,0
"675",781,781,781,4451,20150315,"SKMEL5 Subclone01","C",7923,"C10",21.0336,"plx",8,58,12.9518310868882,-0.895813556195071
"676",782,782,782,4461,20150315,"SKMEL5 Subclone01","C",8172,"C10",46.0328,"plx",8,58,12.9964734887332,-0.851171154350093
"677",783,783,783,4471,20150315,"SKMEL5 Subclone01","C",8488,"C10",65.8828,"plx",8,58,13.0512089409148,-0.796435702168555
"678",784,784,784,4481,20150315,"SKMEL5 Subclone01","C",7997,"C10",72.1956,"plx",8,58,12.9652431725569,-0.882401470526428
"679",785,785,785,4491,20150315,"SKMEL5 Subclone01","C",7950,"C10",96.5903,"plx",8,58,12.9567391450591,-0.89090549802424
"680",786,786,786,4501,20150315,"SKMEL5 Subclone01","C",7815,"C10",137.8281,"plx",8,58,12.932030157887,-0.915614485196293
"681",789,789,789,4531,20150315,"SKMEL5 Subclone01","D",14152,"D10",0,"plx",8,59,13.7887183326905,0
"682",790,790,790,4541,20150315,"SKMEL5 Subclone01","D",7790,"D10",21.0336,"plx",8,59,12.927407612949,-0.861310719741427
"683",791,791,791,4551,20150315,"SKMEL5 Subclone01","D",8301,"D10",46.0328,"plx",8,59,13.0190694293311,-0.769648903359347
"684",792,792,792,4561,20150315,"SKMEL5 Subclone01","D",8568,"D10",65.8828,"plx",8,59,13.0647427647503,-0.723975567940201
"685",793,793,793,4571,20150315,"SKMEL5 Subclone01","D",8414,"D10",72.1956,"plx",8,59,13.0385761027688,-0.750142229921668
"686",794,794,794,4581,20150315,"SKMEL5 Subclone01","D",8410,"D10",96.5903,"plx",8,59,13.0378900851425,-0.750828247547951
"687",795,795,795,4591,20150315,"SKMEL5 Subclone01","D",8302,"D10",137.8281,"plx",8,59,13.0192432166036,-0.769475116086851
"688",798,798,798,4621,20150315,"SKMEL5 Subclone01","E",14153,"E10",0,"plx",8,60,13.7888202719267,0
"689",799,799,799,4631,20150315,"SKMEL5 Subclone01","E",7688,"E10",21.0336,"plx",8,60,12.9083926207737,-0.88042765115299
"690",800,800,800,4641,20150315,"SKMEL5 Subclone01","E",8106,"E10",46.0328,"plx",8,60,12.9847744600468,-0.804045811879899
"691",801,801,801,4651,20150315,"SKMEL5 Subclone01","E",8322,"E10",65.8828,"plx",8,60,13.0227145730448,-0.766105698881981
"692",802,802,802,4661,20150315,"SKMEL5 Subclone01","E",8291,"E10",72.1956,"plx",8,60,13.01733040424,-0.771489867686727
"693",803,803,803,4671,20150315,"SKMEL5 Subclone01","E",7835,"E10",96.5903,"plx",8,60,12.9357175593599,-0.853102712566798
"694",804,804,804,4681,20150315,"SKMEL5 Subclone01","E",7964,"E10",137.8281,"plx",8,60,12.9592775057205,-0.829542766206238
"695",807,807,807,4712,20150315,"SKMEL5 Subclone01","F",15036,"F10",0,"plx",8,61,13.876133200043,0
"696",808,808,808,4721,20150315,"SKMEL5 Subclone01","F",8244,"F10",21.0336,"plx",8,61,13.0091287895393,-0.86700441050376
"697",809,809,809,4731,20150315,"SKMEL5 Subclone01","F",8827,"F10",46.0328,"plx",8,61,13.1077074823858,-0.768425717657193
"698",810,810,810,4741,20150315,"SKMEL5 Subclone01","F",9150,"F10",65.8828,"plx",8,61,13.1595560280588,-0.716577171984248
"699",811,811,811,4751,20150315,"SKMEL5 Subclone01","F",8750,"F10",72.1956,"plx",8,61,13.0950673016071,-0.781065898435962
"700",812,812,812,4761,20150315,"SKMEL5 Subclone01","F",8665,"F10",96.5903,"plx",8,61,13.0809840340475,-0.795149165995484
"701",813,813,813,4771,20150315,"SKMEL5 Subclone01","F",8497,"F10",137.8281,"plx",8,61,13.0527378495498,-0.823395350493196
"702",816,816,816,4801,20150315,"SKMEL5 Subclone01","G",14032,"G10",0,"plx",8,62,13.7764330324447,0
"703",817,817,817,4812,20150315,"SKMEL5 Subclone01","G",7583,"G10",21.0336,"plx",8,62,12.8885530075792,-0.887880024865521
"704",818,818,818,4821,20150315,"SKMEL5 Subclone01","G",7646,"G10",46.0328,"plx",8,62,12.9004894848346,-0.875943547610085
"705",819,819,819,4831,20150315,"SKMEL5 Subclone01","G",7808,"G10",65.8828,"plx",8,62,12.9307373375629,-0.845695694881848
"706",820,820,820,4841,20150315,"SKMEL5 Subclone01","G",7128,"G10",72.1956,"plx",8,62,12.7992816215219,-0.977151410922812
"707",821,821,821,4851,20150315,"SKMEL5 Subclone01","G",7604,"G10",96.5903,"plx",8,62,12.8925428166486,-0.883890215796182
"708",822,822,822,4861,20150315,"SKMEL5 Subclone01","G",7323,"G10",137.8281,"plx",8,62,12.8382190805023,-0.938213951942425
"709",825,825,825,4891,20150315,"SKMEL5 Subclone01","B",13422,"B11",0,"plx",8,63,13.7123120417803,0
"710",826,826,826,4901,20150315,"SKMEL5 Subclone01","B",7404,"B11",21.0336,"plx",8,63,12.8540891798706,-0.8582228619097
"711",827,827,827,4912,20150315,"SKMEL5 Subclone01","B",7810,"B11",46.0328,"plx",8,63,12.9311068330293,-0.781205208750933
"712",828,828,828,4921,20150315,"SKMEL5 Subclone01","B",8124,"B11",65.8828,"plx",8,63,12.9879745242962,-0.724337517484121
"713",829,829,829,4931,20150315,"SKMEL5 Subclone01","B",8041,"B11",72.1956,"plx",8,63,12.9731592145897,-0.739152827190539
"714",830,830,830,4941,20150315,"SKMEL5 Subclone01","B",8135,"B11",96.5903,"plx",8,63,12.9899266305599,-0.722385411220385
"715",831,831,831,4951,20150315,"SKMEL5 Subclone01","B",7756,"B11",137.8281,"plx",8,63,12.9210970881068,-0.791214953673481
"716",834,834,834,4981,20150315,"SKMEL5 Subclone01","C",14087,"C11",0,"plx",8,64,13.7820767842453,0
"717",835,835,835,4991,20150315,"SKMEL5 Subclone01","C",7612,"C11",21.0336,"plx",8,64,12.894059846274,-0.888016937971278
"718",836,836,836,5001,20150315,"SKMEL5 Subclone01","C",8196,"C11",46.0328,"plx",8,64,13.0007042690112,-0.781372515234054
"719",837,837,837,5012,20150315,"SKMEL5 Subclone01","C",8480,"C11",65.8828,"plx",8,64,13.0498485494506,-0.732228234794737
"720",838,838,838,5021,20150315,"SKMEL5 Subclone01","C",7667,"C11",72.1956,"plx",8,64,12.9044464645057,-0.877630319739579
"721",839,839,839,5031,20150315,"SKMEL5 Subclone01","C",7623,"C11",96.5903,"plx",8,64,12.8961431607745,-0.885933623470789
"722",840,840,840,5041,20150315,"SKMEL5 Subclone01","C",7307,"C11",137.8281,"plx",8,64,12.8350634920051,-0.947013292240205
"723",843,843,843,5071,20150315,"SKMEL5 Subclone01","D",13377,"D11",0,"plx",8,65,13.7074669850351,0
"724",844,844,844,5081,20150315,"SKMEL5 Subclone01","D",7651,"D11",21.0336,"plx",8,65,12.9014326077295,-0.80603437730555
"725",845,845,845,5091,20150315,"SKMEL5 Subclone01","D",8009,"D11",46.0328,"plx",8,65,12.9674064043118,-0.740060580723289
"726",846,846,846,5102,20150315,"SKMEL5 Subclone01","D",8371,"D11",65.8828,"plx",8,65,13.0311842621408,-0.676282722894218
"727",847,847,847,5112,20150315,"SKMEL5 Subclone01","D",8217,"D11",72.1956,"plx",8,65,13.0043960514265,-0.703070933608526
"728",848,848,848,5121,20150315,"SKMEL5 Subclone01","D",7915,"D11",96.5903,"plx",8,65,12.9503736350245,-0.757093350010516
"729",849,849,849,5131,20150315,"SKMEL5 Subclone01","D",8069,"D11",137.8281,"plx",8,65,12.9781741744682,-0.729292810566891
"730",852,852,852,5161,20150315,"SKMEL5 Subclone01","E",14623,"E11",0,"plx",8,66,13.8359516991247,0
"731",853,853,853,5171,20150315,"SKMEL5 Subclone01","E",7943,"E11",21.0336,"plx",8,66,12.9554682879598,-0.88048341116489
"732",854,854,854,5181,20150315,"SKMEL5 Subclone01","E",8351,"E11",46.0328,"plx",8,66,13.0277332497528,-0.80821844937188
"733",855,855,855,5191,20150315,"SKMEL5 Subclone01","E",8697,"E11",65.8828,"plx",8,66,13.0863021187826,-0.749649580342158
"734",856,856,856,5201,20150315,"SKMEL5 Subclone01","E",8223,"E11",72.1956,"plx",8,66,13.0054491135469,-0.830502585577781
"735",857,857,857,5212,20150315,"SKMEL5 Subclone01","E",8366,"E11",96.5903,"plx",8,66,13.030322282644,-0.805629416480677
"736",858,858,858,5221,20150315,"SKMEL5 Subclone01","E",8046,"E11",137.8281,"plx",8,66,12.9740560226256,-0.861895676499081
"737",861,861,861,5251,20150315,"SKMEL5 Subclone01","F",12930,"F11",0,"plx",8,67,13.6584346546976,0
"738",862,862,862,5261,20150315,"SKMEL5 Subclone01","F",7318,"F11",21.0336,"plx",8,67,12.8372337003391,-0.821200954358529
"739",863,863,863,5271,20150315,"SKMEL5 Subclone01","F",7622,"F11",46.0328,"plx",8,67,12.8959538928122,-0.762480761885449
"740",864,864,864,5281,20150315,"SKMEL5 Subclone01","F",7410,"F11",65.8828,"plx",8,67,12.8552578271932,-0.803176827504421
"741",865,865,865,5291,20150315,"SKMEL5 Subclone01","F",7254,"F11",72.1956,"plx",8,67,12.8245610299703,-0.833873624727337
"742",866,866,866,5301,20150315,"SKMEL5 Subclone01","F",7203,"F11",96.5903,"plx",8,67,12.8143821889516,-0.844052465746044
"743",867,867,867,5312,20150315,"SKMEL5 Subclone01","F",6788,"F11",137.8281,"plx",8,67,12.7287708495427,-0.929663805154954
"744",870,870,870,5341,20150315,"SKMEL5 Subclone01","G",12414,"G11",0,"plx",8,68,13.5996804305812,0
"745",871,871,871,5351,20150315,"SKMEL5 Subclone01","G",6783,"G11",21.0336,"plx",8,68,12.7277077774727,-0.87197265310848
"746",872,872,872,5361,20150315,"SKMEL5 Subclone01","G",7196,"G11",46.0328,"plx",8,68,12.8129794712515,-0.786700959329684
"747",873,873,873,5371,20150315,"SKMEL5 Subclone01","G",7559,"G11",65.8828,"plx",8,68,12.8839796738087,-0.715700756772419
"748",874,874,874,5381,20150315,"SKMEL5 Subclone01","G",7088,"G11",72.1956,"plx",8,68,12.791162888555,-0.808517542026148
"749",875,875,875,5391,20150315,"SKMEL5 Subclone01","G",7082,"G11",96.5903,"plx",8,68,12.7899411283909,-0.80973930219025
"750",876,876,876,5401,20150315,"SKMEL5 Subclone01","G",6769,"G11",137.8281,"plx",8,68,12.7247270015344,-0.874953429046721
"13",879,879,879,19,20150306,"SKMEL5 Subclone07","D",2039,"D09",0,"plx",8,1,10.9936460600166,0
"14",880,880,880,20,20150306,"SKMEL5 Subclone07","D",2045,"D09",6.0452,"plx",8,1,10.9978851278291,0.00423906781251498
"15",881,881,881,21,20150306,"SKMEL5 Subclone07","D",2064,"D09",18.81,"plx",8,1,11.0112272554233,0.017581195406658
"16",882,882,882,22,20150306,"SKMEL5 Subclone07","D",2064,"D09",27.2472,"plx",8,1,11.0112272554233,0.017581195406658
"17",883,883,883,23,20150306,"SKMEL5 Subclone07","D",2190,"D09",47.575,"plx",8,1,11.0967151544885,0.10306909447194
"18",884,884,884,24,20150306,"SKMEL5 Subclone07","D",2241,"D09",53.6977,"plx",8,1,11.1299269335104,0.136280873493798
"19",887,887,887,27,20150306,"SKMEL5 Subclone07","E",1972,"E09",0,"plx",8,2,10.9454438363779,0
"20",888,888,888,28,20150306,"SKMEL5 Subclone07","E",1972,"E09",6.0452,"plx",8,2,10.9454438363779,0
"21",889,889,889,29,20150306,"SKMEL5 Subclone07","E",2052,"E09",18.81,"plx",8,2,11.0028150156071,0.057371179229141
"22",890,890,890,30,20150306,"SKMEL5 Subclone07","E",2052,"E09",27.2472,"plx",8,2,11.0028150156071,0.057371179229141
"23",891,891,891,31,20150306,"SKMEL5 Subclone07","E",2164,"E09",47.575,"plx",8,2,11.0794847838268,0.134040947448904
"24",892,892,892,32,20150306,"SKMEL5 Subclone07","E",2244,"E09",53.6977,"plx",8,2,11.1318569606088,0.186413124230881
"79",895,895,895,97,20150426,"SKMEL5 Subclone07","D",2560,"D09",0,"plx",8,3,11.3219280948874,0
"80",896,896,896,98,20150426,"SKMEL5 Subclone07","D",2424,"D09",23.4789,"plx",8,3,11.243173983473,-0.078754111414411
"81",897,897,897,99,20150426,"SKMEL5 Subclone07","D",2488,"D09",31.2453,"plx",8,3,11.2807707701306,-0.041157324756759
"82",898,898,898,100,20150426,"SKMEL5 Subclone07","D",2703,"D09",46.5181,"plx",8,3,11.4003457965347,0.078417701647332
"83",899,899,899,101,20150426,"SKMEL5 Subclone07","D",2213,"D09",49.7047,"plx",8,3,11.111787735801,-0.210140359086351
"84",900,900,900,102,20150426,"SKMEL5 Subclone07","D",2349,"D09",57.3389,"plx",8,3,11.1978309980122,-0.124097096875165
"85",901,901,901,103,20150426,"SKMEL5 Subclone07","D",2531,"D09",71.5639,"plx",8,3,11.3054917921107,-0.016436302776678
"86",902,902,902,104,20150426,"SKMEL5 Subclone07","D",2517,"D09",80.1103,"plx",8,3,11.297489501161,-0.024438593726382
"87",903,903,903,105,20150426,"SKMEL5 Subclone07","D",2521,"D09",94.3492,"plx",8,3,11.2997804028585,-0.022147692028823
"88",904,904,904,106,20150426,"SKMEL5 Subclone07","D",2661,"D09",103.9064,"plx",8,3,11.3777527950222,0.055824700134857
"89",905,905,905,107,20150426,"SKMEL5 Subclone07","D",2648,"D09",122.5225,"plx",8,3,11.3706874068072,0.048759311919855
"90",906,906,906,108,20150426,"SKMEL5 Subclone07","D",2648,"D09",152.6661,"plx",8,3,11.3706874068072,0.048759311919855
"91",907,907,907,109,20150426,"SKMEL5 Subclone07","D",2588,"D09",165.7692,"plx",8,3,11.3376219019925,0.015693807105146
"92",908,908,908,110,20150426,"SKMEL5 Subclone07","D",2414,"D09",173.1189,"plx",8,3,11.237209960755,-0.08471813413234
"93",909,909,909,111,20150426,"SKMEL5 Subclone07","D",2433,"D09",190.802,"plx",8,3,11.2485206049384,-0.073407489948933
"94",910,910,910,112,20150426,"SKMEL5 Subclone07","D",2206,"D09",199.6528,"plx",8,3,11.1072170755914,-0.21471101929598
"95",911,911,911,113,20150426,"SKMEL5 Subclone07","D",2420,"D09",216.2581,"plx",8,3,11.240791332162,-0.081136762725406
"96",912,912,912,114,20150426,"SKMEL5 Subclone07","D",2391,"D09",236.6267,"plx",8,3,11.2233984147116,-0.098529680175734
"97",913,913,913,115,20150426,"SKMEL5 Subclone07","D",2359,"D09",247.3839,"plx",8,3,11.2039597032395,-0.1179683916479
"98",914,914,914,116,20150426,"SKMEL5 Subclone07","D",2309,"D09",269.7556,"plx",8,3,11.1730524577741,-0.148875637113247
"99",915,915,915,117,20150426,"SKMEL5 Subclone07","D",2299,"D09",292.195,"plx",8,3,11.1667907507182,-0.155137344169182
"100",918,918,918,120,20150426,"SKMEL5 Subclone07","E",2792,"E09",0,"plx",8,4,11.4470832262097,0
"101",919,919,919,121,20150426,"SKMEL5 Subclone07","E",2751,"E09",23.4789,"plx",8,4,11.4257404243162,-0.021342801893443
"102",920,920,920,122,20150426,"SKMEL5 Subclone07","E",2799,"E09",31.2453,"plx",8,4,11.4506957715729,0.003612545363262
"103",921,921,921,123,20150426,"SKMEL5 Subclone07","E",3088,"E09",46.5181,"plx",8,4,11.5924570372681,0.145373811058427
"104",922,922,922,124,20150426,"SKMEL5 Subclone07","E",2491,"E09",49.7047,"plx",8,4,11.2825093062408,-0.164573919968817
"105",923,923,923,125,20150426,"SKMEL5 Subclone07","E",2642,"E09",57.3389,"plx",8,4,11.3674147512468,-0.079668474962825
"106",924,924,924,126,20150426,"SKMEL5 Subclone07","E",2882,"E09",71.5639,"plx",8,4,11.4928546201747,0.045771393965095
"107",925,925,925,127,20150426,"SKMEL5 Subclone07","E",2832,"E09",80.1103,"plx",8,4,11.467605550083,0.020522323873344
"108",926,926,926,128,20150426,"SKMEL5 Subclone07","E",3018,"E09",94.3492,"plx",8,4,11.5593770905267,0.112293864317029
"109",927,927,927,129,20150426,"SKMEL5 Subclone07","E",3036,"E09",103.9064,"plx",8,4,11.5679560754155,0.120872849205813
"110",928,928,928,130,20150426,"SKMEL5 Subclone07","E",3162,"E09",122.5225,"plx",8,4,11.6266216523584,0.179538426148717
"111",929,929,929,131,20150426,"SKMEL5 Subclone07","E",3162,"E09",152.6661,"plx",8,4,11.6266216523584,0.179538426148717
"112",930,930,930,132,20150426,"SKMEL5 Subclone07","E",3207,"E09",165.7692,"plx",8,4,11.6470086384416,0.199925412231994
"113",931,931,931,133,20150426,"SKMEL5 Subclone07","E",3136,"E09",173.1189,"plx",8,4,11.6147098441152,0.167626617905554
"114",932,932,932,134,20150426,"SKMEL5 Subclone07","E",3180,"E09",190.802,"plx",8,4,11.6348110501717,0.187727823962065
"115",933,933,933,135,20150426,"SKMEL5 Subclone07","E",2946,"E09",199.6528,"plx",8,4,11.5245417150358,0.077458488826195
"116",934,934,934,136,20150426,"SKMEL5 Subclone07","E",3265,"E09",216.2581,"plx",8,4,11.6728672764338,0.22578405022414
"117",935,935,935,137,20150426,"SKMEL5 Subclone07","E",3314,"E09",236.6267,"plx",8,4,11.6943578872215,0.247274661011799
"118",936,936,936,138,20150426,"SKMEL5 Subclone07","E",3237,"E09",247.3839,"plx",8,4,11.6604416502092,0.213358423999519
"119",937,937,937,139,20150426,"SKMEL5 Subclone07","E",3306,"E09",269.7556,"plx",8,4,11.6908710092923,0.243787783082661
"120",938,938,938,140,20150426,"SKMEL5 Subclone07","E",3334,"E09",292.195,"plx",8,4,11.7030383889864,0.255955162776764
"191",941,941,941,221,20150831,"SKMEL5 Subclone07","D",1311,"D09",0,"plx",8,5,10.3564519702218,0
"192",942,942,942,222,20150831,"SKMEL5 Subclone07","D",1261,"D09",4.1086,"plx",8,5,10.3003525603282,-0.056099409893536
"193",943,943,943,223,20150831,"SKMEL5 Subclone07","D",1217,"D09",16.2783,"plx",8,5,10.2491134527137,-0.107338517508026
"194",944,944,944,224,20150831,"SKMEL5 Subclone07","D",1226,"D09",22.8811,"plx",8,5,10.2597432636908,-0.096708706530974
"195",945,945,945,225,20150831,"SKMEL5 Subclone07","D",1243,"D09",28.0463,"plx",8,5,10.2796105810525,-0.076841389169271
"196",946,946,946,226,20150831,"SKMEL5 Subclone07","D",1356,"D09",41.6566,"plx",8,5,10.4051414631363,0.048689492914588
"197",947,947,947,227,20150831,"SKMEL5 Subclone07","D",1217,"D09",48.5616,"plx",8,5,10.2491134527137,-0.107338517508026
"198",948,948,948,228,20150831,"SKMEL5 Subclone07","D",1358,"D09",65.5052,"plx",8,5,10.4072677642447,0.050815794022977
"199",949,949,949,229,20150831,"SKMEL5 Subclone07","D",1386,"D09",72.9925,"plx",8,5,10.4367115421372,0.080259571915459
"200",950,950,950,230,20150831,"SKMEL5 Subclone07","D",1450,"D09",91.4902,"plx",8,5,10.5018371849023,0.145385214680541
"201",951,951,951,231,20150831,"SKMEL5 Subclone07","D",1495,"D09",99.2238,"plx",8,5,10.5459297690855,0.189477798863711
"202",952,952,952,232,20150831,"SKMEL5 Subclone07","D",1608,"D09",118.6333,"plx",8,5,10.6510516911789,0.294599720957173
"203",953,953,953,233,20150831,"SKMEL5 Subclone07","D",1901,"D09",167.858,"plx",8,5,10.8925428166486,0.536090846426797
"204",954,954,954,234,20150831,"SKMEL5 Subclone07","D",1841,"D09",184.7286,"plx",8,5,10.8462739113499,0.48982194112815
"205",957,957,957,237,20150831,"SKMEL5 Subclone07","E",1217,"E09",0,"plx",8,6,10.2491134527137,0
"206",958,958,958,238,20150831,"SKMEL5 Subclone07","E",1161,"E09",4.1086,"plx",8,6,10.1811522568656,-0.067961195848163
"207",959,959,959,239,20150831,"SKMEL5 Subclone07","E",1111,"E09",16.2783,"plx",8,6,10.1176431013891,-0.131470351324637
"208",960,960,960,240,20150831,"SKMEL5 Subclone07","E",1111,"E09",22.8811,"plx",8,6,10.1176431013891,-0.131470351324637
"209",961,961,961,241,20150831,"SKMEL5 Subclone07","E",1138,"E09",28.0463,"plx",8,6,10.1522848423066,-0.096828610407147
"210",962,962,962,242,20150831,"SKMEL5 Subclone07","E",1265,"E09",41.6566,"plx",8,6,10.3049216695817,0.055808216867943
"211",963,963,963,243,20150831,"SKMEL5 Subclone07","E",1050,"E09",48.5616,"plx",8,6,10.0361736125535,-0.212939840160244
"212",964,964,964,244,20150831,"SKMEL5 Subclone07","E",1192,"E09",65.5052,"plx",8,6,10.2191685204622,-0.029944932251567
"213",965,965,965,245,20150831,"SKMEL5 Subclone07","E",1202,"E09",72.9925,"plx",8,6,10.2312211807112,-0.017892272002543
"214",966,966,966,246,20150831,"SKMEL5 Subclone07","E",1270,"E09",91.4902,"plx",8,6,10.3106127816595,0.0614993289458
"215",967,967,967,247,20150831,"SKMEL5 Subclone07","E",1281,"E09",99.2238,"plx",8,6,10.3230547603416,0.073941307627918
"216",968,968,968,248,20150831,"SKMEL5 Subclone07","E",1365,"E09",118.6333,"plx",8,6,10.4146852358072,0.165571783093485
"217",969,969,969,249,20150831,"SKMEL5 Subclone07","E",1511,"E09",167.858,"plx",8,6,10.5612879451648,0.3121744924511
"218",970,970,970,250,20150831,"SKMEL5 Subclone07","E",1467,"E09",184.7286,"plx",8,6,10.5186531556734,0.269539702959661
"275",973,973,973,317,20150916,"SKMEL5 Subclone07","D",1616,"D09",0,"plx",8,7,10.6582114827518,0
"276",974,974,974,318,20150916,"SKMEL5 Subclone07","D",1541,"D09",16.6775,"plx",8,7,10.5896511465148,-0.068560336237009
"277",975,975,975,319,20150916,"SKMEL5 Subclone07","D",1536,"D09",20.5578,"plx",8,7,10.5849625007212,-0.073248982030639
"278",976,976,976,320,20150916,"SKMEL5 Subclone07","D",1696,"D09",41.1828,"plx",8,7,10.7279204545632,0.069708971811403
"279",977,977,977,321,20150916,"SKMEL5 Subclone07","D",1780,"D09",50.3011,"plx",8,7,10.7976615258538,0.139450043101965
"280",978,978,978,322,20150916,"SKMEL5 Subclone07","D",1780,"D09",65.075,"plx",8,7,10.7976615258538,0.139450043101965
"281",979,979,979,323,20150916,"SKMEL5 Subclone07","D",1749,"D09",74.4711,"plx",8,7,10.7723145739217,0.114103091169858
"282",980,980,980,324,20150916,"SKMEL5 Subclone07","D",1757,"D09",87.8089,"plx",8,7,10.7788984760084,0.12068699325658
"283",981,981,981,325,20150916,"SKMEL5 Subclone07","D",1815,"D09",112.468,"plx",8,7,10.8257538328831,0.167542350131317
"284",982,982,982,326,20150916,"SKMEL5 Subclone07","D",1759,"D09",121.873,"plx",8,7,10.780539767472,0.122328284720165
"285",983,983,983,327,20150916,"SKMEL5 Subclone07","D",1759,"D09",136.0425,"plx",8,7,10.780539767472,0.122328284720165
"286",984,984,984,328,20150916,"SKMEL5 Subclone07","D",1675,"D09",146.7853,"plx",8,7,10.7099453802325,0.051733897480702
"287",985,985,985,329,20150916,"SKMEL5 Subclone07","D",1636,"D09",160.4408,"plx",8,7,10.6759570329417,0.017745550189954
"288",986,986,986,330,20150916,"SKMEL5 Subclone07","D",1609,"D09",167.2939,"plx",8,7,10.6519486107234,-0.00626287202834899
"289",989,989,989,333,20150916,"SKMEL5 Subclone07","E",1206,"E09",0,"plx",8,8,10.2360141919001,0
"290",990,990,990,334,20150916,"SKMEL5 Subclone07","E",1167,"E09",16.6775,"plx",8,8,10.1885888457073,-0.047425346192736
"291",991,991,991,335,20150916,"SKMEL5 Subclone07","E",1185,"E09",20.5578,"plx",8,8,10.2106713437856,-0.025342848114463
"292",992,992,992,336,20150916,"SKMEL5 Subclone07","E",1305,"E09",41.1828,"plx",8,8,10.3498340914572,0.113819899557162
"293",993,993,993,337,20150916,"SKMEL5 Subclone07","E",1312,"E09",50.3011,"plx",8,8,10.3575520046181,0.121537812717999
"294",994,994,994,338,20150916,"SKMEL5 Subclone07","E",1312,"E09",65.075,"plx",8,8,10.3575520046181,0.121537812717999
"295",995,995,995,339,20150916,"SKMEL5 Subclone07","E",1241,"E09",74.4711,"plx",8,8,10.2772874001304,0.041273208230272
"296",996,996,996,340,20150916,"SKMEL5 Subclone07","E",1266,"E09",87.8089,"plx",8,8,10.3060616894283,0.070047497528257
"297",997,997,997,341,20150916,"SKMEL5 Subclone07","E",1226,"E09",112.468,"plx",8,8,10.2597432636908,0.023729071790697
"298",998,998,998,342,20150916,"SKMEL5 Subclone07","E",1152,"E09",121.873,"plx",8,8,10.1699250014423,-0.066089190457772
"299",999,999,999,343,20150916,"SKMEL5 Subclone07","E",1152,"E09",136.0425,"plx",8,8,10.1699250014423,-0.066089190457772
"300",1000,1000,1000,344,20150916,"SKMEL5 Subclone07","E",1071,"E09",146.7853,"plx",8,8,10.0647427647503,-0.171271427149828
"301",1001,1001,1001,345,20150916,"SKMEL5 Subclone07","E",1042,"E09",160.4408,"plx",8,8,10.0251395622785,-0.210874629621577
"302",1002,1002,1002,346,20150916,"SKMEL5 Subclone07","E",1071,"E09",167.2939,"plx",8,8,10.0647427647503,-0.171271427149828
"25",1005,1005,1005,35,20150306,"SKMEL5 Subclone10","F",4157,"F09",0,"plx",8,1,12.0213270326244,0
"26",1006,1006,1006,36,20150306,"SKMEL5 Subclone10","F",4346,"F09",6.0452,"plx",8,1,12.0854724591813,0.064145426556911
"27",1007,1007,1007,37,20150306,"SKMEL5 Subclone10","F",5119,"F09",18.81,"plx",8,1,12.3216462909914,0.30031925836701
"28",1008,1008,1008,38,20150306,"SKMEL5 Subclone10","F",5119,"F09",27.2472,"plx",8,1,12.3216462909914,0.30031925836701
"29",1009,1009,1009,39,20150306,"SKMEL5 Subclone10","F",6396,"F09",47.575,"plx",8,1,12.6429542234803,0.621627190855964
"30",1010,1010,1010,40,20150306,"SKMEL5 Subclone10","F",6865,"F09",53.6977,"plx",8,1,12.7450440050345,0.723716972410094
"31",1013,1013,1013,43,20150306,"SKMEL5 Subclone10","G",4376,"G09",0,"plx",8,2,12.0953970227926,0
"32",1014,1014,1014,44,20150306,"SKMEL5 Subclone10","G",4537,"G09",6.0452,"plx",8,2,12.1475229443507,0.0521259215581861
"33",1015,1015,1015,45,20150306,"SKMEL5 Subclone10","G",5422,"G09",18.81,"plx",8,2,12.4046093978377,0.309212375045155
"34",1016,1016,1016,46,20150306,"SKMEL5 Subclone10","G",5422,"G09",27.2472,"plx",8,2,12.4046093978377,0.309212375045155
"35",1017,1017,1017,47,20150306,"SKMEL5 Subclone10","G",6857,"G09",47.575,"plx",8,2,12.7433618068659,0.647964784073303
"36",1018,1018,1018,48,20150306,"SKMEL5 Subclone10","G",7311,"G09",53.6977,"plx",8,2,12.8358530364445,0.740456013651943
"121",1021,1021,1021,143,20150426,"SKMEL5 Subclone10","F",4789,"F09",0,"plx",8,3,12.225508720236,0
"122",1022,1022,1022,144,20150426,"SKMEL5 Subclone10","F",4619,"F09",23.4789,"plx",8,3,12.173364830849,-0.052143889386965
"123",1023,1023,1023,145,20150426,"SKMEL5 Subclone10","F",5162,"F09",31.2453,"plx",8,3,12.333714426094,0.108205705857968
"124",1024,1024,1024,146,20150426,"SKMEL5 Subclone10","F",6288,"F09",46.5181,"plx",8,3,12.6183855022586,0.392876782022605
"125",1025,1025,1025,147,20150426,"SKMEL5 Subclone10","F",5794,"F09",49.7047,"plx",8,3,12.5003439692704,0.274835249034402
"126",1026,1026,1026,148,20150426,"SKMEL5 Subclone10","F",6499,"F09",57.3389,"plx",8,3,12.6660020326449,0.440493312408899
"127",1027,1027,1027,149,20150426,"SKMEL5 Subclone10","F",7259,"F09",71.5639,"plx",8,3,12.8255551008708,0.600046380634824
"128",1028,1028,1028,150,20150426,"SKMEL5 Subclone10","F",7722,"F09",80.1103,"plx",8,3,12.9147588389419,0.689250118705854
"129",1029,1029,1029,151,20150426,"SKMEL5 Subclone10","F",8112,"F09",94.3492,"plx",8,3,12.9858419370033,0.760333216767344
"130",1030,1030,1030,152,20150426,"SKMEL5 Subclone10","F",8243,"F09",103.9064,"plx",8,3,13.0089537795262,0.783445059290194
"131",1031,1031,1031,153,20150426,"SKMEL5 Subclone10","F",8653,"F09",122.5225,"plx",8,3,13.078984687326,0.853475967090034
"132",1032,1032,1032,154,20150426,"SKMEL5 Subclone10","F",8653,"F09",152.6661,"plx",8,3,13.078984687326,0.853475967090034
"133",1033,1033,1033,155,20150426,"SKMEL5 Subclone10","F",8588,"F09",165.7692,"plx",8,3,13.0681064758588,0.842597755622774
"134",1034,1034,1034,156,20150426,"SKMEL5 Subclone10","F",8316,"F09",173.1189,"plx",8,3,13.0216740428584,0.796165322622364
"135",1035,1035,1035,157,20150426,"SKMEL5 Subclone10","F",8544,"F09",190.802,"plx",8,3,13.0606959316876,0.835187211451554
"136",1036,1036,1036,158,20150426,"SKMEL5 Subclone10","F",8267,"F09",199.6528,"plx",8,3,13.0131481714548,0.787639451218764
"137",1037,1037,1037,159,20150426,"SKMEL5 Subclone10","F",7887,"F09",216.2581,"plx",8,3,12.9452609273392,0.719752207103204
"138",1038,1038,1038,160,20150426,"SKMEL5 Subclone10","F",8454,"F09",236.6267,"plx",8,3,13.0454183970308,0.819909676794794
"139",1039,1039,1039,161,20150426,"SKMEL5 Subclone10","F",8695,"F09",247.3839,"plx",8,3,13.085970312194,0.860461591957944
"140",1040,1040,1040,162,20150426,"SKMEL5 Subclone10","F",8697,"F09",269.7556,"plx",8,3,13.0863021187826,0.860793398546554
"141",1041,1041,1041,163,20150426,"SKMEL5 Subclone10","F",8520,"F09",292.195,"plx",8,3,13.0566377151132,0.831128994877204
"142",1044,1044,1044,166,20150426,"SKMEL5 Subclone10","G",4747,"G09",0,"plx",8,4,12.2128003344294,0
"143",1045,1045,1045,167,20150426,"SKMEL5 Subclone10","G",4951,"G09",23.4789,"plx",8,4,12.2735042339622,0.060703899532729
"144",1046,1046,1046,168,20150426,"SKMEL5 Subclone10","G",5251,"G09",31.2453,"plx",8,4,12.3583764803282,0.145576145898808
"145",1047,1047,1047,169,20150426,"SKMEL5 Subclone10","G",6562,"G09",46.5181,"plx",8,4,12.6799198785184,0.467119544088989
"146",1048,1048,1048,170,20150426,"SKMEL5 Subclone10","G",6279,"G09",49.7047,"plx",8,4,12.6163190969769,0.403518762547433
"147",1049,1049,1049,171,20150426,"SKMEL5 Subclone10","G",7022,"G09",57.3389,"plx",8,4,12.7776662808808,0.564865946451325
"148",1050,1050,1050,172,20150426,"SKMEL5 Subclone10","G",7919,"G09",71.5639,"plx",8,4,12.9511025450013,0.738302210571915
"149",1051,1051,1051,173,20150426,"SKMEL5 Subclone10","G",8588,"G09",80.1103,"plx",8,4,13.0681064758588,0.855306141429345
"150",1052,1052,1052,174,20150426,"SKMEL5 Subclone10","G",9030,"G09",94.3492,"plx",8,4,13.1405102723682,0.927709937938785
"151",1053,1053,1053,175,20150426,"SKMEL5 Subclone10","G",9137,"G09",103.9064,"plx",8,4,13.1575048399261,0.944704505496685
"152",1054,1054,1054,176,20150426,"SKMEL5 Subclone10","G",9610,"G09",122.5225,"plx",8,4,13.2303207156611,1.01752038123169
"153",1055,1055,1055,177,20150426,"SKMEL5 Subclone10","G",9610,"G09",152.6661,"plx",8,4,13.2303207156611,1.01752038123169
"154",1056,1056,1056,178,20150426,"SKMEL5 Subclone10","G",9344,"G09",165.7692,"plx",8,4,13.18982455888,0.977024224450585
"155",1057,1057,1057,179,20150426,"SKMEL5 Subclone10","G",9516,"G09",173.1189,"plx",8,4,13.2161395564251,1.0033392219957
"156",1058,1058,1058,180,20150426,"SKMEL5 Subclone10","G",9386,"G09",190.802,"plx",8,4,13.1962947450283,0.983494410598835
"157",1059,1059,1059,181,20150426,"SKMEL5 Subclone10","G",8674,"G09",199.6528,"plx",8,4,13.0824817278631,0.869681393433675
"158",1060,1060,1060,182,20150426,"SKMEL5 Subclone10","G",8140,"G09",216.2581,"plx",8,4,12.9908130791536,0.778012744724175
"159",1061,1061,1061,183,20150426,"SKMEL5 Subclone10","G",8711,"G09",236.6267,"plx",8,4,13.0886226306078,0.875822296178375
"160",1062,1062,1062,184,20150426,"SKMEL5 Subclone10","G",9066,"G09",247.3839,"plx",8,4,13.146250445886,0.933450111456555
"161",1063,1063,1063,185,20150426,"SKMEL5 Subclone10","G",8964,"G09",269.7556,"plx",8,4,13.1299269335104,0.917126599080965
"162",1064,1064,1064,186,20150426,"SKMEL5 Subclone10","G",8923,"G09",292.195,"plx",8,4,13.1233131245687,0.910512790139315
"219",1067,1067,1067,253,20150831,"SKMEL5 Subclone10","F",2927,"F09",0,"plx",8,5,11.5152070304088,0
"220",1068,1068,1068,254,20150831,"SKMEL5 Subclone10","F",2863,"F09",4.1086,"plx",8,5,11.4833119549994,-0.031895075409399
"221",1069,1069,1069,255,20150831,"SKMEL5 Subclone10","F",2784,"F09",16.2783,"plx",8,5,11.4429434958487,-0.072263534560023
"222",1070,1070,1070,256,20150831,"SKMEL5 Subclone10","F",2964,"F09",22.8811,"plx",8,5,11.5333297323058,0.018122701897082
"223",1071,1071,1071,257,20150831,"SKMEL5 Subclone10","F",3061,"F09",28.0463,"plx",8,5,11.579787329527,0.06458029911824
"224",1072,1072,1072,258,20150831,"SKMEL5 Subclone10","F",3798,"F09",41.6566,"plx",8,5,11.8910241901495,0.375817159740746
"225",1073,1073,1073,259,20150831,"SKMEL5 Subclone10","F",3561,"F09",48.5616,"plx",8,5,11.7980667203631,0.28285968995431
"226",1074,1074,1074,260,20150831,"SKMEL5 Subclone10","F",4413,"F09",65.5052,"plx",8,5,12.107544031976,0.592337001567235
"227",1075,1075,1075,261,20150831,"SKMEL5 Subclone10","F",4675,"F09",72.9925,"plx",8,5,12.1907506496624,0.675543619253605
"228",1076,1076,1076,262,20150831,"SKMEL5 Subclone10","F",5069,"F09",91.4902,"plx",8,5,12.3074854485895,0.792278418180725
"229",1077,1077,1077,263,20150831,"SKMEL5 Subclone10","F",5172,"F09",99.2238,"plx",8,5,12.3365065598103,0.821299529401505
"230",1078,1078,1078,264,20150831,"SKMEL5 Subclone10","F",5425,"F09",118.6333,"plx",8,5,12.4054074222192,0.890200391810455
"231",1079,1079,1079,265,20150831,"SKMEL5 Subclone10","F",5656,"F09",167.858,"plx",8,5,12.4655664048094,0.950359374400645
"232",1080,1080,1080,266,20150831,"SKMEL5 Subclone10","F",5492,"F09",184.7286,"plx",8,5,12.4231159101471,0.907908879738345
"233",1083,1083,1083,269,20150831,"SKMEL5 Subclone10","G",2373,"G09",0,"plx",8,6,11.2124963851939,0
"234",1084,1084,1084,270,20150831,"SKMEL5 Subclone10","G",2300,"G09",4.1086,"plx",8,6,11.1674181458317,-0.04507823936221
"235",1085,1085,1085,271,20150831,"SKMEL5 Subclone10","G",2282,"G09",16.2783,"plx",8,6,11.1560830762887,-0.056413308905266
"236",1086,1086,1086,272,20150831,"SKMEL5 Subclone10","G",2391,"G09",22.8811,"plx",8,6,11.2233984147116,0.010902029517681
"237",1087,1087,1087,273,20150831,"SKMEL5 Subclone10","G",2523,"G09",28.0463,"plx",8,6,11.3009244909763,0.088428105782353
"238",1088,1088,1088,274,20150831,"SKMEL5 Subclone10","G",3063,"G09",41.6566,"plx",8,6,11.580729651599,0.36823326640501
"239",1089,1089,1089,275,20150831,"SKMEL5 Subclone10","G",2884,"G09",48.5616,"plx",8,6,11.4938554492408,0.281359064046875
"240",1090,1090,1090,276,20150831,"SKMEL5 Subclone10","G",3647,"G09",65.5052,"plx",8,6,11.8324944843361,0.619998099142166
"241",1091,1091,1091,277,20150831,"SKMEL5 Subclone10","G",3901,"G09",72.9925,"plx",8,6,11.9296282830246,0.717131897830613
"242",1092,1092,1092,278,20150831,"SKMEL5 Subclone10","G",4402,"G09",91.4902,"plx",8,6,12.1039434298916,0.891447044697613
"243",1093,1093,1093,279,20150831,"SKMEL5 Subclone10","G",4511,"G09",99.2238,"plx",8,6,12.1392315707194,0.926735185525403
"244",1094,1094,1094,280,20150831,"SKMEL5 Subclone10","G",4731,"G09",118.6333,"plx",8,6,12.2079294455117,0.995433060317723
"245",1095,1095,1095,281,20150831,"SKMEL5 Subclone10","G",4991,"G09",167.858,"plx",8,6,12.2851131885015,1.07261680330754
"246",1096,1096,1096,282,20150831,"SKMEL5 Subclone10","G",5055,"G09",184.7286,"plx",8,6,12.3034953767904,1.09099899159643
"303",1099,1099,1099,349,20150916,"SKMEL5 Subclone10","F",1572,"F09",0,"plx",8,7,10.6183855022586,0
"304",1100,1100,1100,350,20150916,"SKMEL5 Subclone10","F",1575,"F09",16.6775,"plx",8,7,10.6211361132746,0.00275061101603497
"305",1101,1101,1101,351,20150916,"SKMEL5 Subclone10","F",1615,"F09",20.5578,"plx",8,7,10.6573184495813,0.038932947322682
"306",1102,1102,1102,352,20150916,"SKMEL5 Subclone10","F",2107,"F09",41.1828,"plx",8,7,11.0409745988173,0.422589096558699
"307",1103,1103,1103,353,20150916,"SKMEL5 Subclone10","F",2348,"F09",50.3011,"plx",8,7,11.1972166931101,0.578831190851446
"308",1104,1104,1104,354,20150916,"SKMEL5 Subclone10","F",2348,"F09",65.075,"plx",8,7,11.1972166931101,0.578831190851446
"309",1105,1105,1105,355,20150916,"SKMEL5 Subclone10","F",2645,"F09",74.4711,"plx",8,7,11.3690520070014,0.750666504742783
"310",1106,1106,1106,356,20150916,"SKMEL5 Subclone10","F",2914,"F09",87.8089,"plx",8,7,11.5087851620645,0.890399659805903
"311",1107,1107,1107,357,20150916,"SKMEL5 Subclone10","F",3211,"F09",112.468,"plx",8,7,11.6488069497258,1.03042144746716
"312",1108,1108,1108,358,20150916,"SKMEL5 Subclone10","F",3259,"F09",121.873,"plx",8,7,11.6702136367386,1.05182813447996
"313",1109,1109,1109,359,20150916,"SKMEL5 Subclone10","F",3259,"F09",136.0425,"plx",8,7,11.6702136367386,1.05182813447996
"314",1110,1110,1110,360,20150916,"SKMEL5 Subclone10","F",3429,"F09",146.7853,"plx",8,7,11.7435721889356,1.12518668667702
"315",1111,1111,1111,361,20150916,"SKMEL5 Subclone10","F",3453,"F09",160.4408,"plx",8,7,11.7536346188534,1.13524911659478
"316",1112,1112,1112,362,20150916,"SKMEL5 Subclone10","F",3542,"F09",167.2939,"plx",8,7,11.7903484967519,1.17196299449331
"317",1115,1115,1115,365,20150916,"SKMEL5 Subclone10","G",1858,"G09",0,"plx",8,8,10.8595347863827,0
"318",1116,1116,1116,366,20150916,"SKMEL5 Subclone10","G",1921,"G09",16.6775,"plx",8,8,10.9076418036655,0.048107017282874
"319",1117,1117,1117,367,20150916,"SKMEL5 Subclone10","G",2006,"G09",20.5578,"plx",8,8,10.9701058906122,0.110571104229529
"320",1118,1118,1118,368,20150916,"SKMEL5 Subclone10","G",2543,"G09",41.1828,"plx",8,8,11.3123157466901,0.452780960307454
"321",1119,1119,1119,369,20150916,"SKMEL5 Subclone10","G",2892,"G09",50.3011,"plx",8,8,11.4978518369511,0.638317050568464
"322",1120,1120,1120,370,20150916,"SKMEL5 Subclone10","G",2892,"G09",65.075,"plx",8,8,11.4978518369511,0.638317050568464
"323",1121,1121,1121,371,20150916,"SKMEL5 Subclone10","G",3135,"G09",74.4711,"plx",8,8,11.6142497276894,0.754714941306744
"324",1122,1122,1122,372,20150916,"SKMEL5 Subclone10","G",3532,"G09",87.8089,"plx",8,8,11.7862696276485,0.926734841265814
"325",1123,1123,1123,373,20150916,"SKMEL5 Subclone10","G",3743,"G09",112.468,"plx",8,8,11.8699793329,1.01044454651731
"326",1124,1124,1124,374,20150916,"SKMEL5 Subclone10","G",3780,"G09",121.873,"plx",8,8,11.8841705191084,1.02463573272578
"327",1125,1125,1125,375,20150916,"SKMEL5 Subclone10","G",3780,"G09",136.0425,"plx",8,8,11.8841705191084,1.02463573272578
"328",1126,1126,1126,376,20150916,"SKMEL5 Subclone10","G",3890,"G09",146.7853,"plx",8,8,11.9255544398736,1.0660196534909
"329",1127,1127,1127,377,20150916,"SKMEL5 Subclone10","G",3851,"G09",160.4408,"plx",8,8,11.911017407797,1.05148262141433
"330",1128,1128,1128,378,20150916,"SKMEL5 Subclone10","G",3884,"G09",167.2939,"plx",8,8,11.9233274854192,1.06379269903653
