"Column","Row","Cell Nuclei / mm^2","Evaluated Area [mm^2]","Estimated Total Cell Count","Total Granule Count","Cell Nucleus","Contrast","Size [um^2]","Intensity","Roughness","Granularity","Granule Intensity","Granule Count","Longishness","Compactness"





1
Timespan (h):, 0.0000
2,B,6.949517e+000,1.971360e+001,4.410000e+002,2.500000e+001,137,1.669630e-001,1.751345e+002,5.108721e+001,1.329425e+001,2.208341e-001,1.203285e+001,1.824818e-001,1.408781e+000,7.225379e-001
2,C,4.666829e+000,1.971360e+001,3.730000e+002,2.000000e+001,92,1.629731e-001,1.524236e+002,5.322056e+001,1.326477e+001,2.686298e-001,1.577174e+001,2.173913e-001,1.478074e+000,7.453813e-001
2,D,5.985715e+000,1.971360e+001,2.100000e+002,3.400000e+001,118,1.677326e-001,1.538903e+002,5.492555e+001,1.508234e+001,3.685364e-001,2.077966e+001,2.881356e-001,1.536061e+000,7.277138e-001
2,E,2.110218e+001,1.971360e+001,6.420000e+002,1.840000e+002,416,1.947022e-001,1.851865e+002,5.730534e+001,1.733121e+001,5.318426e-001,3.185737e+001,4.423077e-001,1.629959e+000,7.273777e-001
2,F,2.003693e+001,1.971360e+001,5.330000e+002,2.060000e+002,395,1.889224e-001,2.012616e+002,5.784562e+001,1.514532e+001,5.446201e-001,3.584852e+001,5.215190e-001,1.557067e+000,7.444895e-001
2,G,2.992858e+001,1.971360e+001,6.590000e+002,2.220000e+002,590,1.881533e-001,1.826148e+002,5.508417e+001,1.453984e+001,4.381924e-001,2.711186e+001,3.762712e-001,1.638038e+000,7.326453e-001
3,B,7.456781e+000,1.971360e+001,2.480000e+002,3.500000e+001,147,1.680499e-001,1.580338e+002,5.229754e+001,1.353652e+001,3.104634e-001,1.700340e+001,2.380952e-001,1.492541e+000,7.279533e-001
3,C,8.065498e+000,1.971360e+001,2.730000e+002,4.000000e+001,159,1.680102e-001,1.551982e+002,5.249766e+001,1.421430e+001,3.291310e-001,1.716352e+001,2.515723e-001,1.472400e+000,7.447617e-001
3,D,7.964045e+000,1.971360e+001,2.340000e+002,3.500000e+001,157,1.672983e-001,1.612999e+002,5.350668e+001,1.431441e+001,2.872700e-001,1.572611e+001,2.229299e-001,1.436726e+000,7.452778e-001
3,E,2.749371e+001,1.971360e+001,6.520000e+002,2.550000e+002,542,2.019145e-001,1.807848e+002,5.687194e+001,1.713045e+001,5.692520e-001,3.315560e+001,4.704797e-001,1.650931e+000,7.259286e-001
3,F,4.195073e+001,1.971360e+001,9.160000e+002,4.010000e+002,827,1.927518e-001,1.830982e+002,5.795301e+001,1.630300e+001,5.753553e-001,3.438493e+001,4.848851e-001,1.644968e+000,7.257248e-001
3,G,3.495049e+001,1.971360e+001,7.470000e+002,3.040000e+002,689,1.953880e-001,1.871637e+002,5.592773e+001,1.602445e+001,5.066264e-001,3.043614e+001,4.412192e-001,1.636817e+000,7.250813e-001
4,B,8.775668e+000,1.971360e+001,4.000000e+002,3.900000e+001,173,1.677932e-001,1.695534e+002,5.154186e+001,1.271742e+001,2.758385e-001,1.498555e+001,2.254335e-001,1.511684e+000,7.207414e-001
4,C,1.207288e+001,1.971360e+001,3.470000e+002,4.100000e+001,238,1.610226e-001,1.575824e+002,4.998742e+001,1.226941e+001,2.148623e-001,1.112185e+001,1.722689e-001,1.527046e+000,7.216304e-001
4,D,1.217434e+001,1.971360e+001,3.620000e+002,6.100000e+001,240,1.667754e-001,1.536668e+002,5.341773e+001,1.407615e+001,3.534411e-001,1.706319e+001,2.541667e-001,1.475959e+000,7.439587e-001
4,E,3.084165e+001,1.971360e+001,7.060000e+002,2.620000e+002,608,1.983907e-001,1.787580e+002,5.600230e+001,1.635710e+001,5.209106e-001,3.099424e+001,4.309211e-001,1.611349e+000,7.350862e-001
4,F,3.753754e+001,1.971360e+001,8.110000e+002,3.200000e+002,740,1.922843e-001,1.810141e+002,5.757498e+001,1.664469e+001,5.100796e-001,3.128446e+001,4.324324e-001,1.677025e+000,7.232981e-001
4,G,3.114601e+001,1.971360e+001,6.850000e+002,2.740000e+002,614,1.940066e-001,1.874116e+002,5.669006e+001,1.579760e+001,5.131082e-001,3.056189e+001,4.462541e-001,1.639404e+000,7.321788e-001
5,B,8.724941e+000,1.971360e+001,3.570000e+002,2.900000e+001,172,1.620492e-001,1.636530e+002,5.156869e+001,1.391156e+001,2.122920e-001,1.221512e+001,1.686047e-001,1.479970e+000,7.264148e-001
5,C,1.044964e+001,1.971360e+001,3.300000e+002,5.100000e+001,206,1.719152e-001,1.631798e+002,5.220256e+001,1.401229e+001,2.990245e-001,1.777184e+001,2.475728e-001,1.516488e+000,7.254335e-001
5,D,1.242797e+001,1.971360e+001,3.730000e+002,7.300000e+001,245,1.666478e-001,1.545381e+002,5.367855e+001,1.438038e+001,3.838226e-001,2.020612e+001,2.979592e-001,1.509088e+000,7.205879e-001
5,E,4.763209e+001,1.971360e+001,1.059000e+003,4.140000e+002,939,1.914372e-001,1.857544e+002,5.710076e+001,1.628144e+001,5.157093e-001,2.986794e+001,4.408946e-001,1.636278e+000,7.360863e-001
5,F,4.387834e+001,1.971360e+001,9.330000e+002,3.750000e+002,865,1.896496e-001,1.872791e+002,5.746845e+001,1.699675e+001,5.221794e-001,3.141773e+001,4.335260e-001,1.615176e+000,7.296820e-001
5,G,3.495049e+001,1.971360e+001,7.400000e+002,3.290000e+002,689,1.968411e-001,1.905988e+002,5.565210e+001,1.557694e+001,5.303599e-001,3.270271e+001,4.775036e-001,1.593660e+000,7.382327e-001
6,B,4.971187e+000,1.971360e+001,2.390000e+002,1.800000e+001,98,1.555623e-001,1.885151e+002,5.157843e+001,1.177444e+001,1.798576e-001,1.212245e+001,1.836735e-001,1.439596e+000,7.265382e-001
6,C,8.877120e+000,1.971360e+001,3.900000e+002,3.000000e+001,175,1.606861e-001,1.606565e+002,5.045343e+001,1.204972e+001,2.186689e-001,1.185143e+001,1.714286e-001,1.483352e+000,7.230610e-001
6,D,1.121053e+001,1.971360e+001,3.310000e+002,6.200000e+001,221,1.740203e-001,1.512157e+002,5.281728e+001,1.485597e+001,3.770076e-001,2.092986e+001,2.805430e-001,1.536326e+000,7.196827e-001
6,E,5.001623e+001,1.971360e+001,1.175000e+003,4.120000e+002,986,1.931646e-001,1.820567e+002,5.654718e+001,1.621224e+001,5.048265e-001,2.950237e+001,4.178499e-001,1.615110e+000,7.329373e-001
6,F,4.083475e+001,1.971360e+001,9.360000e+002,3.460000e+002,805,1.997871e-001,1.806183e+002,5.578907e+001,1.670150e+001,5.264107e-001,3.108634e+001,4.298137e-001,1.640785e+000,7.304093e-001
6,G,3.256635e+001,1.971360e+001,6.880000e+002,3.100000e+002,642,1.923332e-001,1.944265e+002,5.658289e+001,1.597385e+001,5.545738e-001,3.248079e+001,4.828660e-001,1.612755e+000,7.269021e-001
7,B,1.115981e+001,1.971360e+001,4.360000e+002,5.000000e+001,220,1.691318e-001,1.549510e+002,5.142858e+001,1.343545e+001,3.020920e-001,1.509545e+001,2.272727e-001,1.533510e+000,7.195697e-001
7,C,1.085545e+001,1.971360e+001,4.170000e+002,4.400000e+001,214,1.614179e-001,1.600373e+002,5.220913e+001,1.293028e+001,2.696377e-001,1.396262e+001,2.056075e-001,1.470668e+000,7.256023e-001
7,D,1.303669e+001,1.971360e+001,3.780000e+002,7.100000e+001,257,1.675910e-001,1.611807e+002,5.349154e+001,1.354647e+001,3.783046e-001,1.902529e+001,2.762646e-001,1.550662e+000,7.212234e-001
7,E,4.261018e+001,1.971360e+001,9.090000e+002,3.980000e+002,840,1.959907e-001,1.915821e+002,5.634824e+001,1.625793e+001,5.333091e-001,3.252361e+001,4.738095e-001,1.598016e+000,7.354204e-001
7,F,4.174783e+001,1.971360e+001,9.110000e+002,3.520000e+002,823,1.930083e-001,1.894579e+002,5.699831e+001,1.668543e+001,4.988239e-001,3.070231e+001,4.277035e-001,1.627975e+000,7.353918e-001
7,G,2.206598e+001,1.971360e+001,4.730000e+002,1.930000e+002,435,1.898587e-001,1.885990e+002,5.587915e+001,1.538262e+001,5.103700e-001,3.020038e+001,4.436782e-001,1.612861e+000,7.386668e-001
8,B,7.507508e+000,1.971360e+001,2.980000e+002,3.600000e+001,148,1.668995e-001,1.725765e+002,5.116976e+001,1.278289e+001,2.517471e-001,1.456081e+001,2.432432e-001,1.429379e+000,7.421009e-001
8,C,8.775668e+000,1.971360e+001,2.570000e+002,4.300000e+001,173,1.743787e-001,1.561263e+002,5.434056e+001,1.670118e+001,3.211877e-001,1.760356e+001,2.485549e-001,1.479613e+000,7.479978e-001
8,D,1.293523e+001,1.971360e+001,3.820000e+002,5.900000e+001,255,1.618560e-001,1.552442e+002,5.248308e+001,1.322045e+001,3.015344e-001,1.498824e+001,2.313725e-001,1.518892e+000,7.388513e-001
8,E,5.245110e+001,1.971360e+001,1.530000e+003,4.740000e+002,1034,1.966970e-001,1.830822e+002,5.790085e+001,1.688137e+001,5.386251e-001,3.283583e+001,4.584139e-001,1.634369e+000,7.296785e-001
8,F,4.337107e+001,1.971360e+001,9.240000e+002,4.050000e+002,855,2.003016e-001,1.836718e+002,5.737095e+001,1.688911e+001,5.538198e-001,3.359142e+001,4.736842e-001,1.626527e+000,7.337621e-001
8,G,2.779807e+001,1.971360e+001,6.490000e+002,2.610000e+002,548,1.938476e-001,1.927837e+002,5.664235e+001,1.613665e+001,5.291801e-001,3.291423e+001,4.762774e-001,1.585142e+000,7.310428e-001
9,B,9.739469e+000,1.971360e+001,3.180000e+002,5.200000e+001,192,1.750229e-001,1.683002e+002,5.007198e+001,1.337716e+001,3.713734e-001,1.800260e+001,2.708333e-001,1.523654e+000,7.050848e-001
9,C,7.862592e+000,1.971360e+001,2.540000e+002,3.600000e+001,155,1.682120e-001,1.645402e+002,5.335251e+001,1.373630e+001,2.644593e-001,1.729032e+001,2.322581e-001,1.493079e+000,7.338834e-001
9,D,1.136271e+001,1.971360e+001,3.480000e+002,5.600000e+001,224,1.730188e-001,1.537694e+002,5.266211e+001,1.478623e+001,3.577030e-001,1.838170e+001,2.500000e-001,1.529929e+000,7.161010e-001
9,E,4.879880e+001,1.971360e+001,1.052000e+003,4.000000e+002,962,1.927248e-001,1.824816e+002,5.588278e+001,1.595971e+001,4.891587e-001,2.867723e+001,4.158004e-001,1.619328e+000,7.296086e-001
9,F,4.631321e+001,1.971360e+001,1.469000e+003,4.370000e+002,913,1.941348e-001,1.880424e+002,6.000498e+001,1.663258e+001,5.545948e-001,3.478478e+001,4.786418e-001,1.633659e+000,7.241534e-001
9,G,2.830533e+001,1.971360e+001,6.000000e+002,2.610000e+002,558,1.933071e-001,1.878650e+002,5.698860e+001,1.648571e+001,5.259082e-001,3.293190e+001,4.677419e-001,1.653271e+000,7.244790e-001
10,B,5.072640e+000,1.971360e+001,1.900000e+002,2.000000e+001,100,1.709164e-001,1.697463e+002,5.201200e+001,1.446099e+001,2.548451e-001,1.666000e+001,2.000000e-001,1.504094e+000,7.297207e-001
10,C,1.080472e+001,1.971360e+001,3.100000e+002,5.800000e+001,213,1.724142e-001,1.689972e+002,5.244672e+001,1.341442e+001,3.077926e-001,1.793584e+001,2.723005e-001,1.537704e+000,7.098605e-001
10,D,1.156562e+001,1.971360e+001,3.240000e+002,4.800000e+001,228,1.680852e-001,1.662439e+002,5.137116e+001,1.292005e+001,2.635542e-001,1.396272e+001,2.105263e-001,1.542734e+000,7.177565e-001
10,E,5.767592e+001,1.971360e+001,1.254000e+003,4.890000e+002,1137,1.955186e-001,1.828538e+002,5.639463e+001,1.643713e+001,5.168143e-001,2.952038e+001,4.300792e-001,1.637331e+000,7.285118e-001
10,F,4.215364e+001,1.971360e+001,1.010000e+003,3.070000e+002,831,1.870814e-001,1.879985e+002,5.544348e+001,1.494631e+001,4.196129e-001,2.668291e+001,3.694344e-001,1.593139e+000,7.335112e-001
10,G,3.332725e+001,1.971360e+001,7.140000e+002,2.700000e+002,657,1.906466e-001,1.849830e+002,5.604530e+001,1.558949e+001,4.946842e-001,2.856849e+001,4.109589e-001,1.658539e+000,7.202503e-001
11,B,7.456781e+000,1.971360e+001,2.140000e+002,3.100000e+001,147,1.602746e-001,1.545238e+002,5.068240e+001,1.297848e+001,2.854482e-001,1.363605e+001,2.108844e-001,1.486505e+000,7.435550e-001
11,C,9.333658e+000,1.971360e+001,2.590000e+002,4.500000e+001,184,1.680295e-001,1.670121e+002,5.104697e+001,1.293373e+001,3.135217e-001,1.607880e+001,2.445652e-001,1.525988e+000,7.247061e-001
11,D,1.313814e+001,1.971360e+001,3.980000e+002,5.100000e+001,259,1.683786e-001,1.598635e+002,4.970492e+001,1.252741e+001,2.307280e-001,1.246525e+001,1.969112e-001,1.510428e+000,7.240080e-001
11,E,4.646538e+001,1.971360e+001,1.053000e+003,3.870000e+002,916,1.990167e-001,1.849044e+002,5.459644e+001,1.614200e+001,5.080315e-001,2.972234e+001,4.224891e-001,1.633627e+000,7.251759e-001
11,F,3.251562e+001,1.971360e+001,7.470000e+002,3.100000e+002,641,1.927049e-001,2.079706e+002,5.584607e+001,1.564543e+001,5.183831e-001,3.278315e+001,4.836193e-001,1.519195e+000,7.354913e-001
11,G,2.987785e+001,1.971360e+001,6.520000e+002,2.360000e+002,589,1.953891e-001,1.820595e+002,5.604318e+001,1.606758e+001,4.648234e-001,2.821760e+001,4.006791e-001,1.619365e+000,7.301247e-001





2
Timespan (h):, 25.9614
2,B,9.638016e+000,1.971360e+001,8.090000e+002,7.400000e+001,190,1.746183e-001,1.848152e+002,5.617636e+001,1.382831e+001,4.679035e-001,2.816316e+001,3.894737e-001,1.495872e+000,7.087777e-001
2,C,9.942375e+000,1.971360e+001,5.920000e+002,8.000000e+001,196,1.740444e-001,1.928422e+002,5.746554e+001,1.438654e+001,4.643610e-001,2.973980e+001,4.081633e-001,1.519639e+000,7.015095e-001
2,D,1.171780e+001,1.971360e+001,6.660000e+002,1.070000e+002,231,1.881855e-001,1.923803e+002,5.882120e+001,1.588452e+001,5.621323e-001,3.413420e+001,4.632035e-001,1.565888e+000,6.961888e-001
2,E,3.449395e+001,1.971360e+001,9.730000e+002,2.760000e+002,680,1.797987e-001,1.905963e+002,6.140921e+001,1.645922e+001,4.644735e-001,3.117623e+001,4.058824e-001,1.630217e+000,7.333861e-001
2,F,3.089238e+001,1.971360e+001,8.200000e+002,2.450000e+002,609,1.770360e-001,1.964622e+002,6.217324e+001,1.659770e+001,4.372415e-001,3.075233e+001,4.022989e-001,1.617745e+000,7.335666e-001
2,G,4.058112e+001,1.971360e+001,9.360000e+002,2.580000e+002,800,1.739948e-001,2.013257e+002,5.907846e+001,1.492141e+001,3.506461e-001,2.397975e+001,3.225000e-001,1.612098e+000,7.302710e-001
3,B,1.055109e+001,1.971360e+001,7.270000e+002,9.500000e+001,208,1.882249e-001,1.779405e+002,5.666801e+001,1.551401e+001,5.905107e-001,3.384375e+001,4.567308e-001,1.559589e+000,7.090406e-001
3,C,1.440630e+001,1.971360e+001,9.830000e+002,1.310000e+002,284,1.939185e-001,1.748080e+002,5.712720e+001,1.566098e+001,5.886351e-001,3.576232e+001,4.612676e-001,1.542658e+000,7.094384e-001
3,D,1.481211e+001,1.971360e+001,8.000000e+002,1.550000e+002,292,1.955131e-001,1.810142e+002,5.763997e+001,1.617240e+001,6.616919e-001,3.937842e+001,5.308219e-001,1.569482e+000,7.015839e-001
3,E,4.124056e+001,1.971360e+001,9.890000e+002,3.260000e+002,813,1.817512e-001,1.917523e+002,5.972120e+001,1.602618e+001,4.576710e-001,3.009820e+001,4.009840e-001,1.596274e+000,7.443014e-001
3,F,5.960352e+001,1.971360e+001,1.412000e+003,4.420000e+002,1175,1.758178e-001,1.978473e+002,6.144049e+001,1.669356e+001,4.207644e-001,2.927393e+001,3.761702e-001,1.626280e+000,7.306057e-001
3,G,5.295836e+001,1.971360e+001,1.290000e+003,4.000000e+002,1044,1.852211e-001,1.964133e+002,5.944216e+001,1.568949e+001,4.225608e-001,2.954725e+001,3.831418e-001,1.595860e+000,7.285875e-001
4,B,1.628318e+001,1.971360e+001,1.095000e+003,1.380000e+002,321,1.958334e-001,1.844764e+002,5.605348e+001,1.558964e+001,5.265796e-001,3.184735e+001,4.299065e-001,1.565447e+000,6.901233e-001
4,C,1.521792e+001,1.971360e+001,9.710000e+002,1.260000e+002,300,1.869623e-001,1.948692e+002,5.529221e+001,1.466098e+001,4.800691e-001,3.095833e+001,4.200000e-001,1.545716e+000,6.944547e-001
4,D,1.963112e+001,1.971360e+001,1.139000e+003,1.700000e+002,387,1.864600e-001,1.778774e+002,5.708557e+001,1.547231e+001,5.345656e-001,3.220736e+001,4.392765e-001,1.561693e+000,6.981786e-001
4,E,4.174783e+001,1.971360e+001,1.035000e+003,2.660000e+002,823,1.754025e-001,1.909986e+002,5.915026e+001,1.561360e+001,3.735398e-001,2.547448e+001,3.232078e-001,1.600009e+000,7.422468e-001
4,F,4.819008e+001,1.971360e+001,1.117000e+003,3.120000e+002,950,1.763477e-001,1.929752e+002,6.094943e+001,1.652695e+001,3.851460e-001,2.576719e+001,3.284211e-001,1.640344e+000,7.267489e-001
4,G,4.392906e+001,1.971360e+001,1.050000e+003,3.730000e+002,866,1.850916e-001,1.921211e+002,6.096739e+001,1.753551e+001,5.079746e-001,3.135527e+001,4.307159e-001,1.626522e+000,7.354483e-001
5,B,1.364540e+001,1.971360e+001,8.690000e+002,1.110000e+002,269,1.842434e-001,1.902400e+002,5.588758e+001,1.533119e+001,4.779643e-001,2.972491e+001,4.126394e-001,1.538892e+000,6.908571e-001
5,C,1.572518e+001,1.971360e+001,1.064000e+003,1.370000e+002,310,1.847028e-001,1.820737e+002,5.711163e+001,1.516426e+001,5.381220e-001,3.247903e+001,4.419355e-001,1.521018e+000,7.108663e-001
5,D,1.379758e+001,1.971360e+001,8.710000e+002,1.510000e+002,272,1.975728e-001,1.919433e+002,5.760636e+001,1.613568e+001,6.346578e-001,3.850797e+001,5.551471e-001,1.586142e+000,6.918127e-001
5,E,6.853137e+001,1.971360e+001,1.651000e+003,4.780000e+002,1351,1.767497e-001,1.965757e+002,6.036073e+001,1.594579e+001,4.102248e-001,2.658919e+001,3.538120e-001,1.624723e+000,7.369822e-001
5,F,5.341490e+001,1.971360e+001,1.268000e+003,4.310000e+002,1053,1.840845e-001,1.984839e+002,6.095257e+001,1.841648e+001,4.865312e-001,3.225372e+001,4.093067e-001,1.570078e+000,7.377814e-001
5,G,5.463234e+001,1.971360e+001,1.238000e+003,4.070000e+002,1077,1.849454e-001,2.016950e+002,5.975389e+001,1.617599e+001,4.156290e-001,2.896750e+001,3.779016e-001,1.602581e+000,7.352556e-001
6,B,1.222506e+001,1.971360e+001,9.430000e+002,8.600000e+001,241,1.814659e-001,1.770822e+002,5.490213e+001,1.427816e+001,4.440857e-001,2.523167e+001,3.568465e-001,1.557542e+000,7.006577e-001
6,C,1.247869e+001,1.971360e+001,9.150000e+002,8.700000e+001,246,1.742837e-001,1.864496e+002,5.604276e+001,1.453714e+001,4.486982e-001,2.616870e+001,3.536585e-001,1.586161e+000,7.002501e-001
6,D,1.851514e+001,1.971360e+001,1.150000e+003,1.680000e+002,365,1.979649e-001,1.743311e+002,5.668492e+001,1.677856e+001,5.701751e-001,3.516849e+001,4.602740e-001,1.584989e+000,6.969215e-001
6,E,6.650231e+001,1.971360e+001,1.696000e+003,4.760000e+002,1311,1.802665e-001,1.938576e+002,6.013851e+001,1.683084e+001,4.215858e-001,2.787490e+001,3.630816e-001,1.616769e+000,7.343853e-001
6,F,5.975570e+001,1.971360e+001,1.440000e+003,4.430000e+002,1178,1.797678e-001,1.910678e+002,6.035905e+001,1.636366e+001,4.469633e-001,2.757541e+001,3.760611e-001,1.592534e+000,7.394997e-001
6,G,4.758137e+001,1.971360e+001,1.124000e+003,3.740000e+002,938,1.822461e-001,1.970652e+002,6.069212e+001,1.701169e+001,4.550371e-001,2.994652e+001,3.987207e-001,1.591856e+000,7.425793e-001
7,B,1.506574e+001,1.971360e+001,8.990000e+002,1.310000e+002,297,1.857106e-001,1.940945e+002,5.551932e+001,1.419043e+001,5.034084e-001,3.022391e+001,4.410774e-001,1.586558e+000,6.919596e-001
7,C,1.516719e+001,1.971360e+001,9.820000e+002,1.160000e+002,299,1.753422e-001,1.899807e+002,5.639715e+001,1.407376e+001,4.563989e-001,2.756577e+001,3.879599e-001,1.535887e+000,7.132697e-001
7,D,1.816005e+001,1.971360e+001,1.212000e+003,1.620000e+002,358,1.875700e-001,1.860547e+002,5.667063e+001,1.510765e+001,5.197329e-001,3.250279e+001,4.525140e-001,1.616217e+000,6.957130e-001
7,E,6.690812e+001,1.971360e+001,1.540000e+003,4.980000e+002,1319,1.826001e-001,1.940423e+002,5.998366e+001,1.673543e+001,4.367146e-001,2.873073e+001,3.775588e-001,1.610028e+000,7.408714e-001
7,F,6.325582e+001,1.971360e+001,1.497000e+003,4.800000e+002,1247,1.838742e-001,1.880789e+002,6.123493e+001,1.750321e+001,4.461444e-001,3.024893e+001,3.849238e-001,1.613613e+000,7.398561e-001
7,G,3.439250e+001,1.971360e+001,8.040000e+002,2.700000e+002,678,1.844781e-001,1.926220e+002,5.989884e+001,1.754179e+001,4.540927e-001,2.999312e+001,3.982301e-001,1.578019e+000,7.428087e-001
8,B,1.192070e+001,1.971360e+001,7.730000e+002,1.020000e+002,235,1.789364e-001,1.872213e+002,5.616902e+001,1.441201e+001,5.293308e-001,3.051915e+001,4.340426e-001,1.516706e+000,7.164626e-001
8,C,1.582664e+001,1.971360e+001,8.710000e+002,1.690000e+002,312,2.012879e-001,1.867716e+002,5.768515e+001,1.750216e+001,6.357116e-001,3.888141e+001,5.416667e-001,1.613248e+000,6.845053e-001
8,D,1.831223e+001,1.971360e+001,1.142000e+003,1.650000e+002,361,1.919747e-001,1.872050e+002,5.733499e+001,1.504031e+001,5.567355e-001,3.374746e+001,4.570637e-001,1.593665e+000,6.995638e-001
8,E,7.715486e+001,1.971360e+001,2.172000e+003,5.680000e+002,1521,1.794695e-001,1.911280e+002,6.069015e+001,1.663103e+001,4.316539e-001,2.879564e+001,3.734385e-001,1.621933e+000,7.406046e-001
8,F,6.964735e+001,1.971360e+001,1.653000e+003,4.730000e+002,1373,1.777541e-001,1.871804e+002,6.029011e+001,1.637908e+001,4.106856e-001,2.637594e+001,3.445011e-001,1.602882e+000,7.363105e-001
8,G,3.525485e+001,1.971360e+001,8.980000e+002,3.150000e+002,695,1.864708e-001,2.026591e+002,6.116606e+001,1.749199e+001,5.031159e-001,3.403441e+001,4.532374e-001,1.582851e+000,7.344524e-001
9,B,1.430485e+001,1.971360e+001,8.360000e+002,1.260000e+002,282,1.963434e-001,1.860257e+002,5.460403e+001,1.515109e+001,5.368632e-001,3.174764e+001,4.468085e-001,1.577967e+000,6.824988e-001
9,C,1.618172e+001,1.971360e+001,9.250000e+002,1.280000e+002,319,1.878676e-001,1.789472e+002,5.655770e+001,1.502227e+001,4.817512e-001,2.972414e+001,4.012539e-001,1.590247e+000,7.001647e-001
9,D,1.628318e+001,1.971360e+001,1.007000e+003,1.580000e+002,321,1.957481e-001,1.741815e+002,5.715393e+001,1.638731e+001,6.363389e-001,3.545405e+001,4.922118e-001,1.590754e+000,6.962561e-001
9,E,5.980643e+001,1.971360e+001,1.408000e+003,4.360000e+002,1179,1.788663e-001,1.940790e+002,5.949312e+001,1.649333e+001,4.431995e-001,2.816921e+001,3.698049e-001,1.587608e+000,7.386664e-001
9,F,6.787193e+001,1.971360e+001,2.008000e+003,4.760000e+002,1338,1.757888e-001,1.918879e+002,6.185381e+001,1.661338e+001,4.097581e-001,2.823200e+001,3.557549e-001,1.650726e+000,7.313244e-001
9,G,4.174783e+001,1.971360e+001,9.700000e+002,3.120000e+002,823,1.815424e-001,1.953897e+002,6.049182e+001,1.727201e+001,4.207427e-001,2.963366e+001,3.791009e-001,1.629011e+000,7.334491e-001
10,B,9.029300e+000,1.971360e+001,5.720000e+002,6.500000e+001,178,1.838714e-001,1.947750e+002,5.521227e+001,1.538235e+001,4.286600e-001,2.823596e+001,3.651685e-001,1.505216e+000,6.973819e-001
10,C,1.496429e+001,1.971360e+001,8.980000e+002,1.290000e+002,295,1.861030e-001,1.970320e+002,5.659808e+001,1.516736e+001,4.814496e-001,3.100791e+001,4.372881e-001,1.579273e+000,7.027692e-001
10,D,1.557301e+001,1.971360e+001,1.010000e+003,1.460000e+002,307,1.915291e-001,1.824512e+002,5.688871e+001,1.603848e+001,5.671486e-001,3.396960e+001,4.755700e-001,1.598163e+000,6.887760e-001
10,E,8.014772e+001,1.971360e+001,2.009000e+003,6.120000e+002,1580,1.855998e-001,1.869895e+002,6.014522e+001,1.730184e+001,4.506872e-001,2.999204e+001,3.873418e-001,1.617175e+000,7.336367e-001
10,F,6.046587e+001,1.971360e+001,1.564000e+003,4.400000e+002,1192,1.832844e-001,1.862914e+002,6.047831e+001,1.698852e+001,4.402086e-001,2.884508e+001,3.691275e-001,1.604999e+000,7.344330e-001
10,G,4.362471e+001,1.971360e+001,1.007000e+003,3.280000e+002,860,1.831936e-001,2.007630e+002,5.994841e+001,1.713929e+001,4.457014e-001,2.944283e+001,3.813953e-001,1.597499e+000,7.340993e-001
11,B,1.298596e+001,1.971360e+001,7.390000e+002,1.170000e+002,256,1.864671e-001,1.752170e+002,5.648340e+001,1.529135e+001,5.571848e-001,3.217253e+001,4.570313e-001,1.521178e+000,7.072478e-001
11,C,1.537010e+001,1.971360e+001,8.640000e+002,1.470000e+002,303,1.981197e-001,1.840256e+002,5.580288e+001,1.618295e+001,5.789064e-001,3.501375e+001,4.851485e-001,1.533463e+000,7.006221e-001
11,D,1.628318e+001,1.971360e+001,1.031000e+003,1.330000e+002,321,1.901651e-001,1.888625e+002,5.573232e+001,1.521803e+001,4.955421e-001,2.999065e+001,4.143302e-001,1.650505e+000,6.825258e-001
11,E,6.366163e+001,1.971360e+001,1.571000e+003,4.550000e+002,1255,1.837953e-001,2.065276e+002,5.808399e+001,1.632610e+001,3.869731e-001,2.702058e+001,3.625498e-001,1.592313e+000,7.315684e-001
11,F,4.874807e+001,1.971360e+001,1.240000e+003,4.490000e+002,961,1.890867e-001,2.047411e+002,5.996661e+001,1.715686e+001,5.002996e-001,3.508394e+001,4.672216e-001,1.546429e+000,7.350421e-001
11,G,4.296526e+001,1.971360e+001,1.053000e+003,3.030000e+002,847,1.845932e-001,1.952445e+002,6.018246e+001,1.676010e+001,4.136028e-001,2.778375e+001,3.577332e-001,1.613265e+000,7.335140e-001





3
Timespan (h):, 40.2572
2,B,1.192070e+001,1.971360e+001,9.690000e+002,1.360000e+002,235,1.983694e-001,1.876835e+002,5.616119e+001,1.543081e+001,6.601396e-001,4.086383e+001,5.787234e-001,1.606462e+000,6.878361e-001
2,C,1.247869e+001,1.971360e+001,6.490000e+002,1.310000e+002,246,1.917828e-001,1.848701e+002,5.782073e+001,1.646331e+001,6.850757e-001,4.067276e+001,5.325203e-001,1.632319e+000,6.979609e-001
2,D,1.516719e+001,1.971360e+001,7.420000e+002,1.810000e+002,299,2.121384e-001,1.900925e+002,5.894142e+001,1.813275e+001,7.712928e-001,4.515385e+001,6.053512e-001,1.663133e+000,6.609774e-001
2,E,4.905243e+001,1.971360e+001,1.348000e+003,3.630000e+002,967,1.796424e-001,1.891744e+002,6.173643e+001,1.627758e+001,4.515461e-001,3.045760e+001,3.753878e-001,1.622995e+000,7.343338e-001
2,F,4.139274e+001,1.971360e+001,1.102000e+003,3.460000e+002,816,1.733027e-001,2.063841e+002,6.254715e+001,1.585897e+001,4.433635e-001,3.148713e+001,4.240196e-001,1.617266e+000,7.294690e-001
2,G,5.716866e+001,1.971360e+001,1.419000e+003,3.760000e+002,1127,1.740384e-001,1.913955e+002,6.029494e+001,1.598175e+001,3.809808e-001,2.582786e+001,3.336291e-001,1.638036e+000,7.344915e-001
3,B,1.318886e+001,1.971360e+001,7.870000e+002,1.640000e+002,260,2.101842e-001,1.875697e+002,5.631740e+001,1.730467e+001,7.594865e-001,4.599936e+001,6.307692e-001,1.641000e+000,6.757687e-001
3,C,1.648608e+001,1.971360e+001,9.310000e+002,2.090000e+002,325,2.026164e-001,1.887941e+002,5.720431e+001,1.707482e+001,7.509358e-001,4.464590e+001,6.430769e-001,1.615727e+000,6.808202e-001
3,D,1.613100e+001,1.971360e+001,8.230000e+002,2.070000e+002,318,2.220003e-001,1.761203e+002,5.764636e+001,1.906234e+001,8.372498e-001,4.921751e+001,6.509434e-001,1.695183e+000,6.724666e-001
3,E,5.929916e+001,1.971360e+001,1.448000e+003,4.870000e+002,1169,1.863106e-001,1.923708e+002,6.102349e+001,1.716780e+001,5.002303e-001,3.175934e+001,4.165954e-001,1.598285e+000,7.493460e-001
3,F,7.517653e+001,1.971360e+001,1.836000e+003,5.800000e+002,1482,1.773293e-001,2.045641e+002,6.246557e+001,1.741580e+001,4.333420e-001,3.103104e+001,3.913630e-001,1.645846e+000,7.239573e-001
3,G,7.893028e+001,1.971360e+001,2.017000e+003,6.010000e+002,1556,1.891944e-001,1.903811e+002,6.008314e+001,1.726370e+001,4.538507e-001,2.999304e+001,3.862468e-001,1.632778e+000,7.256288e-001
4,B,2.008766e+001,1.971360e+001,1.255000e+003,2.600000e+002,396,2.255070e-001,1.810985e+002,5.554613e+001,1.893021e+001,8.227392e-001,4.657660e+001,6.565657e-001,1.649807e+000,6.556007e-001
4,C,2.211671e+001,1.971360e+001,1.144000e+003,2.640000e+002,436,2.067735e-001,1.825129e+002,5.614897e+001,1.741935e+001,7.388048e-001,4.301070e+001,6.055046e-001,1.646488e+000,6.741552e-001
4,D,2.323269e+001,1.971360e+001,1.129000e+003,2.950000e+002,458,2.175727e-001,1.751142e+002,5.826582e+001,1.846923e+001,8.173581e-001,4.770451e+001,6.441048e-001,1.670711e+000,6.833589e-001
4,E,5.716866e+001,1.971360e+001,1.428000e+003,4.200000e+002,1127,1.753457e-001,1.930248e+002,6.000740e+001,1.574650e+001,4.389984e-001,2.727240e+001,3.726708e-001,1.604251e+000,7.411628e-001
4,F,6.356018e+001,1.971360e+001,1.560000e+003,4.680000e+002,1253,1.744813e-001,1.947188e+002,6.170639e+001,1.635348e+001,4.177665e-001,2.819393e+001,3.735036e-001,1.629433e+000,7.327113e-001
4,G,5.214674e+001,1.971360e+001,1.278000e+003,4.630000e+002,1028,1.844841e-001,2.040038e+002,6.092525e+001,1.694612e+001,4.899026e-001,3.367348e+001,4.503891e-001,1.563627e+000,7.373680e-001
5,B,1.902240e+001,1.971360e+001,1.122000e+003,2.030000e+002,375,2.087386e-001,1.875913e+002,5.545493e+001,1.581452e+001,6.538155e-001,4.041333e+001,5.413333e-001,1.630439e+000,6.727797e-001
5,C,1.897167e+001,1.971360e+001,1.097000e+003,2.260000e+002,374,2.092095e-001,1.768384e+002,5.710238e+001,1.774511e+001,7.725773e-001,4.475401e+001,6.042781e-001,1.641541e+000,6.715206e-001
5,D,2.049347e+001,1.971360e+001,1.068000e+003,2.590000e+002,404,2.205004e-001,1.770263e+002,5.794859e+001,1.956265e+001,8.198271e-001,4.624299e+001,6.410891e-001,1.622124e+000,6.799628e-001
5,E,9.303222e+001,1.971360e+001,2.349000e+003,7.500000e+002,1834,1.823059e-001,1.951553e+002,6.134654e+001,1.735280e+001,4.787565e-001,3.141758e+001,4.089422e-001,1.625420e+000,7.355121e-001
5,F,6.741539e+001,1.971360e+001,1.730000e+003,5.430000e+002,1329,1.809344e-001,2.063214e+002,6.125993e+001,1.704371e+001,4.505947e-001,3.173827e+001,4.085779e-001,1.588715e+000,7.322048e-001
5,G,7.142277e+001,1.971360e+001,1.680000e+003,5.970000e+002,1408,1.898674e-001,2.023382e+002,6.070587e+001,1.772434e+001,4.736042e-001,3.338021e+001,4.240057e-001,1.611298e+000,7.347053e-001
6,B,1.699334e+001,1.971360e+001,1.141000e+003,1.980000e+002,335,2.123264e-001,1.788060e+002,5.487958e+001,1.719465e+001,7.531452e-001,4.140945e+001,5.910448e-001,1.636074e+000,6.645276e-001
6,C,1.760206e+001,1.971360e+001,1.071000e+003,1.870000e+002,347,2.037402e-001,1.831514e+002,5.570876e+001,1.692039e+001,6.467929e-001,3.800192e+001,5.389049e-001,1.709280e+000,6.622830e-001
6,D,2.059492e+001,1.971360e+001,1.119000e+003,2.410000e+002,406,2.109695e-001,1.747908e+002,5.663549e+001,1.804347e+001,7.760735e-001,4.426437e+001,5.935961e-001,1.670004e+000,6.765911e-001
6,E,9.151043e+001,1.971360e+001,2.343000e+003,6.740000e+002,1804,1.762438e-001,1.944209e+002,6.073998e+001,1.637540e+001,4.205378e-001,2.839154e+001,3.736142e-001,1.618781e+000,7.340169e-001
6,F,7.771285e+001,1.971360e+001,1.925000e+003,6.270000e+002,1532,1.823228e-001,1.944585e+002,6.118460e+001,1.769599e+001,4.817536e-001,3.222084e+001,4.092689e-001,1.596907e+000,7.354735e-001
6,G,5.564686e+001,1.971360e+001,1.361000e+003,4.470000e+002,1097,1.811716e-001,2.049777e+002,6.113653e+001,1.741489e+001,4.338308e-001,3.083007e+001,4.074749e-001,1.576441e+000,7.403591e-001
7,B,2.150799e+001,1.971360e+001,1.280000e+003,2.650000e+002,424,2.226875e-001,1.806529e+002,5.573484e+001,1.815982e+001,7.982200e-001,4.604442e+001,6.250000e-001,1.693407e+000,6.603341e-001
7,C,2.105146e+001,1.971360e+001,1.294000e+003,2.380000e+002,415,2.132594e-001,1.763861e+002,5.660211e+001,1.741879e+001,7.168264e-001,4.191486e+001,5.734940e-001,1.645756e+000,6.778032e-001
7,D,2.262398e+001,1.971360e+001,1.336000e+003,2.940000e+002,446,2.248060e-001,1.748424e+002,5.790159e+001,1.968842e+001,8.603861e-001,4.990583e+001,6.591928e-001,1.689229e+000,6.731450e-001
7,E,8.633634e+001,1.971360e+001,2.072000e+003,6.110000e+002,1702,1.796353e-001,1.974037e+002,6.030839e+001,1.652826e+001,4.032837e-001,2.726400e+001,3.589894e-001,1.610448e+000,7.361664e-001
7,F,7.492290e+001,1.971360e+001,1.797000e+003,6.300000e+002,1477,1.857158e-001,1.977085e+002,6.199870e+001,1.817769e+001,4.750885e-001,3.417716e+001,4.265403e-001,1.601568e+000,7.331935e-001
7,G,5.265401e+001,1.971360e+001,1.233000e+003,4.370000e+002,1038,1.836793e-001,1.929341e+002,6.039460e+001,1.686582e+001,4.784357e-001,3.154207e+001,4.210019e-001,1.589491e+000,7.477364e-001
8,B,1.537010e+001,1.971360e+001,9.150000e+002,1.740000e+002,303,2.015826e-001,1.899546e+002,5.562486e+001,1.633666e+001,6.906789e-001,3.951018e+001,5.742574e-001,1.653849e+000,6.578982e-001
8,C,1.952966e+001,1.971360e+001,9.150000e+002,2.770000e+002,385,2.346895e-001,1.848295e+002,5.809022e+001,2.057450e+001,8.794207e-001,5.394589e+001,7.194805e-001,1.691296e+000,6.646632e-001
8,D,1.907313e+001,1.971360e+001,1.120000e+003,2.460000e+002,376,2.253736e-001,1.810534e+002,5.745295e+001,1.961328e+001,8.378749e-001,4.842686e+001,6.542553e-001,1.746638e+000,6.560972e-001
8,E,1.029239e+002,1.971360e+001,2.894000e+003,7.760000e+002,2029,1.838543e-001,1.913011e+002,6.125181e+001,1.735139e+001,4.453733e-001,2.985145e+001,3.824544e-001,1.613297e+000,7.345454e-001
8,F,8.856830e+001,1.971360e+001,2.133000e+003,6.300000e+002,1746,1.785122e-001,1.949164e+002,6.108197e+001,1.665576e+001,4.211511e-001,2.808725e+001,3.608247e-001,1.596799e+000,7.385172e-001
8,G,5.361781e+001,1.971360e+001,1.370000e+003,4.310000e+002,1057,1.825252e-001,2.054165e+002,6.066872e+001,1.661258e+001,4.333374e-001,3.141359e+001,4.077578e-001,1.579962e+000,7.332343e-001
9,B,1.871804e+001,1.971360e+001,9.660000e+002,2.280000e+002,369,2.274782e-001,1.867581e+002,5.442594e+001,1.773416e+001,7.782242e-001,4.302755e+001,6.178862e-001,1.662458e+000,6.539905e-001
9,C,1.887022e+001,1.971360e+001,9.680000e+002,2.310000e+002,372,2.120869e-001,1.827531e+002,5.755110e+001,1.773889e+001,7.753432e-001,4.419668e+001,6.209677e-001,1.678378e+000,6.734578e-001
9,D,2.155872e+001,1.971360e+001,1.141000e+003,2.730000e+002,425,2.237231e-001,1.795348e+002,5.674412e+001,2.004437e+001,8.068690e-001,4.822314e+001,6.423529e-001,1.741631e+000,6.573588e-001
9,E,8.511890e+001,1.971360e+001,2.143000e+003,6.250000e+002,1678,1.797194e-001,1.935271e+002,6.040200e+001,1.702251e+001,4.475421e-001,2.885926e+001,3.724672e-001,1.578495e+000,7.402293e-001
9,F,7.928537e+001,1.971360e+001,2.308000e+003,6.340000e+002,1563,1.777588e-001,1.951390e+002,6.247950e+001,1.649022e+001,4.665072e-001,3.147153e+001,4.056302e-001,1.640675e+000,7.243346e-001
9,G,5.792955e+001,1.971360e+001,1.439000e+003,4.250000e+002,1142,1.781207e-001,2.007017e+002,6.066229e+001,1.629114e+001,4.189183e-001,2.846614e+001,3.721541e-001,1.646513e+000,7.276878e-001
10,B,1.070327e+001,1.971360e+001,6.600000e+002,9.500000e+001,211,1.898757e-001,1.935575e+002,5.491364e+001,1.510651e+001,5.201222e-001,3.307583e+001,4.502370e-001,1.607177e+000,6.777891e-001
10,C,2.069637e+001,1.971360e+001,1.018000e+003,2.490000e+002,408,2.208319e-001,1.910909e+002,5.649633e+001,1.835472e+001,7.071248e-001,4.360253e+001,6.102941e-001,1.692671e+000,6.590489e-001
10,D,2.034129e+001,1.971360e+001,9.930000e+002,2.560000e+002,401,2.256616e-001,1.778350e+002,5.715812e+001,1.927819e+001,8.427569e-001,4.792477e+001,6.384040e-001,1.669918e+000,6.670133e-001
10,E,1.055616e+002,1.971360e+001,2.646000e+003,8.360000e+002,2081,1.827529e-001,1.948074e+002,6.034474e+001,1.622335e+001,4.551879e-001,3.144938e+001,4.017299e-001,1.597078e+000,7.318135e-001
10,F,8.253186e+001,1.971360e+001,2.237000e+003,5.760000e+002,1627,1.806839e-001,1.851892e+002,6.079960e+001,1.706347e+001,4.249269e-001,2.813993e+001,3.540258e-001,1.603191e+000,7.342704e-001
10,G,7.005316e+001,1.971360e+001,1.765000e+003,4.770000e+002,1381,1.843651e-001,1.875377e+002,6.089767e+001,1.792201e+001,4.168938e-001,2.869105e+001,3.454019e-001,1.622300e+000,7.345821e-001
11,B,1.608027e+001,1.971360e+001,8.520000e+002,1.920000e+002,317,2.074685e-001,1.782772e+002,5.612844e+001,1.690518e+001,7.676138e-001,4.365668e+001,6.056782e-001,1.647118e+000,6.779493e-001
11,C,1.937749e+001,1.971360e+001,9.570000e+002,2.350000e+002,382,2.265278e-001,1.730475e+002,5.590225e+001,1.927051e+001,8.047401e-001,4.447208e+001,6.151832e-001,1.688986e+000,6.591841e-001
11,D,1.998620e+001,1.971360e+001,1.194000e+003,2.170000e+002,394,1.986580e-001,1.796584e+002,5.620038e+001,1.665610e+001,6.900054e-001,4.138959e+001,5.507614e-001,1.612115e+000,6.860099e-001
11,E,9.054663e+001,1.971360e+001,2.300000e+003,6.660000e+002,1785,1.825431e-001,2.007244e+002,5.855165e+001,1.578264e+001,3.978523e-001,2.765733e+001,3.731092e-001,1.612916e+000,7.268593e-001
11,F,6.898791e+001,1.971360e+001,1.822000e+003,5.780000e+002,1360,1.876887e-001,2.008182e+002,6.042720e+001,1.787898e+001,4.803251e-001,3.476385e+001,4.250000e-001,1.560076e+000,7.291497e-001
11,G,6.624868e+001,1.971360e+001,1.719000e+003,5.180000e+002,1306,1.910162e-001,1.919847e+002,6.070687e+001,1.775721e+001,4.597868e-001,3.172690e+001,3.966309e-001,1.600767e+000,7.363221e-001





4
Timespan (h):, 70.3550
2,B,3.175473e+001,1.971360e+001,1.499000e+003,4.860000e+002,626,2.384139e-001,1.847534e+002,5.750035e+001,2.012829e+001,9.637034e-001,5.686262e+001,7.763578e-001,1.721639e+000,6.449594e-001
2,C,2.313124e+001,1.971360e+001,9.110000e+002,3.060000e+002,456,2.071406e-001,1.877745e+002,5.998752e+001,1.864636e+001,8.048695e-001,5.026645e+001,6.710526e-001,1.723889e+000,6.599887e-001
2,D,2.379068e+001,1.971360e+001,1.006000e+003,3.020000e+002,469,2.037815e-001,1.833001e+002,6.076803e+001,1.808679e+001,7.775639e-001,4.995131e+001,6.439232e-001,1.711158e+000,6.714874e-001
2,E,9.419893e+001,1.971360e+001,2.923000e+003,9.110000e+002,1857,1.829916e-001,1.817075e+002,6.709957e+001,1.850822e+001,5.988716e-001,4.146437e+001,4.905762e-001,1.599887e+000,7.334730e-001
2,F,8.623488e+001,1.971360e+001,2.458000e+003,8.880000e+002,1700,1.828684e-001,1.973312e+002,6.715542e+001,1.837210e+001,5.790660e-001,4.106559e+001,5.223529e-001,1.631648e+000,7.320091e-001
2,G,1.168736e+002,1.971360e+001,3.211000e+003,1.053000e+003,2304,1.811605e-001,1.913019e+002,6.467883e+001,1.733544e+001,5.260744e-001,3.605056e+001,4.570313e-001,1.610725e+000,7.272645e-001
3,B,2.957349e+001,1.971360e+001,1.111000e+003,3.870000e+002,583,2.123615e-001,1.889065e+002,5.739121e+001,1.745725e+001,7.902911e-001,4.917324e+001,6.638079e-001,1.670020e+000,6.615333e-001
3,C,3.596502e+001,1.971360e+001,1.420000e+003,5.250000e+002,709,2.318540e-001,1.714483e+002,6.037439e+001,2.088290e+001,9.610374e-001,5.785943e+001,7.404795e-001,1.723812e+000,6.540851e-001
3,D,2.947204e+001,1.971360e+001,1.160000e+003,4.410000e+002,581,2.356902e-001,1.721155e+002,6.101269e+001,2.170322e+001,9.775179e-001,5.992656e+001,7.590361e-001,1.765941e+000,6.516527e-001
3,E,1.277798e+002,1.971360e+001,3.437000e+003,1.161000e+003,2519,1.859241e-001,1.816887e+002,6.504720e+001,1.873400e+001,5.672460e-001,3.793625e+001,4.608972e-001,1.576169e+000,7.428092e-001
3,F,1.524328e+002,1.971360e+001,4.293000e+003,1.489000e+003,3005,1.839740e-001,1.979275e+002,6.685058e+001,1.847615e+001,5.610449e-001,4.057759e+001,4.955075e-001,1.607653e+000,7.221904e-001
3,G,1.362511e+002,1.971360e+001,3.801000e+003,1.329000e+003,2686,1.884776e-001,1.901920e+002,6.501938e+001,1.836549e+001,5.834470e-001,3.953096e+001,4.947878e-001,1.590962e+000,7.275528e-001
4,B,4.468996e+001,1.971360e+001,1.711000e+003,6.700000e+002,881,2.515823e-001,1.826354e+002,5.744334e+001,2.102497e+001,9.427037e-001,5.689822e+001,7.604994e-001,1.692025e+000,6.438908e-001
4,C,4.037822e+001,1.971360e+001,1.509000e+003,5.830000e+002,796,2.425379e-001,1.761470e+002,5.954538e+001,2.099828e+001,9.237198e-001,5.801863e+001,7.324121e-001,1.721148e+000,6.560664e-001
4,D,4.524795e+001,1.971360e+001,1.671000e+003,5.820000e+002,892,2.153279e-001,1.736059e+002,6.011301e+001,1.956071e+001,8.321895e-001,5.105064e+001,6.524664e-001,1.701851e+000,6.662594e-001
4,E,1.160113e+002,1.971360e+001,3.325000e+003,9.870000e+002,2287,1.782787e-001,1.827050e+002,6.409047e+001,1.761484e+001,5.268421e-001,3.523007e+001,4.315697e-001,1.596303e+000,7.338771e-001
4,F,1.196129e+002,1.971360e+001,3.511000e+003,1.087000e+003,2358,1.826380e-001,1.863673e+002,6.653465e+001,1.892469e+001,5.517518e-001,3.905874e+001,4.609839e-001,1.595070e+000,7.303434e-001
4,G,1.232144e+002,1.971360e+001,3.448000e+003,1.200000e+003,2429,1.872360e-001,1.881773e+002,6.490731e+001,1.850484e+001,5.830835e-001,3.942391e+001,4.940305e-001,1.591895e+000,7.284475e-001
5,B,4.037822e+001,1.971360e+001,1.599000e+003,5.750000e+002,796,2.333700e-001,1.874708e+002,5.741908e+001,1.911465e+001,8.482745e-001,5.318918e+001,7.223618e-001,1.677121e+000,6.537507e-001
5,C,3.956659e+001,1.971360e+001,1.621000e+003,5.480000e+002,780,2.273249e-001,1.779553e+002,5.919803e+001,2.040027e+001,8.926089e-001,5.364038e+001,7.025641e-001,1.718315e+000,6.514317e-001
5,D,4.372616e+001,1.971360e+001,1.595000e+003,6.140000e+002,862,2.299404e-001,1.753512e+002,6.021297e+001,2.123570e+001,9.208646e-001,5.684029e+001,7.122970e-001,1.723732e+000,6.598337e-001
5,E,1.860137e+002,1.971360e+001,5.290000e+003,1.747000e+003,3667,1.827726e-001,1.895348e+002,6.547431e+001,1.778524e+001,5.508795e-001,3.848646e+001,4.764112e-001,1.582209e+000,7.299803e-001
5,F,1.580127e+002,1.971360e+001,4.720000e+003,1.373000e+003,3115,1.776054e-001,1.844125e+002,6.563183e+001,1.778929e+001,5.245254e-001,3.563093e+001,4.407705e-001,1.583452e+000,7.349899e-001
5,G,1.530416e+002,1.971360e+001,3.918000e+003,1.481000e+003,3017,1.854021e-001,1.939830e+002,6.456096e+001,1.731021e+001,5.515957e-001,3.871934e+001,4.908850e-001,1.605663e+000,7.319235e-001
6,B,4.083475e+001,1.971360e+001,1.644000e+003,6.050000e+002,805,2.399490e-001,1.830031e+002,5.667893e+001,1.990246e+001,9.313495e-001,5.489917e+001,7.515528e-001,1.666646e+000,6.450068e-001
6,C,3.718245e+001,1.971360e+001,1.490000e+003,5.020000e+002,733,2.252691e-001,1.799015e+002,5.806235e+001,1.917026e+001,8.522208e-001,5.175580e+001,6.848568e-001,1.710225e+000,6.579313e-001
6,D,4.408124e+001,1.971360e+001,1.619000e+003,5.990000e+002,869,2.202701e-001,1.831742e+002,5.897005e+001,1.916579e+001,8.429113e-001,5.147670e+001,6.892980e-001,1.747962e+000,6.525866e-001
6,E,1.858615e+002,1.971360e+001,5.304000e+003,1.751000e+003,3664,1.817626e-001,1.862886e+002,6.533023e+001,1.794774e+001,5.647023e-001,3.847123e+001,4.778930e-001,1.613093e+000,7.297606e-001
6,F,1.442659e+002,1.971360e+001,4.163000e+003,1.373000e+003,2844,1.840950e-001,1.878375e+002,6.545603e+001,1.884881e+001,5.706725e-001,3.949848e+001,4.827707e-001,1.580849e+000,7.324943e-001
6,G,1.078951e+002,1.971360e+001,3.065000e+003,1.088000e+003,2127,1.854690e-001,1.976537e+002,6.532953e+001,1.889598e+001,5.714614e-001,4.190816e+001,5.115186e-001,1.554894e+000,7.352982e-001
7,B,4.103766e+001,1.971360e+001,1.552000e+003,6.220000e+002,809,2.543901e-001,1.822635e+002,5.782746e+001,2.072821e+001,9.443068e-001,5.954450e+001,7.688504e-001,1.724500e+000,6.437140e-001
7,C,4.494359e+001,1.971360e+001,1.757000e+003,6.140000e+002,886,2.169191e-001,1.851531e+002,5.880651e+001,1.858064e+001,8.484860e-001,5.210459e+001,6.930023e-001,1.700113e+000,6.594786e-001
7,D,5.427725e+001,1.971360e+001,1.969000e+003,7.910000e+002,1070,2.362303e-001,1.735665e+002,5.998563e+001,2.115029e+001,9.480828e-001,5.702632e+001,7.392523e-001,1.780760e+000,6.465401e-001
7,E,1.520778e+002,1.971360e+001,4.281000e+003,1.435000e+003,2998,1.820720e-001,1.939582e+002,6.472202e+001,1.811816e+001,5.469939e-001,3.855292e+001,4.786524e-001,1.559687e+000,7.359553e-001
7,F,1.514183e+002,1.971360e+001,4.279000e+003,1.526000e+003,2985,1.822730e-001,1.883464e+002,6.633094e+001,1.864505e+001,5.978240e-001,4.089414e+001,5.112228e-001,1.604770e+000,7.293282e-001
7,G,1.144388e+002,1.971360e+001,3.060000e+003,1.095000e+003,2256,1.811269e-001,1.853452e+002,6.455966e+001,1.761958e+001,5.687031e-001,3.781752e+001,4.853723e-001,1.562771e+000,7.408643e-001
8,B,3.256635e+001,1.971360e+001,1.342000e+003,4.290000e+002,642,2.072502e-001,1.912996e+002,5.685440e+001,1.703268e+001,8.022285e-001,4.741018e+001,6.682243e-001,1.677248e+000,6.579788e-001
8,C,3.718245e+001,1.971360e+001,1.324000e+003,5.060000e+002,733,2.337777e-001,1.751451e+002,5.912624e+001,2.056109e+001,8.718700e-001,5.285516e+001,6.903138e-001,1.748909e+000,6.559288e-001
8,D,4.504505e+001,1.971360e+001,1.622000e+003,6.660000e+002,888,2.400893e-001,1.750160e+002,6.010211e+001,2.209168e+001,9.710593e-001,5.949493e+001,7.500000e-001,1.760825e+000,6.506846e-001
8,E,2.108189e+002,1.971360e+001,6.304000e+003,1.939000e+003,4156,1.850819e-001,1.833663e+002,6.518621e+001,1.813931e+001,5.542063e-001,3.826644e+001,4.665544e-001,1.587499e+000,7.327105e-001
8,F,1.830209e+002,1.971360e+001,4.931000e+003,1.681000e+003,3608,1.858173e-001,1.864096e+002,6.563654e+001,1.871894e+001,5.721977e-001,3.863692e+001,4.659091e-001,1.584812e+000,7.355252e-001
8,G,1.035833e+002,1.971360e+001,3.136000e+003,9.490000e+002,2042,1.822151e-001,1.934970e+002,6.519707e+001,1.804534e+001,5.404475e-001,3.772821e+001,4.647405e-001,1.574067e+000,7.264120e-001
9,B,3.383451e+001,1.971360e+001,1.349000e+003,5.180000e+002,667,2.616354e-001,1.786895e+002,5.739126e+001,2.202064e+001,9.656236e-001,5.922514e+001,7.766117e-001,1.718235e+000,6.446156e-001
9,C,3.616792e+001,1.971360e+001,1.346000e+003,4.860000e+002,713,2.249743e-001,1.764192e+002,5.941026e+001,2.049641e+001,8.670478e-001,5.179593e+001,6.816269e-001,1.748927e+000,6.557002e-001
9,D,4.012458e+001,1.971360e+001,1.592000e+003,6.110000e+002,791,2.509516e-001,1.781901e+002,5.959382e+001,2.328836e+001,9.994052e-001,6.271745e+001,7.724399e-001,1.713880e+000,6.544911e-001
9,E,1.950937e+002,1.971360e+001,5.473000e+003,1.676000e+003,3846,1.790586e-001,1.821132e+002,6.465592e+001,1.754614e+001,5.319821e-001,3.538707e+001,4.357774e-001,1.585463e+000,7.331775e-001
9,F,1.618679e+002,1.971360e+001,4.939000e+003,1.503000e+003,3191,1.807277e-001,1.817603e+002,6.611647e+001,1.821727e+001,5.591352e-001,3.855087e+001,4.710122e-001,1.596369e+000,7.299148e-001
9,G,1.226057e+002,1.971360e+001,3.316000e+003,1.039000e+003,2417,1.797294e-001,1.953126e+002,6.464718e+001,1.770916e+001,4.776368e-001,3.461040e+001,4.298717e-001,1.616856e+000,7.242391e-001
10,B,2.749371e+001,1.971360e+001,1.112000e+003,3.850000e+002,542,2.217702e-001,1.880691e+002,5.759188e+001,1.892106e+001,8.426149e-001,5.132073e+001,7.103321e-001,1.714967e+000,6.525799e-001
10,C,3.941441e+001,1.971360e+001,1.461000e+003,5.640000e+002,777,2.383436e-001,1.757576e+002,5.967760e+001,2.134454e+001,9.116089e-001,5.634384e+001,7.258687e-001,1.715832e+000,6.569312e-001
10,D,4.453778e+001,1.971360e+001,1.594000e+003,6.180000e+002,878,2.395102e-001,1.747134e+002,5.960389e+001,2.109990e+001,9.145043e-001,5.625987e+001,7.038724e-001,1.752840e+000,6.531944e-001
10,E,2.129494e+002,1.971360e+001,6.069000e+003,2.080000e+003,4198,1.938357e-001,1.839322e+002,6.507721e+001,1.905743e+001,5.949096e-001,4.088624e+001,4.954740e-001,1.598249e+000,7.232933e-001
10,F,1.524836e+002,1.971360e+001,4.510000e+003,1.524000e+003,3006,1.920557e-001,1.805783e+002,6.491857e+001,1.848246e+001,6.054763e-001,4.019206e+001,5.069860e-001,1.601522e+000,7.261864e-001
10,G,1.334104e+002,1.971360e+001,3.674000e+003,1.214000e+003,2630,1.850956e-001,1.885413e+002,6.487056e+001,1.877819e+001,5.515075e-001,3.788802e+001,4.615970e-001,1.569276e+000,7.337606e-001
11,B,3.074020e+001,1.971360e+001,1.193000e+003,4.280000e+002,606,2.403951e-001,1.769763e+002,5.748865e+001,2.080375e+001,8.945881e-001,5.487596e+001,7.062706e-001,1.717099e+000,6.533741e-001
11,C,3.855207e+001,1.971360e+001,1.434000e+003,5.340000e+002,760,2.435316e-001,1.772291e+002,5.748162e+001,2.093780e+001,8.955390e-001,5.414737e+001,7.026316e-001,1.709798e+000,6.551207e-001
11,D,4.692192e+001,1.971360e+001,1.772000e+003,6.140000e+002,925,2.186970e-001,1.845980e+002,5.698493e+001,1.780490e+001,7.868281e-001,4.828784e+001,6.637838e-001,1.706305e+000,6.515895e-001
11,E,1.836296e+002,1.971360e+001,5.033000e+003,1.727000e+003,3620,1.895361e-001,1.886227e+002,6.337835e+001,1.771515e+001,5.492492e-001,3.785285e+001,4.770718e-001,1.595175e+000,7.261229e-001
11,F,8.121297e+001,1.971360e+001,2.675000e+003,8.570000e+002,1601,1.865937e-001,2.091407e+002,6.498088e+001,1.784416e+001,5.703500e-001,4.537071e+001,5.352904e-001,1.496207e+000,7.323303e-001
11,G,1.324466e+002,1.971360e+001,3.738000e+003,1.266000e+003,2611,1.875059e-001,1.841441e+002,6.430574e+001,1.873116e+001,5.855728e-001,3.910315e+001,4.848717e-001,1.595370e+000,7.298996e-001





5
Timespan (h):, 96.0494
2,B,5.052350e+001,1.971360e+001,1.904000e+003,6.520000e+002,996,2.382916e-001,1.946206e+002,5.481743e+001,1.887775e+001,7.456835e-001,4.769854e+001,6.546185e-001,1.637947e+000,6.575891e-001
2,C,3.596502e+001,1.971360e+001,1.237000e+003,4.220000e+002,709,2.073644e-001,1.970840e+002,5.655437e+001,1.685330e+001,6.709278e-001,4.422308e+001,5.952045e-001,1.643855e+000,6.761165e-001
2,D,3.703027e+001,1.971360e+001,1.339000e+003,4.410000e+002,730,2.195719e-001,1.937667e+002,5.712964e+001,1.854667e+001,7.079105e-001,4.609178e+001,6.041096e-001,1.642830e+000,6.696267e-001
2,E,2.368416e+002,1.971360e+001,6.688000e+003,2.406000e+003,4669,1.923454e-001,1.850959e+002,6.413979e+001,1.803903e+001,6.019930e-001,4.055586e+001,5.153138e-001,1.601254e+000,7.213505e-001
2,F,2.118335e+002,1.971360e+001,6.229000e+003,2.184000e+003,4176,1.914193e-001,1.879725e+002,6.531957e+001,1.862819e+001,5.964261e-001,4.128680e+001,5.229885e-001,1.617797e+000,7.258021e-001
2,G,2.709297e+002,1.971360e+001,7.482000e+003,2.423000e+003,5341,1.838150e-001,1.906048e+002,6.300752e+001,1.647343e+001,5.156613e-001,3.515278e+001,4.536604e-001,1.618753e+000,7.180305e-001
3,B,4.479141e+001,1.971360e+001,1.516000e+003,5.750000e+002,883,2.315809e-001,1.948570e+002,5.525152e+001,1.908480e+001,7.589498e-001,4.795092e+001,6.511891e-001,1.643973e+000,6.660848e-001
3,C,5.219747e+001,1.971360e+001,1.869000e+003,6.890000e+002,1029,2.408464e-001,1.869987e+002,5.734951e+001,2.115568e+001,8.089750e-001,5.329106e+001,6.695821e-001,1.686941e+000,6.676110e-001
3,D,4.626248e+001,1.971360e+001,1.580000e+003,5.680000e+002,912,2.407188e-001,1.844418e+002,5.716992e+001,2.111127e+001,7.629509e-001,5.138651e+001,6.228070e-001,1.698701e+000,6.690753e-001
3,E,2.865027e+002,1.971360e+001,7.821000e+003,2.828000e+003,5648,1.924437e-001,1.865519e+002,6.286987e+001,1.765271e+001,5.786638e-001,3.896105e+001,5.007082e-001,1.583338e+000,7.292052e-001
3,F,3.353015e+002,1.971360e+001,9.881000e+003,3.632000e+003,6610,1.966339e-001,1.937682e+002,6.548230e+001,1.877992e+001,6.089689e-001,4.395584e+001,5.494705e-001,1.605154e+000,7.111842e-001
3,G,3.159748e+002,1.971360e+001,8.856000e+003,3.236000e+003,6229,1.956041e-001,1.906824e+002,6.316197e+001,1.781247e+001,5.924966e-001,3.953987e+001,5.195055e-001,1.591776e+000,7.153224e-001
4,B,5.985715e+001,1.971360e+001,2.078000e+003,7.740000e+002,1180,2.499577e-001,1.906926e+002,5.484070e+001,1.995822e+001,7.699470e-001,5.059138e+001,6.559322e-001,1.632336e+000,6.600631e-001
4,C,5.605267e+001,1.971360e+001,1.863000e+003,6.660000e+002,1105,2.123492e-001,1.928393e+002,5.579194e+001,1.712637e+001,6.937290e-001,4.458341e+001,6.027149e-001,1.641846e+000,6.798205e-001
4,D,6.391527e+001,1.971360e+001,2.171000e+003,7.600000e+002,1260,2.177547e-001,1.903826e+002,5.670460e+001,1.802980e+001,7.088916e-001,4.525079e+001,6.031746e-001,1.651456e+000,6.761384e-001
4,E,3.019743e+002,1.971360e+001,8.537000e+003,2.793000e+003,5953,1.894064e-001,1.809830e+002,6.270579e+001,1.739770e+001,5.575953e-001,3.659429e+001,4.691752e-001,1.604959e+000,7.261094e-001
4,F,2.825461e+002,1.971360e+001,8.476000e+003,2.779000e+003,5570,1.884848e-001,1.876041e+002,6.483666e+001,1.754764e+001,5.714670e-001,3.988148e+001,4.989228e-001,1.594156e+000,7.207775e-001
4,G,2.722486e+002,1.971360e+001,7.953000e+003,2.777000e+003,5367,1.972070e-001,1.883916e+002,6.351863e+001,1.883917e+001,6.048392e-001,4.051534e+001,5.174213e-001,1.598448e+000,7.172190e-001
5,B,5.382071e+001,1.971360e+001,1.875000e+003,7.640000e+002,1061,2.490862e-001,1.943491e+002,5.567956e+001,2.013042e+001,8.366587e-001,5.342703e+001,7.200754e-001,1.657305e+000,6.601510e-001
5,C,6.021224e+001,1.971360e+001,2.061000e+003,7.110000e+002,1187,2.220815e-001,1.973870e+002,5.541396e+001,1.786416e+001,6.937807e-001,4.414546e+001,5.989890e-001,1.649157e+000,6.708866e-001
5,D,6.178476e+001,1.971360e+001,2.055000e+003,7.980000e+002,1218,2.420354e-001,1.851960e+002,5.743001e+001,2.099832e+001,7.960203e-001,5.328790e+001,6.551724e-001,1.669856e+000,6.710990e-001
5,E,4.248843e+002,1.971360e+001,1.198200e+004,4.501000e+003,8376,1.981390e-001,1.886260e+002,6.369557e+001,1.769326e+001,6.025254e-001,4.155849e+001,5.373687e-001,1.583279e+000,7.174886e-001
5,F,3.086194e+002,1.971360e+001,9.972000e+003,3.264000e+003,6084,1.933213e-001,1.854580e+002,6.462651e+001,1.889966e+001,6.217208e-001,4.361655e+001,5.364892e-001,1.571400e+000,7.198338e-001
5,G,3.297216e+002,1.971360e+001,8.971000e+003,3.519000e+003,6500,1.999797e-001,1.896255e+002,6.394002e+001,1.871498e+001,6.191177e-001,4.226324e+001,5.413846e-001,1.597349e+000,7.227383e-001
6,B,5.052350e+001,1.971360e+001,1.763000e+003,6.460000e+002,996,2.239488e-001,2.029805e+002,5.510953e+001,1.697955e+001,7.126869e-001,4.635107e+001,6.485944e-001,1.634136e+000,6.539440e-001
6,C,5.331345e+001,1.971360e+001,1.958000e+003,6.770000e+002,1051,2.446459e-001,1.867037e+002,5.597906e+001,2.052747e+001,7.729150e-001,5.112639e+001,6.441484e-001,1.675453e+000,6.629320e-001
6,D,6.224130e+001,1.971360e+001,2.030000e+003,7.970000e+002,1227,2.286052e-001,1.901504e+002,5.656246e+001,1.857087e+001,7.607988e-001,5.008843e+001,6.495518e-001,1.697985e+000,6.693043e-001
6,E,4.088548e+002,1.971360e+001,1.201300e+004,4.341000e+003,8060,1.996062e-001,1.856254e+002,6.416477e+001,1.855184e+001,6.192974e-001,4.231040e+001,5.385856e-001,1.589976e+000,7.195605e-001
6,F,3.227214e+002,1.971360e+001,9.823000e+003,3.490000e+003,6362,1.962264e-001,1.869528e+002,6.489381e+001,1.868753e+001,6.310390e-001,4.345819e+001,5.485696e-001,1.587524e+000,7.196199e-001
6,G,2.787923e+002,1.971360e+001,8.449000e+003,2.901000e+003,5496,1.957654e-001,1.897884e+002,6.420615e+001,1.884961e+001,6.069259e-001,4.218556e+001,5.278384e-001,1.597378e+000,7.209402e-001
7,B,5.407434e+001,1.971360e+001,1.827000e+003,6.950000e+002,1066,2.464414e-001,1.898201e+002,5.494052e+001,1.970680e+001,7.746358e-001,4.886867e+001,6.519700e-001,1.633151e+000,6.606128e-001
7,C,6.188621e+001,1.971360e+001,2.102000e+003,7.400000e+002,1220,2.227195e-001,1.949004e+002,5.562199e+001,1.812426e+001,7.153697e-001,4.575861e+001,6.065574e-001,1.652788e+000,6.758533e-001
7,D,7.791575e+001,1.971360e+001,2.493000e+003,9.920000e+002,1536,2.318358e-001,1.849857e+002,5.667224e+001,1.958913e+001,7.870018e-001,4.999620e+001,6.458333e-001,1.670304e+000,6.681841e-001
7,E,3.664475e+002,1.971360e+001,1.049400e+004,3.805000e+003,7224,1.956403e-001,1.896584e+002,6.359235e+001,1.827422e+001,5.939381e-001,4.141368e+001,5.267165e-001,1.573611e+000,7.231685e-001
7,F,3.610198e+002,1.971360e+001,1.086600e+004,3.939000e+003,7117,1.962832e-001,1.854312e+002,6.505397e+001,1.836571e+001,6.322404e-001,4.322549e+001,5.534635e-001,1.607282e+000,7.176377e-001
7,G,2.604293e+002,1.971360e+001,7.474000e+003,2.923000e+003,5134,1.988554e-001,1.861730e+002,6.354777e+001,1.838497e+001,6.532018e-001,4.359138e+001,5.693416e-001,1.579729e+000,7.267518e-001
8,B,5.209601e+001,1.971360e+001,1.869000e+003,6.320000e+002,1027,2.300783e-001,1.963023e+002,5.483905e+001,1.772630e+001,7.133034e-001,4.606654e+001,6.153846e-001,1.617332e+000,6.726411e-001
8,C,4.976260e+001,1.971360e+001,1.650000e+003,5.800000e+002,981,2.305949e-001,1.880163e+002,5.621875e+001,1.999890e+001,7.123603e-001,4.623157e+001,5.912334e-001,1.674422e+000,6.741702e-001
8,D,6.787193e+001,1.971360e+001,2.221000e+003,8.020000e+002,1338,2.385186e-001,1.857163e+002,5.653537e+001,1.980548e+001,7.110592e-001,4.835364e+001,5.994021e-001,1.697117e+000,6.631853e-001
8,E,4.378703e+002,1.971360e+001,1.306900e+004,4.708000e+003,8632,2.025969e-001,1.853203e+002,6.377238e+001,1.869227e+001,6.202289e-001,4.304719e+001,5.454124e-001,1.603001e+000,7.154123e-001
8,F,3.851148e+002,1.971360e+001,1.098200e+004,4.019000e+003,7592,1.988081e-001,1.843303e+002,6.445631e+001,1.865885e+001,6.258044e-001,4.215139e+001,5.293730e-001,1.595072e+000,7.211372e-001
8,G,2.318704e+002,1.971360e+001,7.307000e+003,2.347000e+003,4571,1.922661e-001,1.934911e+002,6.345038e+001,1.861580e+001,5.786419e-001,4.101331e+001,5.134544e-001,1.570447e+000,7.181065e-001
9,B,4.534940e+001,1.971360e+001,1.591000e+003,5.900000e+002,894,2.389002e-001,1.938801e+002,5.496564e+001,1.937034e+001,7.609275e-001,4.860589e+001,6.599553e-001,1.627287e+000,6.641326e-001
9,C,5.346563e+001,1.971360e+001,2.028000e+003,6.390000e+002,1054,2.331144e-001,1.882612e+002,5.698135e+001,1.957171e+001,7.220611e-001,4.813393e+001,6.062619e-001,1.692956e+000,6.681242e-001
9,D,6.036442e+001,1.971360e+001,2.014000e+003,7.270000e+002,1190,2.397363e-001,1.868292e+002,5.639108e+001,2.047364e+001,7.588089e-001,5.048964e+001,6.109244e-001,1.715481e+000,6.625566e-001
9,E,4.265583e+002,1.971360e+001,1.241900e+004,4.480000e+003,8409,2.012723e-001,1.826157e+002,6.356772e+001,1.839316e+001,6.224347e-001,4.187912e+001,5.327625e-001,1.595785e+000,7.161627e-001
9,F,3.384466e+002,1.971360e+001,1.055000e+004,3.629000e+003,6672,1.980264e-001,1.823999e+002,6.478206e+001,1.882876e+001,6.388740e-001,4.339513e+001,5.439149e-001,1.599806e+000,7.174827e-001
9,G,2.427258e+002,1.971360e+001,6.970000e+003,2.265000e+003,4785,1.870165e-001,1.980588e+002,6.344167e+001,1.765044e+001,5.064841e-001,3.716895e+001,4.733542e-001,1.616539e+000,7.162369e-001
10,B,4.352325e+001,1.971360e+001,1.537000e+003,5.450000e+002,858,2.327592e-001,1.895057e+002,5.510053e+001,1.869600e+001,7.534796e-001,4.719930e+001,6.351981e-001,1.648904e+000,6.697595e-001
10,C,6.153113e+001,1.971360e+001,1.925000e+003,7.270000e+002,1213,2.292286e-001,1.944994e+002,5.622675e+001,1.843947e+001,6.876103e-001,4.639832e+001,5.993405e-001,1.662046e+000,6.762204e-001
10,D,6.366163e+001,1.971360e+001,2.146000e+003,7.870000e+002,1255,2.467757e-001,1.850391e+002,5.610186e+001,2.079803e+001,7.666602e-001,5.148712e+001,6.270916e-001,1.666594e+000,6.650617e-001
10,E,4.597334e+002,1.971360e+001,1.329800e+004,5.156000e+003,9063,2.053893e-001,1.845003e+002,6.376798e+001,1.873903e+001,6.537233e-001,4.458904e+001,5.689065e-001,1.592628e+000,7.126568e-001
10,F,3.185111e+002,1.971360e+001,9.382000e+003,3.419000e+003,6279,2.004845e-001,1.837488e+002,6.358267e+001,1.830940e+001,6.270684e-001,4.267563e+001,5.445135e-001,1.604878e+000,7.117137e-001
10,G,3.302289e+002,1.971360e+001,9.014000e+003,3.225000e+003,6510,1.952633e-001,1.879955e+002,6.300813e+001,1.781572e+001,5.691123e-001,3.823885e+001,4.953917e-001,1.601101e+000,7.208141e-001
11,B,4.316817e+001,1.971360e+001,1.462000e+003,5.220000e+002,851,2.196250e-001,1.890713e+002,5.574523e+001,1.816557e+001,7.237281e-001,4.494085e+001,6.133960e-001,1.670930e+000,6.751802e-001
11,C,5.407434e+001,1.971360e+001,1.748000e+003,6.590000e+002,1066,2.398913e-001,1.896026e+002,5.533257e+001,1.965542e+001,7.387958e-001,4.802674e+001,6.181989e-001,1.652277e+000,6.663183e-001
11,D,6.056732e+001,1.971360e+001,2.147000e+003,7.840000e+002,1194,2.452967e-001,1.838082e+002,5.595708e+001,2.054861e+001,8.041437e-001,5.119612e+001,6.566164e-001,1.675418e+000,6.604632e-001
11,E,3.710129e+002,1.971360e+001,1.033600e+004,4.128000e+003,7314,2.078204e-001,1.894921e+002,6.285711e+001,1.888256e+001,6.327821e-001,4.333755e+001,5.643970e-001,1.602408e+000,7.127275e-001
11,F,2.876187e+002,1.971360e+001,8.595000e+003,3.198000e+003,5670,1.991080e-001,1.912475e+002,6.321936e+001,1.810672e+001,6.413107e-001,4.490132e+001,5.640212e-001,1.564593e+000,7.146900e-001
11,G,3.047135e+002,1.971360e+001,8.696000e+003,3.038000e+003,6007,1.975692e-001,1.828955e+002,6.293290e+001,1.786782e+001,5.923013e-001,3.940686e+001,5.057433e-001,1.596078e+000,7.201062e-001





6
Timespan (h):, 120.4186
2,B,5.625558e+001,1.971360e+001,1.904000e+003,7.260000e+002,1109,2.226442e-001,2.036564e+002,5.685506e+001,1.780412e+001,7.255914e-001,4.750165e+001,6.546438e-001,1.609476e+000,6.718186e-001
2,C,4.448705e+001,1.971360e+001,1.394000e+003,5.520000e+002,877,2.008483e-001,1.970810e+002,5.915549e+001,1.682552e+001,7.079713e-001,4.763189e+001,6.294185e-001,1.597924e+000,6.901283e-001
2,D,4.682047e+001,1.971360e+001,1.519000e+003,5.940000e+002,923,2.174169e-001,1.905247e+002,5.904455e+001,1.879239e+001,7.582732e-001,5.087920e+001,6.435536e-001,1.651992e+000,6.792429e-001
2,E,4.131158e+002,1.971360e+001,1.189900e+004,5.381000e+003,8144,2.037510e-001,1.845505e+002,6.873769e+001,1.928350e+001,7.555880e-001,5.382880e+001,6.607318e-001,1.571300e+000,7.176771e-001
2,F,3.820205e+002,1.971360e+001,1.184100e+004,5.078000e+003,7531,2.005369e-001,1.884082e+002,7.001667e+001,1.939609e+001,7.569100e-001,5.464580e+001,6.742796e-001,1.580896e+000,7.186354e-001
2,G,4.786036e+002,1.971360e+001,1.404700e+004,5.753000e+003,9435,1.965628e-001,1.884957e+002,6.799655e+001,1.858958e+001,6.877304e-001,4.949555e+001,6.097509e-001,1.581083e+000,7.138352e-001
3,B,5.199456e+001,1.971360e+001,1.596000e+003,6.930000e+002,1025,2.388411e-001,1.917738e+002,5.792241e+001,2.020307e+001,7.770146e-001,5.288350e+001,6.760976e-001,1.633560e+000,6.748238e-001
3,C,7.121987e+001,1.971360e+001,2.164000e+003,9.580000e+002,1404,2.265969e-001,1.862747e+002,5.934557e+001,1.981504e+001,8.145071e-001,5.297733e+001,6.823362e-001,1.666121e+000,6.754060e-001
3,D,6.006006e+001,1.971360e+001,1.842000e+003,8.050000e+002,1184,2.421052e-001,1.845632e+002,5.962137e+001,2.250379e+001,8.231736e-001,5.639457e+001,6.798986e-001,1.689433e+000,6.753611e-001
3,E,5.102569e+002,1.971360e+001,1.469500e+004,6.516000e+003,10059,2.072003e-001,1.799936e+002,6.812243e+001,1.990728e+001,7.723252e-001,5.264322e+001,6.477781e-001,1.559137e+000,7.232794e-001
3,F,5.908104e+002,1.971360e+001,1.826300e+004,8.498000e+003,11647,2.134023e-001,1.871016e+002,7.053878e+001,2.040721e+001,8.184925e-001,5.984701e+001,7.296299e-001,1.585517e+000,7.061402e-001
3,G,5.273009e+002,1.971360e+001,1.579800e+004,6.749000e+003,10395,2.065390e-001,1.881277e+002,6.817167e+001,1.939760e+001,7.369057e-001,5.231904e+001,6.492544e-001,1.571728e+000,7.116298e-001
4,B,6.569069e+001,1.971360e+001,2.055000e+003,9.000000e+002,1295,2.486972e-001,1.951656e+002,5.684741e+001,1.991811e+001,7.892665e-001,5.352658e+001,6.949807e-001,1.636618e+000,6.672935e-001
4,C,7.284311e+001,1.971360e+001,2.219000e+003,9.730000e+002,1436,2.286254e-001,1.841152e+002,5.894851e+001,2.012894e+001,8.047522e-001,5.252948e+001,6.775766e-001,1.642628e+000,6.820870e-001
4,D,8.481454e+001,1.971360e+001,2.511000e+003,1.132000e+003,1672,2.286600e-001,1.865968e+002,5.954940e+001,2.060074e+001,8.115038e-001,5.321402e+001,6.770335e-001,1.683915e+000,6.775773e-001
4,E,4.889011e+002,1.971360e+001,1.519600e+004,6.319000e+003,9638,2.068033e-001,1.776993e+002,6.793476e+001,2.008468e+001,7.824501e-001,5.344241e+001,6.556339e-001,1.579160e+000,7.173607e-001
4,F,4.803283e+002,1.971360e+001,1.570400e+004,6.378000e+003,9469,2.045303e-001,1.833598e+002,6.999066e+001,1.958374e+001,7.716061e-001,5.597316e+001,6.735664e-001,1.575831e+000,7.094548e-001
4,G,4.824081e+002,1.971360e+001,1.496100e+004,6.063000e+003,9510,2.086589e-001,1.808214e+002,6.854536e+001,2.030455e+001,7.521885e-001,5.338174e+001,6.375394e-001,1.578607e+000,7.140402e-001
5,B,5.980643e+001,1.971360e+001,1.909000e+003,7.460000e+002,1179,2.183218e-001,1.984251e+002,5.781980e+001,1.767254e+001,6.955554e-001,4.724738e+001,6.327396e-001,1.620569e+000,6.810909e-001
5,C,7.735776e+001,1.971360e+001,2.366000e+003,1.012000e+003,1525,2.285250e-001,1.886501e+002,5.808993e+001,1.911918e+001,7.778443e-001,5.134033e+001,6.636066e-001,1.664302e+000,6.740610e-001
5,D,7.969118e+001,1.971360e+001,2.417000e+003,1.100000e+003,1571,2.370829e-001,1.830452e+002,5.970981e+001,2.124912e+001,8.448836e-001,5.605782e+001,7.001910e-001,1.684258e+000,6.791327e-001
5,E,6.835890e+002,1.971360e+001,2.012100e+004,9.524000e+003,13476,2.161580e-001,1.861088e+002,6.892527e+001,2.041857e+001,8.019271e-001,5.780977e+001,7.067379e-001,1.569890e+000,7.068958e-001
5,F,5.797520e+002,1.971360e+001,1.882500e+004,7.817000e+003,11429,2.113185e-001,1.786616e+002,6.952221e+001,2.068184e+001,8.103047e-001,5.798177e+001,6.839619e-001,1.576028e+000,7.078276e-001
5,G,5.378013e+002,1.971360e+001,1.594000e+004,7.286000e+003,10602,2.139283e-001,1.866791e+002,6.905472e+001,2.099120e+001,7.845810e-001,5.716445e+001,6.872288e-001,1.558689e+000,7.151986e-001
6,B,5.737156e+001,1.971360e+001,1.851000e+003,7.520000e+002,1131,2.232726e-001,1.997318e+002,5.797904e+001,1.843076e+001,7.557217e-001,5.034940e+001,6.648983e-001,1.656262e+000,6.710790e-001
6,C,6.558924e+001,1.971360e+001,2.112000e+003,8.670000e+002,1293,2.296775e-001,1.899648e+002,5.831899e+001,1.943721e+001,7.919136e-001,5.216422e+001,6.705336e-001,1.675736e+000,6.744917e-001
6,D,7.735776e+001,1.971360e+001,2.375000e+003,1.079000e+003,1525,2.395363e-001,1.818751e+002,5.960921e+001,2.125309e+001,8.580037e-001,5.634842e+001,7.075410e-001,1.694893e+000,6.736403e-001
6,E,6.302755e+002,1.971360e+001,1.907800e+004,8.815000e+003,12425,2.158344e-001,1.857376e+002,6.928650e+001,2.091242e+001,8.061094e-001,5.931077e+001,7.094567e-001,1.568282e+000,7.074138e-001
6,F,5.227863e+002,1.971360e+001,1.693100e+004,7.295000e+003,10306,2.132812e-001,1.852950e+002,6.997183e+001,2.128860e+001,8.175724e-001,6.007671e+001,7.078401e-001,1.570026e+000,7.049272e-001
6,G,4.826110e+002,1.971360e+001,1.562600e+004,6.432000e+003,9514,2.111729e-001,1.853365e+002,6.922734e+001,2.113897e+001,7.825136e-001,5.724136e+001,6.760563e-001,1.550175e+000,7.143694e-001
7,B,6.229202e+001,1.971360e+001,1.925000e+003,8.660000e+002,1228,2.474816e-001,1.928023e+002,5.718465e+001,2.024072e+001,8.015978e-001,5.376493e+001,7.052117e-001,1.653391e+000,6.663458e-001
7,C,8.029989e+001,1.971360e+001,2.412000e+003,1.021000e+003,1583,2.232086e-001,1.903696e+002,5.808492e+001,1.893387e+001,7.515360e-001,4.947189e+001,6.449779e-001,1.655653e+000,6.790995e-001
7,D,9.820631e+001,1.971360e+001,2.995000e+003,1.345000e+003,1936,2.396680e-001,1.802629e+002,5.935115e+001,2.142942e+001,8.623127e-001,5.637130e+001,6.947314e-001,1.668071e+000,6.786234e-001
7,E,6.413846e+002,1.971360e+001,1.889600e+004,8.786000e+003,12644,2.157934e-001,1.850497e+002,6.873086e+001,2.044798e+001,7.872075e-001,5.716978e+001,6.948750e-001,1.567324e+000,7.098153e-001
7,F,5.927380e+002,1.971360e+001,1.904000e+004,8.806000e+003,11685,2.183251e-001,1.834563e+002,7.050886e+001,2.128277e+001,8.702433e-001,6.220291e+001,7.536157e-001,1.578818e+000,7.071091e-001
7,G,4.833212e+002,1.971360e+001,1.455400e+004,6.732000e+003,9528,2.118803e-001,1.825357e+002,6.871309e+001,2.052518e+001,8.171272e-001,5.678305e+001,7.065491e-001,1.566162e+000,7.166651e-001
8,B,5.904553e+001,1.971360e+001,1.948000e+003,6.980000e+002,1164,2.106564e-001,2.012532e+002,5.665578e+001,1.680808e+001,6.669808e-001,4.388187e+001,5.996564e-001,1.606539e+000,6.793403e-001
8,C,6.285001e+001,1.971360e+001,1.881000e+003,7.990000e+002,1239,2.374317e-001,1.815159e+002,5.868320e+001,2.112494e+001,7.836709e-001,5.310627e+001,6.448749e-001,1.679820e+000,6.795155e-001
8,D,8.973501e+001,1.971360e+001,2.679000e+003,1.221000e+003,1769,2.430064e-001,1.805406e+002,5.908242e+001,2.155915e+001,8.281806e-001,5.554767e+001,6.902205e-001,1.697324e+000,6.719439e-001
8,E,7.446636e+002,1.971360e+001,2.177000e+004,1.075000e+004,14680,2.210388e-001,1.833153e+002,6.880750e+001,2.088932e+001,8.432961e-001,6.024828e+001,7.322888e-001,1.578828e+000,7.036979e-001
8,F,6.301234e+002,1.971360e+001,1.855100e+004,8.849000e+003,12422,2.190814e-001,1.825453e+002,6.954531e+001,2.141474e+001,8.401912e-001,5.982387e+001,7.123652e-001,1.569439e+000,7.097293e-001
8,G,4.559796e+002,1.971360e+001,1.485900e+004,5.744000e+003,8989,2.062970e-001,1.840009e+002,6.832814e+001,2.054737e+001,7.443140e-001,5.384444e+001,6.390032e-001,1.569312e+000,7.103662e-001
9,B,5.645849e+001,1.971360e+001,1.713000e+003,7.790000e+002,1113,2.413508e-001,1.938518e+002,5.766672e+001,2.044263e+001,7.991269e-001,5.371653e+001,6.999102e-001,1.650422e+000,6.730291e-001
9,C,6.969808e+001,1.971360e+001,2.354000e+003,8.940000e+002,1374,2.255706e-001,1.898857e+002,5.873958e+001,1.907322e+001,7.650929e-001,5.067213e+001,6.506550e-001,1.686091e+000,6.696239e-001
9,D,8.060425e+001,1.971360e+001,2.446000e+003,1.089000e+003,1589,2.474476e-001,1.825308e+002,5.859986e+001,2.177000e+001,8.285116e-001,5.636606e+001,6.853367e-001,1.686151e+000,6.702307e-001
9,E,6.745090e+002,1.971360e+001,2.039200e+004,9.525000e+003,13297,2.211898e-001,1.807331e+002,6.880388e+001,2.114974e+001,8.403467e-001,6.008600e+001,7.163270e-001,1.578280e+000,7.048868e-001
9,F,5.294822e+002,1.971360e+001,1.727500e+004,7.465000e+003,10438,2.152750e-001,1.804892e+002,6.943441e+001,2.135678e+001,8.408352e-001,6.095981e+001,7.151753e-001,1.581738e+000,7.025770e-001
9,G,4.919954e+002,1.971360e+001,1.443800e+004,5.943000e+003,9699,2.007012e-001,1.850212e+002,6.844260e+001,1.914866e+001,6.926786e-001,4.997896e+001,6.127436e-001,1.582506e+000,7.152809e-001
10,B,4.169710e+001,1.971360e+001,1.390000e+003,4.210000e+002,822,1.929606e-001,2.154061e+002,5.619346e+001,1.458020e+001,5.173903e-001,3.725304e+001,5.121655e-001,1.576340e+000,6.802444e-001
10,C,7.629251e+001,1.971360e+001,2.217000e+003,1.019000e+003,1504,2.306045e-001,1.883341e+002,5.835064e+001,1.930456e+001,7.948432e-001,5.201197e+001,6.775266e-001,1.641926e+000,6.809300e-001
10,D,8.562617e+001,1.971360e+001,2.556000e+003,1.108000e+003,1688,2.421650e-001,1.835658e+002,5.833250e+001,2.142433e+001,7.962616e-001,5.406497e+001,6.563981e-001,1.667139e+000,6.743471e-001
10,E,7.052492e+002,1.971360e+001,2.112100e+004,1.025600e+004,13903,2.197305e-001,1.849822e+002,6.872760e+001,2.040208e+001,8.376952e-001,5.984970e+001,7.376825e-001,1.569455e+000,7.013928e-001
10,F,4.890532e+002,1.971360e+001,1.538600e+004,6.495000e+003,9641,2.039422e-001,1.855081e+002,6.810931e+001,1.880611e+001,7.648493e-001,5.412633e+001,6.736853e-001,1.568654e+000,7.082028e-001
10,G,5.470842e+002,1.971360e+001,1.619500e+004,7.083000e+003,10785,2.093215e-001,1.829334e+002,6.820969e+001,1.984543e+001,7.616780e-001,5.335321e+001,6.567455e-001,1.566388e+000,7.130284e-001
11,B,5.422652e+001,1.971360e+001,1.612000e+003,7.280000e+002,1069,2.256266e-001,1.935551e+002,5.753653e+001,1.893793e+001,7.851628e-001,5.212675e+001,6.810103e-001,1.634068e+000,6.808285e-001
11,C,6.406745e+001,1.971360e+001,1.950000e+003,8.780000e+002,1263,2.478035e-001,1.824562e+002,5.740251e+001,2.174117e+001,8.437522e-001,5.460900e+001,6.951702e-001,1.679398e+000,6.685054e-001
11,D,7.426345e+001,1.971360e+001,2.293000e+003,9.910000e+002,1464,2.318526e-001,1.883545e+002,5.796389e+001,1.952121e+001,7.903280e-001,5.139800e+001,6.769126e-001,1.665607e+000,6.709547e-001
11,E,5.720416e+002,1.971360e+001,1.655600e+004,7.598000e+003,11277,2.061154e-001,1.942763e+002,6.725975e+001,1.841060e+001,7.353770e-001,5.363451e+001,6.737608e-001,1.548866e+000,7.093604e-001
11,F,4.567405e+002,1.971360e+001,1.460300e+004,6.405000e+003,9004,2.128336e-001,1.905971e+002,6.847258e+001,2.023298e+001,8.079291e-001,6.027598e+001,7.113505e-001,1.544976e+000,7.056529e-001
11,G,4.911838e+002,1.971360e+001,1.512700e+004,6.458000e+003,9683,2.122235e-001,1.800215e+002,6.788726e+001,2.034313e+001,7.865978e-001,5.447528e+001,6.669421e-001,1.572420e+000,7.088353e-001





7
Timespan (h):, 142.0008
2,B,5.909626e+001,1.971360e+001,1.947000e+003,7.340000e+002,1165,2.023627e-001,2.045016e+002,5.994670e+001,1.661736e+001,6.967744e-001,4.704177e+001,6.300429e-001,1.610694e+000,6.828090e-001
2,C,5.448016e+001,1.971360e+001,1.682000e+003,7.080000e+002,1074,2.069417e-001,1.875192e+002,6.236909e+001,1.908955e+001,7.714745e-001,5.310521e+001,6.592179e-001,1.664855e+000,6.891161e-001
2,D,5.874117e+001,1.971360e+001,1.788000e+003,7.520000e+002,1158,2.070332e-001,1.878268e+002,6.207640e+001,1.890466e+001,7.674516e-001,5.220898e+001,6.493955e-001,1.641825e+000,6.870294e-001
2,E,5.705706e+002,1.971360e+001,1.638600e+004,8.607000e+003,11248,2.086681e-001,1.895901e+002,7.259850e+001,2.015000e+001,8.587134e-001,6.421359e+001,7.652027e-001,1.555215e+000,7.064063e-001
2,F,5.407434e+002,1.971360e+001,1.677600e+004,8.368000e+003,10660,2.065993e-001,1.878642e+002,7.436284e+001,2.077907e+001,8.960940e-001,6.673741e+001,7.849906e-001,1.562304e+000,7.116599e-001
2,G,6.214999e+002,1.971360e+001,1.919500e+004,8.961000e+003,12252,1.999490e-001,1.942615e+002,7.165524e+001,1.871576e+001,7.988542e-001,6.085707e+001,7.313908e-001,1.561800e+000,7.066982e-001
3,B,6.026297e+001,1.971360e+001,1.783000e+003,7.930000e+002,1188,2.133098e-001,1.956120e+002,6.117076e+001,1.870459e+001,7.571696e-001,5.154545e+001,6.675084e-001,1.633677e+000,6.841866e-001
3,C,8.136515e+001,1.971360e+001,2.496000e+003,1.201000e+003,1604,2.346238e-001,1.795397e+002,6.316488e+001,2.286687e+001,9.209966e-001,6.187781e+001,7.487531e-001,1.682966e+000,6.745161e-001
3,D,7.167641e+001,1.971360e+001,2.100000e+003,1.014000e+003,1413,2.322767e-001,1.766601e+002,6.278974e+001,2.285422e+001,9.001846e-001,5.973881e+001,7.176221e-001,1.701371e+000,6.821087e-001
3,E,6.793787e+002,1.971360e+001,1.994900e+004,1.061700e+004,13393,2.149797e-001,1.855730e+002,7.219352e+001,2.076065e+001,9.197072e-001,6.617978e+001,7.927275e-001,1.548007e+000,7.130826e-001
3,F,7.525262e+002,1.971360e+001,2.337200e+004,1.302700e+004,14835,2.293596e-001,1.879448e+002,7.509668e+001,2.330812e+001,9.961069e-001,7.604230e+001,8.781261e-001,1.585645e+000,6.916896e-001
3,G,7.176771e+002,1.971360e+001,2.150500e+004,1.110000e+004,14148,2.207158e-001,1.889111e+002,7.238047e+001,2.159807e+001,8.867993e-001,6.634952e+001,7.845632e-001,1.570429e+000,6.985074e-001
4,B,7.284311e+001,1.971360e+001,2.229000e+003,1.026000e+003,1436,2.342738e-001,1.914701e+002,6.058004e+001,2.030636e+001,8.200168e-001,5.577890e+001,7.144847e-001,1.646817e+000,6.697195e-001
4,C,8.055353e+001,1.971360e+001,2.408000e+003,1.175000e+003,1588,2.361966e-001,1.828207e+002,6.246502e+001,2.149973e+001,8.867430e-001,6.074013e+001,7.399244e-001,1.683228e+000,6.708514e-001
4,D,1.003875e+002,1.971360e+001,2.901000e+003,1.445000e+003,1979,2.202631e-001,1.835164e+002,6.305246e+001,2.060866e+001,8.887977e-001,5.901743e+001,7.301668e-001,1.650479e+000,6.846676e-001
4,E,6.634506e+002,1.971360e+001,2.126900e+004,1.028200e+004,13079,2.187909e-001,1.782168e+002,7.211307e+001,2.152249e+001,9.435175e-001,6.698606e+001,7.861457e-001,1.568798e+000,7.047553e-001
4,F,6.445297e+002,1.971360e+001,2.085900e+004,1.017400e+004,12706,2.071016e-001,1.857953e+002,7.408427e+001,2.025478e+001,9.215020e-001,6.874017e+001,8.007241e-001,1.570530e+000,6.977697e-001
4,G,6.682696e+002,1.971360e+001,2.077300e+004,1.035200e+004,13174,2.215700e-001,1.809671e+002,7.251320e+001,2.212603e+001,9.248547e-001,6.749166e+001,7.857902e-001,1.568259e+000,7.023976e-001
5,B,6.787193e+001,1.971360e+001,2.093000e+003,9.360000e+002,1338,2.244244e-001,1.942063e+002,6.155015e+001,1.970799e+001,8.024550e-001,5.505929e+001,6.995516e-001,1.648581e+000,6.712004e-001
5,C,8.648852e+001,1.971360e+001,2.618000e+003,1.210000e+003,1705,2.161813e-001,1.858815e+002,6.154330e+001,1.953980e+001,8.401464e-001,5.505406e+001,7.096774e-001,1.653355e+000,6.836651e-001
5,D,9.465547e+001,1.971360e+001,2.706000e+003,1.394000e+003,1866,2.325165e-001,1.820480e+002,6.304709e+001,2.197853e+001,8.947661e-001,6.107462e+001,7.470525e-001,1.666254e+000,6.836879e-001
5,E,8.298839e+002,1.971360e+001,2.506300e+004,1.378700e+004,16360,2.191993e-001,1.946487e+002,7.276500e+001,2.053062e+001,9.285392e-001,6.988980e+001,8.427262e-001,1.561670e+000,6.931952e-001
5,F,6.694363e+002,1.971360e+001,2.201300e+004,1.103300e+004,13197,2.227341e-001,1.855608e+002,7.403755e+001,2.294012e+001,9.724835e-001,7.437183e+001,8.360233e-001,1.569023e+000,6.920263e-001
5,G,7.816939e+002,1.971360e+001,2.307300e+004,1.276200e+004,15410,2.266958e-001,1.851781e+002,7.306762e+001,2.223492e+001,9.522214e-001,6.970400e+001,8.281635e-001,1.569735e+000,7.033933e-001
6,B,5.605267e+001,1.971360e+001,1.849000e+003,6.650000e+002,1105,1.903771e-001,2.140953e+002,6.117596e+001,1.615588e+001,6.207428e-001,4.568507e+001,6.018100e-001,1.570062e+000,6.887368e-001
6,C,7.842302e+001,1.971360e+001,2.322000e+003,1.086000e+003,1546,2.166301e-001,1.893061e+002,6.159921e+001,1.923446e+001,8.075530e-001,5.495364e+001,7.024580e-001,1.638458e+000,6.859374e-001
6,D,8.750304e+001,1.971360e+001,2.601000e+003,1.301000e+003,1725,2.400301e-001,1.767500e+002,6.301046e+001,2.284819e+001,9.303986e-001,6.220522e+001,7.542029e-001,1.669346e+000,6.785175e-001
6,E,8.340942e+002,1.971360e+001,2.498800e+004,1.401900e+004,16443,2.178229e-001,1.936020e+002,7.323095e+001,2.039508e+001,9.420180e-001,7.075613e+001,8.525816e-001,1.559572e+000,6.955305e-001
6,F,7.521204e+002,1.971360e+001,2.330800e+004,1.236800e+004,14827,2.238106e-001,1.816622e+002,7.443642e+001,2.283524e+001,9.833306e-001,7.314665e+001,8.341539e-001,1.583621e+000,6.946972e-001
6,G,6.120648e+002,1.971360e+001,2.011900e+004,9.696000e+003,12066,2.210124e-001,1.907652e+002,7.323765e+001,2.266135e+001,9.111986e-001,7.097160e+001,8.035803e-001,1.549068e+000,7.020442e-001
7,B,6.741539e+001,1.971360e+001,2.041000e+003,9.510000e+002,1329,2.337693e-001,1.936950e+002,6.067357e+001,2.030788e+001,8.007600e-001,5.568510e+001,7.155756e-001,1.658718e+000,6.671288e-001
7,C,9.577145e+001,1.971360e+001,2.876000e+003,1.353000e+003,1888,2.313132e-001,1.796489e+002,6.206930e+001,2.179716e+001,8.638623e-001,5.786198e+001,7.166314e-001,1.667478e+000,6.848030e-001
7,D,1.099748e+002,1.971360e+001,3.178000e+003,1.632000e+003,2168,2.400666e-001,1.782180e+002,6.278045e+001,2.314264e+001,9.302882e-001,6.224769e+001,7.527675e-001,1.685118e+000,6.741836e-001
7,E,8.187241e+002,1.971360e+001,2.447100e+004,1.397700e+004,16140,2.331210e-001,1.873744e+002,7.338432e+001,2.317662e+001,9.905833e-001,7.449426e+001,8.659851e-001,1.573554e+000,6.942890e-001
7,F,7.647005e+002,1.971360e+001,2.412300e+004,1.293800e+004,15075,2.299683e-001,1.848214e+002,7.489548e+001,2.368652e+001,9.961566e-001,7.536580e+001,8.582421e-001,1.581824e+000,6.919982e-001
7,G,6.547764e+002,1.971360e+001,2.017000e+004,1.102600e+004,12908,2.282450e-001,1.841364e+002,7.328731e+001,2.298778e+001,9.929866e-001,7.246888e+001,8.541989e-001,1.560695e+000,7.028139e-001
8,B,7.208222e+001,1.971360e+001,2.227000e+003,9.620000e+002,1421,2.216638e-001,1.977587e+002,6.033573e+001,1.900714e+001,7.685946e-001,5.245484e+001,6.769880e-001,1.648191e+000,6.727825e-001
8,C,8.095934e+001,1.971360e+001,2.231000e+003,1.097000e+003,1596,2.238409e-001,1.825875e+002,6.178761e+001,2.068961e+001,8.196392e-001,5.554825e+001,6.873434e-001,1.676119e+000,6.865696e-001
8,D,1.054602e+002,1.971360e+001,3.019000e+003,1.534000e+003,2079,2.315120e-001,1.801241e+002,6.237634e+001,2.187251e+001,8.941898e-001,5.942809e+001,7.378547e-001,1.662017e+000,6.813478e-001
8,E,8.900962e+002,1.971360e+001,2.689000e+004,1.506900e+004,17547,2.206770e-001,1.960064e+002,7.240028e+001,2.033892e+001,9.462502e-001,7.150646e+001,8.587793e-001,1.562320e+000,6.894786e-001
8,F,8.454062e+002,1.971360e+001,2.457800e+004,1.427000e+004,16666,2.272331e-001,1.847353e+002,7.352486e+001,2.232776e+001,9.988760e-001,7.277208e+001,8.562342e-001,1.571096e+000,6.978563e-001
8,G,6.311886e+002,1.971360e+001,2.077800e+004,9.503000e+003,12443,2.187698e-001,1.841250e+002,7.236310e+001,2.211920e+001,8.910207e-001,6.720415e+001,7.637226e-001,1.570883e+000,6.994379e-001
9,B,6.569069e+001,1.971360e+001,1.965000e+003,8.910000e+002,1295,2.297486e-001,1.858501e+002,6.081807e+001,2.039982e+001,8.125458e-001,5.525032e+001,6.880309e-001,1.636033e+000,6.800968e-001
9,C,8.090861e+001,1.971360e+001,2.346000e+003,1.054000e+003,1595,2.111232e-001,1.868681e+002,6.183445e+001,1.908522e+001,7.744143e-001,5.253150e+001,6.608150e-001,1.636640e+000,6.918262e-001
9,D,8.866975e+001,1.971360e+001,2.604000e+003,1.330000e+003,1748,2.474040e-001,1.796598e+002,6.211221e+001,2.375378e+001,9.344661e-001,6.369727e+001,7.608696e-001,1.674441e+000,6.752364e-001
9,E,8.703129e+002,1.971360e+001,2.589400e+004,1.460400e+004,17157,2.278410e-001,1.869159e+002,7.278707e+001,2.185797e+001,9.771629e-001,7.214977e+001,8.511978e-001,1.576824e+000,6.903001e-001
9,F,7.475043e+002,1.971360e+001,2.325800e+004,1.248900e+004,14736,2.240380e-001,1.842253e+002,7.320735e+001,2.192798e+001,9.850010e-001,7.178650e+001,8.475163e-001,1.590504e+000,6.898207e-001
9,G,6.443268e+002,1.971360e+001,2.006800e+004,9.631000e+003,12702,2.175390e-001,1.829570e+002,7.290932e+001,2.211653e+001,8.759326e-001,6.559828e+001,7.582271e-001,1.574163e+000,7.068144e-001
10,B,6.396599e+001,1.971360e+001,1.875000e+003,8.280000e+002,1261,2.130237e-001,1.972107e+002,6.031012e+001,1.853798e+001,7.387169e-001,5.031655e+001,6.566217e-001,1.640948e+000,6.841938e-001
10,C,8.846685e+001,1.971360e+001,2.526000e+003,1.200000e+003,1744,2.176151e-001,1.899451e+002,6.134814e+001,1.935980e+001,8.062662e-001,5.347448e+001,6.880734e-001,1.632130e+000,6.902342e-001
10,D,9.957593e+001,1.971360e+001,2.929000e+003,1.423000e+003,1963,2.392685e-001,1.821241e+002,6.165120e+001,2.191825e+001,8.762247e-001,6.035753e+001,7.249109e-001,1.664782e+000,6.772540e-001
10,E,8.682331e+002,1.971360e+001,2.659000e+004,1.526500e+004,17116,2.341992e-001,1.862342e+002,7.331708e+001,2.286039e+001,1.033436e+000,7.543857e+001,8.918556e-001,1.584672e+000,6.845819e-001
10,F,6.517835e+002,1.971360e+001,2.084100e+004,1.022500e+004,12849,2.171670e-001,1.844883e+002,7.230934e+001,2.092828e+001,9.194518e-001,6.700508e+001,7.957818e-001,1.581939e+000,6.931484e-001
10,G,7.008867e+002,1.971360e+001,2.148500e+004,1.117000e+004,13817,2.272838e-001,1.843604e+002,7.253580e+001,2.290790e+001,9.365746e-001,6.957365e+001,8.084244e-001,1.565406e+000,7.003548e-001
11,B,6.295146e+001,1.971360e+001,1.875000e+003,8.030000e+002,1241,2.197206e-001,1.850696e+002,6.081731e+001,1.983820e+001,7.647222e-001,5.182957e+001,6.470588e-001,1.634820e+000,6.882776e-001
11,C,7.487217e+001,1.971360e+001,2.217000e+003,1.046000e+003,1476,2.324375e-001,1.850499e+002,6.065470e+001,2.123799e+001,8.503849e-001,5.603105e+001,7.086721e-001,1.678775e+000,6.756638e-001
11,D,7.695195e+001,1.971360e+001,2.329000e+003,1.028000e+003,1517,2.013110e-001,2.030364e+002,6.022346e+001,1.639525e+001,7.341350e-001,5.055460e+001,6.776533e-001,1.597384e+000,6.906759e-001
11,E,7.783459e+002,1.971360e+001,2.254500e+004,1.279300e+004,15344,2.256881e-001,1.930641e+002,7.191844e+001,2.137976e+001,9.298492e-001,6.932089e+001,8.337461e-001,1.564271e+000,6.975940e-001
11,F,4.835748e+002,1.971360e+001,1.674200e+004,8.134000e+003,9533,2.208461e-001,1.995581e+002,7.306145e+001,2.185487e+001,9.357473e-001,7.473576e+001,8.532466e-001,1.543284e+000,6.902895e-001
11,G,6.565011e+002,1.971360e+001,2.056900e+004,1.026700e+004,12942,2.205327e-001,1.824345e+002,7.202282e+001,2.148984e+001,9.275085e-001,6.684073e+001,7.933086e-001,1.572183e+000,6.982658e-001
