"","Date","CellLine","Row","Cell.Nucleus","Well","Time","drug","conc","rep","l2","nl2"
"1","20160203","WM164","B",397,"B02",0,"plx",0,1,8.63299519714296,0
"31","20160203","WM164","B",257,"B02",16.4683,"plx",0,1,8.00562454919388,-0.627370647949078
"61","20160203","WM164","B",271,"B02",21.3894,"plx",0,1,8.08214904135387,-0.550846155789086
"91","20160203","WM164","B",366,"B02",28.7858,"plx",0,1,8.51569983828404,-0.117295358858915
"121","20160203","WM164","B",519,"B02",40.4903,"plx",0,1,9.01959072835788,0.386595531214924
"151","20160203","WM164","B",598,"B02",48.2967,"plx",0,1,9.2240016741981,0.591006477055148
"181","20160203","WM164","B",1010,"B02",68.5892,"plx",0,1,9.98013957763916,1.3471443804962
"211","20160203","WM164","B",1072,"B02",73.92,"plx",0,1,10.0660891904578,1.43309399331481
"241","20160203","WM164","B",1408,"B02",74.2592,"plx",0,1,10.4594316186373,1.82643642149434
"271","20160203","WM164","B",2122,"B02",91.7686,"plx",0,1,11.0512089409148,2.41821374377181
"301","20160203","WM164","B",2687,"B02",98.81,"plx",0,1,11.3917806060132,2.75878540887021
"331","20160203","WM164","B",4127,"B02",113.8211,"plx",0,1,12.010877723007,3.37788252586408
"361","20160203","WM164","B",8331,"B02",122.5478,"plx",0,1,13.02427396254,4.39127876539705
"391","20160203","WM164","B",15379,"B02",136.7453,"plx",0,1,13.9086740764809,5.27567887933792
"421","20160203","WM164","B",25879,"B02",160.6433,"plx",0,1,14.6594942502448,6.02649905310189
"451","20160203","WM164","B",19505,"B02",161.0481,"plx",0,1,14.2515563779119,5.61856118076897
"481","20160203","WM164","B",28339,"B02",168.0683,"plx",0,1,14.7905012302368,6.1575060330938
"511","20160203","WM164","B",19106,"B02",185.3547,"plx",0,1,14.2217381492724,5.58874295212941
"541","20160203","WM164","B",14299,"B02",192.0856,"plx",0,1,13.8036266352603,5.17063143811735
"571","20160203","WM164","B",29465,"B02",208.595,"plx",0,1,14.846714645739,6.21371944859601
"601","20160203","WM164","B",37161,"B02",217.0714,"plx",0,1,15.1815017046185,6.54850650747553
"631","20160203","WM164","B",45767,"B02",237.9711,"plx",0,1,15.4820201067738,6.84902490963082
"661","20160203","WM164","B",42311,"B02",244.2717,"plx",0,1,15.3687451630455,6.73574996590251
"691","20160203","WM164","B",31306,"B02",244.7022,"plx",0,1,14.9341515651638,6.30115636802082
"721","20160203","WM164","B",36598,"B02",280.5786,"plx",0,1,15.1594771901101,6.52648199296716
"4","20160203","WM164","B",404,"B03",0,"plx",0,2,8.6582114827518,0
"34","20160203","WM164","B",285,"B03",16.4683,"plx",0,2,8.1548181090521,-0.503393373699691
"64","20160203","WM164","B",352,"B03",21.3894,"plx",0,2,8.4594316186373,-0.198779864114499
"94","20160203","WM164","B",414,"B03",28.7858,"plx",0,2,8.69348695749933,0.0352754747475306
"124","20160203","WM164","B",526,"B03",40.4903,"plx",0,2,9.0389189892923,0.380707506540507
"154","20160203","WM164","B",596,"B03",48.2967,"plx",0,2,9.21916852046216,0.560957037710367
"184","20160203","WM164","B",1013,"B03",68.5892,"plx",0,2,9.98441845880114,1.32620697604934
"214","20160203","WM164","B",1177,"B03",73.92,"plx",0,2,10.2008986050384,1.54268712228665
"244","20160203","WM164","B",1395,"B03",74.2592,"plx",0,2,10.4460494067166,1.78783792396476
"274","20160203","WM164","B",2472,"B03",91.7686,"plx",0,2,11.2714630279044,2.61325154515258
"304","20160203","WM164","B",3110,"B03",98.81,"plx",0,2,11.602698865018,2.94448738226617
"334","20160203","WM164","B",5537,"B03",113.8211,"plx",0,2,12.4348888065304,3.7766773237786
"364","20160203","WM164","B",8134,"B03",122.5478,"plx",0,2,12.9897492754621,4.33153779271034
"394","20160203","WM164","B",18362,"B03",136.7453,"plx",0,2,14.1644355860646,5.50622410331282
"424","20160203","WM164","B",23177,"B03",160.6433,"plx",0,2,14.5004062174546,5.84219473470281
"454","20160203","WM164","B",17069,"B03",161.0481,"plx",0,2,14.059090919034,5.40087943628218
"484","20160203","WM164","B",26305,"B03",168.0683,"plx",0,2,14.6830494296222,6.02483794687036
"514","20160203","WM164","B",7002,"B03",185.3547,"plx",0,2,12.7735513464285,4.11533986367671
"544","20160203","WM164","B",16731,"B03",192.0856,"plx",0,2,14.0302360563618,5.37202457361
"574","20160203","WM164","B",21725,"B03",208.595,"plx",0,2,14.4070685565891,5.74885707383733
"604","20160203","WM164","B",19549,"B03",217.0714,"plx",0,2,14.2548071900519,5.59659570730012
"634","20160203","WM164","B",46216,"B03",237.9711,"plx",0,2,15.4961047793401,6.83789329658833
"664","20160203","WM164","B",41558,"B03",244.2717,"plx",0,2,15.3428386050257,6.68462712227387
"694","20160203","WM164","B",26052,"B03",244.7022,"plx",0,2,14.6691065113363,6.01089502858451
"724","20160203","WM164","B",29598,"B03",280.5786,"plx",0,2,14.8532120727156,6.19500058996385
"2","20160203","WM793","C",938,"C02",0,"plx",0,1,9.87344411251538,0
"32","20160203","WM793","C",1574,"C02",16.4683,"plx",0,1,10.6202198255075,0.746775712992111
"62","20160203","WM793","C",1839,"C02",21.3894,"plx",0,1,10.8447057644119,0.971261651896562
"92","20160203","WM793","C",2180,"C02",28.7858,"plx",0,1,11.0901124196643,1.21666830714891
"122","20160203","WM793","C",2894,"C02",40.4903,"plx",0,1,11.4988492065317,1.62540509401635
"152","20160203","WM793","C",4184,"C02",48.2967,"plx",0,1,12.0306671362469,2.15722302373157
"182","20160203","WM793","C",6883,"C02",68.5892,"plx",0,1,12.7488217946147,2.87537768209933
"212","20160203","WM793","C",9681,"C02",73.92,"plx",0,1,13.2409403632081,3.36749625069272
"242","20160203","WM793","C",9286,"C02",74.2592,"plx",0,1,13.1808415655667,3.30739745305129
"272","20160203","WM793","C",16169,"C02",91.7686,"plx",0,1,13.9809428351295,4.10749872261417
"302","20160203","WM793","C",19844,"C02",98.81,"plx",0,1,14.2764152418927,4.4029711293773
"332","20160203","WM793","C",17468,"C02",113.8211,"plx",0,1,14.0924268157803,4.21898270326488
"362","20160203","WM793","C",36092,"C02",122.5478,"plx",0,1,15.1393914704193,5.26594735790388
"392","20160203","WM793","C",27739,"C02",136.7453,"plx",0,1,14.7596281585215,4.88618404600614
"422","20160203","WM793","C",28899,"C02",160.6433,"plx",0,1,14.8187319511681,4.94528783865271
"452","20160203","WM793","C",22328,"C02",161.0481,"plx",0,1,14.4465664090661,4.57312229655069
"482","20160203","WM793","C",27954,"C02",168.0683,"plx",0,1,14.7707671158296,4.89732300331424
"512","20160203","WM793","C",20240,"C02",185.3547,"plx",0,1,14.3049216695817,4.4314775570663
"542","20160203","WM793","C",28484,"C02",192.0856,"plx",0,1,14.7978641373337,4.92442002481837
"572","20160203","WM793","C",21924,"C02",208.595,"plx",0,1,14.4202234193486,4.54677930683327
"602","20160203","WM793","C",31340,"C02",217.0714,"plx",0,1,14.9357175593599,5.06227344684457
"632","20160203","WM793","C",15349,"C02",237.9711,"plx",0,1,13.9058570454357,4.03241293292033
"662","20160203","WM793","C",25289,"C02",244.2717,"plx",0,1,14.6262223693555,4.7527782568401
"692","20160203","WM793","C",21053,"C02",244.7022,"plx",0,1,14.3617382079355,4.48829409542016
"722","20160203","WM793","C",10489,"C02",280.5786,"plx",0,1,13.3565895203998,3.48314540788438
"5","20160203","WM793","C",1038,"C03",0,"plx",0,2,10.0195907283579,0
"35","20160203","WM793","C",1467,"C03",16.4683,"plx",0,2,10.5186531556734,0.499062427315508
"65","20160203","WM793","C",1784,"C03",21.3894,"plx",0,2,10.8008998999203,0.781309171562423
"95","20160203","WM793","C",2323,"C03",28.7858,"plx",0,2,11.1817734388088,1.16218271045093
"125","20160203","WM793","C",2889,"C03",40.4903,"plx",0,2,11.4963544885646,1.47676376020673
"155","20160203","WM793","C",3999,"C03",48.2967,"plx",0,2,11.9654235658101,1.94583283745225
"185","20160203","WM793","C",8487,"C03",68.5892,"plx",0,2,13.0510389621174,3.03144823375953
"215","20160203","WM793","C",8479,"C03",73.92,"plx",0,2,13.0496784102864,3.03008768192851
"245","20160203","WM793","C",6587,"C03",74.2592,"plx",0,2,12.6854058347861,2.66581510642826
"275","20160203","WM793","C",13834,"C03",91.7686,"plx",0,2,13.7559307410844,3.73634001272652
"305","20160203","WM793","C",16347,"C03",98.81,"plx",0,2,13.9967382762977,3.9771475479398
"335","20160203","WM793","C",23547,"C03",113.8211,"plx",0,2,14.5232556448728,4.50366491651496
"365","20160203","WM793","C",28962,"C03",122.5478,"plx",0,2,14.8218736121658,4.80228288380788
"395","20160203","WM793","C",27606,"C03",136.7453,"plx",0,2,14.7526942418244,4.73310351346652
"425","20160203","WM793","C",37831,"C03",160.6433,"plx",0,2,15.2072812917013,5.18769056334341
"455","20160203","WM793","C",16881,"C03",161.0481,"plx",0,2,14.0431127487787,4.02352202042083
"485","20160203","WM793","C",42067,"C03",168.0683,"plx",0,2,15.3604013158057,5.34081058744785
"515","20160203","WM793","C",24988,"C03",185.3547,"plx",0,2,14.6089478145655,4.58935708620763
"545","20160203","WM793","C",26896,"C03",192.0856,"plx",0,2,14.7151040092362,4.69551328087829
"575","20160203","WM793","C",19075,"C03",208.595,"plx",0,2,14.2193954366093,4.19980470825137
"605","20160203","WM793","C",21053,"C03",217.0714,"plx",0,2,14.3617382079355,4.34214747957765
"635","20160203","WM793","C",19272,"C03",237.9711,"plx",0,2,14.2342186782385,4.21462794988059
"665","20160203","WM793","C",26129,"C03",244.2717,"plx",0,2,14.6733642909411,4.65377356258323
"695","20160203","WM793","C",18518,"C03",244.7022,"plx",0,2,14.176640671134,4.15704994277613
"725","20160203","WM793","C",17101,"C03",280.5786,"plx",0,2,14.0617930703249,4.04220234196698
"3","20160203","WM88","D",786,"D02",0,"plx",0,1,9.61838550225861,0
"33","20160203","WM88","D",750,"D02",16.4683,"plx",0,1,9.55074678538324,-0.0676387168753632
"63","20160203","WM88","D",1004,"D02",21.3894,"plx",0,1,9.97154355395077,0.353158051692166
"93","20160203","WM88","D",1116,"D02",28.7858,"plx",0,1,10.1241213118292,0.505735809570581
"123","20160203","WM88","D",1633,"D02",40.4903,"plx",0,1,10.6733090755617,1.05492357330309
"153","20160203","WM88","D",2532,"D02",48.2967,"plx",0,1,11.3060616894283,1.68767618716974
"183","20160203","WM88","D",4804,"D02",68.5892,"plx",0,1,12.2300204357056,2.61163493344703
"213","20160203","WM88","D",5129,"D02",73.92,"plx",0,1,12.3244618559773,2.70607635371871
"243","20160203","WM88","D",4553,"D02",74.2592,"plx",0,1,12.1526017440192,2.53421624176059
"273","20160203","WM88","D",7013,"D02",91.7686,"plx",0,1,12.775816012673,3.15743051041442
"303","20160203","WM88","D",9533,"D02",98.81,"plx",0,1,13.2187145810675,3.6003290788089
"333","20160203","WM88","D",15251,"D02",113.8211,"plx",0,1,13.8966162220769,4.27823071981827
"363","20160203","WM88","D",17733,"D02",122.5478,"plx",0,1,14.114149005972,4.49576350371344
"393","20160203","WM88","D",20956,"D02",136.7453,"plx",0,1,14.3550757466691,4.73669024441045
"423","20160203","WM88","D",32090,"D02",160.6433,"plx",0,1,14.9698361691692,5.35145066691056
"453","20160203","WM88","D",33374,"D02",161.0481,"plx",0,1,15.0264369888843,5.40805148662572
"483","20160203","WM88","D",35404,"D02",168.0683,"plx",0,1,15.1116247470373,5.49323924477864
"513","20160203","WM88","D",43082,"D02",185.3547,"plx",0,1,15.3947976053625,5.77641210310394
"543","20160203","WM88","D",45616,"D02",192.0856,"plx",0,1,15.477252323938,5.85886682167935
"573","20160203","WM88","D",54674,"D02",208.595,"plx",0,1,15.7385673078409,6.12018180558233
"603","20160203","WM88","D",56694,"D02",217.0714,"plx",0,1,15.7909084404969,6.17252293823831
"633","20160203","WM88","D",59515,"D02",237.9711,"plx",0,1,15.8609657067648,6.24258020450616
"663","20160203","WM88","D",55837,"D02",244.2717,"plx",0,1,15.7689338103271,6.15054830806853
"693","20160203","WM88","D",43486,"D02",244.7022,"plx",0,1,15.408263390132,5.78987788787337
"723","20160203","WM88","D",45500,"D02",280.5786,"plx",0,1,15.4735789248608,5.85519342260218
"6","20160203","WM88","D",996,"D03",0,"plx",0,2,9.96000193206808,0
"36","20160203","WM88","D",1173,"D03",16.4683,"plx",0,2,10.1959872980285,0.235985365960428
"66","20160203","WM88","D",1382,"D03",21.3894,"plx",0,2,10.4325419003883,0.472539968320177
"96","20160203","WM88","D",1994,"D03",28.7858,"plx",0,2,10.9614496943982,1.00144776233011
"126","20160203","WM88","D",2881,"D03",40.4903,"plx",0,2,11.4923539451599,1.53235201309179
"156","20160203","WM88","D",3591,"D03",48.2967,"plx",0,2,11.8101699376647,1.85016800559658
"186","20160203","WM88","D",5816,"D03",68.5892,"plx",0,2,12.5058115539196,2.54580962185151
"216","20160203","WM88","D",6772,"D03",73.92,"plx",0,2,12.7253662578956,2.76536432582756
"246","20160203","WM88","D",6685,"D03",74.2592,"plx",0,2,12.7067118449807,2.74670991291263
"276","20160203","WM88","D",10211,"D03",91.7686,"plx",0,2,13.3178365410046,3.3578346089365
"306","20160203","WM88","D",12000,"D03",98.81,"plx",0,2,13.5507467853832,3.59074485331516
"336","20160203","WM88","D",17025,"D03",113.8211,"plx",0,2,14.0553671777868,4.09536524571871
"366","20160203","WM88","D",19957,"D03",122.5478,"plx",0,2,14.2846072459956,4.32460531392748
"396","20160203","WM88","D",25653,"D03",136.7453,"plx",0,2,14.646839931777,4.68683799970894
"426","20160203","WM88","D",32454,"D03",160.6433,"plx",0,2,14.9861086828747,5.02610675080657
"456","20160203","WM88","D",33727,"D03",161.0481,"plx",0,2,15.0416163766008,5.08161444453271
"486","20160203","WM88","D",37819,"D03",168.0683,"plx",0,2,15.2068235959806,5.2468216639125
"516","20160203","WM88","D",45176,"D03",185.3547,"plx",0,2,15.4632689159813,5.50326698391321
"546","20160203","WM88","D",44059,"D03",192.0856,"plx",0,2,15.4271491303437,5.46714719827565
"576","20160203","WM88","D",50920,"D03",208.595,"plx",0,2,15.6359447987887,5.67594286672064
"606","20160203","WM88","D",55680,"D03",217.0714,"plx",0,2,15.7648715907361,5.80486965866801
"636","20160203","WM88","D",59452,"D03",237.9711,"plx",0,2,15.8594377234405,5.89943579137237
"666","20160203","WM88","D",55852,"D03",244.2717,"plx",0,2,15.7693213225395,5.80931939047142
"696","20160203","WM88","D",44147,"D03",244.7022,"plx",0,2,15.4300277827193,5.47002585065123
"726","20160203","WM88","D",39970,"D03",280.5786,"plx",0,2,15.2866299523078,5.32662802023973
"7","20160203","WM164","B",267,"B04",0,"plx",8,1,8.06069593168755,0
"37","20160203","WM164","B",199,"B04",16.4683,"plx",8,1,7.63662462054365,-0.424071311143906
"67","20160203","WM164","B",149,"B04",21.3894,"plx",8,1,7.21916852046216,-0.841527411225393
"97","20160203","WM164","B",213,"B04",28.7858,"plx",8,1,7.73470962022584,-0.325986311461716
"127","20160203","WM164","B",268,"B04",40.4903,"plx",8,1,8.06608919045777,0.00539325877021746
"157","20160203","WM164","B",276,"B04",48.2967,"plx",8,1,8.10852445677817,0.0478285250906136
"187","20160203","WM164","B",427,"B04",68.5892,"plx",8,1,8.73809225962049,0.677396327932936
"217","20160203","WM164","B",433,"B04",73.92,"plx",8,1,8.75822321472672,0.69752728303917
"247","20160203","WM164","B",379,"B04",74.2592,"plx",8,1,8.56605403817109,0.505358106483538
"277","20160203","WM164","B",628,"B04",91.7686,"plx",8,1,9.29462074889163,1.23392481720407
"307","20160203","WM164","B",575,"B04",98.81,"plx",8,1,9.16741814583174,1.10672221414418
"337","20160203","WM164","B",684,"B04",113.8211,"plx",8,1,9.4178525148859,1.35715658319834
"367","20160203","WM164","B",751,"B04",122.5478,"plx",8,1,9.55266909751427,1.49197316582672
"397","20160203","WM164","B",861,"B04",136.7453,"plx",8,1,9.74986942739684,1.68917349570929
"427","20160203","WM164","B",1018,"B04",160.6433,"plx",8,1,9.9915218460757,1.93082591438814
"457","20160203","WM164","B",815,"B04",161.0481,"plx",8,1,9.67065624911844,1.60996031743089
"487","20160203","WM164","B",1352,"B04",168.0683,"plx",8,1,10.4008794362822,2.34018350459463
"517","20160203","WM164","B",1277,"B04",185.3547,"plx",8,1,10.3185428097027,2.25784687801517
"547","20160203","WM164","B",1707,"B04",192.0856,"plx",8,1,10.7372473430277,2.67655141134018
"577","20160203","WM164","B",1832,"B04",208.595,"plx",8,1,10.8392037880969,2.77850785640939
"607","20160203","WM164","B",1836,"B04",217.0714,"plx",8,1,10.8423503434138,2.78165441172625
"637","20160203","WM164","B",2224,"B04",237.9711,"plx",8,1,11.1189410727235,3.05824514103595
"667","20160203","WM164","B",3224,"B04",244.2717,"plx",8,1,11.654636028528,3.59394009684041
"697","20160203","WM164","B",2214,"B04",244.7022,"plx",8,1,11.1124395067816,3.051743575094
"727","20160203","WM164","B",4288,"B04",280.5786,"plx",8,1,12.0660891904578,4.00539325877022
"10","20160203","WM164","B",446,"B05",0,"plx",8,2,8.8008998999203,0
"40","20160203","WM164","B",289,"B05",16.4683,"plx",8,2,8.17492568250068,-0.625974217419627
"70","20160203","WM164","B",231,"B05",21.3894,"plx",8,2,7.85174904141606,-0.949150858504248
"100","20160203","WM164","B",249,"B05",28.7858,"plx",8,2,7.96000193206808,-0.840897967852224
"130","20160203","WM164","B",283,"B05",40.4903,"plx",8,2,8.14465824283188,-0.656241657088422
"160","20160203","WM164","B",313,"B05",48.2967,"plx",8,2,8.29001884693262,-0.510881052987687
"190","20160203","WM164","B",475,"B05",68.5892,"plx",8,2,8.89178370321831,0.0908838032980057
"220","20160203","WM164","B",477,"B05",73.92,"plx",8,2,8.89784545600551,0.0969455560852062
"250","20160203","WM164","B",249,"B05",74.2592,"plx",8,2,7.96000193206808,-0.840897967852224
"280","20160203","WM164","B",591,"B05",91.7686,"plx",8,2,9.20701432017753,0.406114420257227
"310","20160203","WM164","B",593,"B05",98.81,"plx",8,2,9.211888294546,0.410988394625699
"340","20160203","WM164","B",623,"B05",113.8211,"plx",8,2,9.283088353024,0.482188453103698
"370","20160203","WM164","B",553,"B05",122.5478,"plx",8,2,9.11113567023471,0.310235770314403
"400","20160203","WM164","B",745,"B05",136.7453,"plx",8,2,9.54109661534952,0.740196715429219
"430","20160203","WM164","B",927,"B05",160.6433,"plx",8,2,9.85642552862553,1.05552562870523
"460","20160203","WM164","B",842,"B05",161.0481,"plx",8,2,9.7176764230664,0.91677652314609
"490","20160203","WM164","B",1115,"B05",168.0683,"plx",8,2,10.1228279948077,1.32192809488736
"520","20160203","WM164","B",1006,"B05",185.3547,"plx",8,2,9.97441458980553,1.17351468988522
"550","20160203","WM164","B",1468,"B05",192.0856,"plx",8,2,10.5196362528432,1.71873635292291
"580","20160203","WM164","B",1519,"B05",208.595,"plx",8,2,10.5689061545021,1.76800625458178
"610","20160203","WM164","B",1491,"B05",217.0714,"plx",8,2,10.5420645422834,1.74116464236314
"640","20160203","WM164","B",2118,"B05",237.9711,"plx",8,2,11.0484868739923,2.24758697407203
"670","20160203","WM164","B",2671,"B05",244.2717,"plx",8,2,11.3831642606351,2.58226436071481
"700","20160203","WM164","B",1915,"B05",244.7022,"plx",8,2,10.9031286768123,2.10222877689201
"730","20160203","WM164","B",3906,"B05",280.5786,"plx",8,2,11.9314762338868,3.13057633396649
"13","20160203","WM164","B",400,"B06",0,"plx",8,3,8.64385618977473,0
"43","20160203","WM164","B",228,"B06",16.4683,"plx",8,3,7.83289001416474,-0.810966175609984
"73","20160203","WM164","B",221,"B06",21.3894,"plx",8,3,7.78790255939143,-0.855953630383294
"103","20160203","WM164","B",218,"B06",28.7858,"plx",8,3,7.76818432477693,-0.875671864997799
"133","20160203","WM164","B",313,"B06",40.4903,"plx",8,3,8.29001884693262,-0.353837342842107
"163","20160203","WM164","B",355,"B06",48.2967,"plx",8,3,8.47167521439204,-0.17218097538268
"193","20160203","WM164","B",484,"B06",68.5892,"plx",8,3,8.91886323727459,0.275007047499869
"223","20160203","WM164","B",565,"B06",73.92,"plx",8,3,9.14210705730255,0.498250867527824
"253","20160203","WM164","B",473,"B06",74.2592,"plx",8,3,8.88569637333939,0.241840183564669
"283","20160203","WM164","B",608,"B06",91.7686,"plx",8,3,9.24792751344359,0.60407132366886
"313","20160203","WM164","B",627,"B06",98.81,"plx",8,3,9.29232163280204,0.648465443027314
"343","20160203","WM164","B",462,"B06",113.8211,"plx",8,3,8.85174904141606,0.207892851641333
"373","20160203","WM164","B",716,"B06",122.5478,"plx",8,3,9.48381577726426,0.839959587489531
"403","20160203","WM164","B",853,"B06",136.7453,"plx",8,3,9.73640193131829,1.09254574154357
"433","20160203","WM164","B",1003,"B06",160.6433,"plx",8,3,9.97010589061218,1.32624970083746
"463","20160203","WM164","B",797,"B06",161.0481,"plx",8,3,9.63843591399047,0.994579724215747
"493","20160203","WM164","B",1163,"B06",168.0683,"plx",8,3,10.1836353814732,1.53977919169849
"523","20160203","WM164","B",934,"B06",185.3547,"plx",8,3,9.86727873970966,1.22342254993494
"553","20160203","WM164","B",1158,"B06",192.0856,"plx",8,3,10.1774195379892,1.53356334821451
"583","20160203","WM164","B",1272,"B06",208.595,"plx",8,3,10.3128829552844,1.66902676550963
"613","20160203","WM164","B",1501,"B06",217.0714,"plx",8,3,10.5517082616207,1.90785207184596
"643","20160203","WM164","B",1804,"B06",237.9711,"plx",8,3,10.8169836232554,2.17312743348065
"673","20160203","WM164","B",2277,"B06",244.2717,"plx",8,3,11.1529185761366,2.5090623863619
"703","20160203","WM164","B",1910,"B06",244.7022,"plx",8,3,10.8993569229231,2.25550073314839
"733","20160203","WM164","B",3634,"B06",280.5786,"plx",8,3,11.8273427042341,3.18348651445939
"16","20160203","WM164","B",304,"B07",0,"plx",8,4,8.24792751344359,0
"46","20160203","WM164","B",182,"B07",16.4683,"plx",8,4,7.5077946401987,-0.740132873244889
"76","20160203","WM164","B",170,"B07",21.3894,"plx",8,4,7.4093909361377,-0.838536577305883
"106","20160203","WM164","B",182,"B07",28.7858,"plx",8,4,7.5077946401987,-0.740132873244889
"136","20160203","WM164","B",174,"B07",40.4903,"plx",8,4,7.44294349584873,-0.804984017594857
"166","20160203","WM164","B",225,"B07",48.2967,"plx",8,4,7.81378119121704,-0.434146322226548
"196","20160203","WM164","B",362,"B07",68.5892,"plx",8,4,8.49984588708321,0.25191837363962
"226","20160203","WM164","B",409,"B07",73.92,"plx",8,4,8.67595703294175,0.428029519498164
"256","20160203","WM164","B",271,"B07",74.2592,"plx",8,4,8.08214904135387,-0.165778472089714
"286","20160203","WM164","B",427,"B07",91.7686,"plx",8,4,8.73809225962049,0.490164746176905
"316","20160203","WM164","B",448,"B07",98.81,"plx",8,4,8.8073549220576,0.559427408614019
"346","20160203","WM164","B",535,"B07",113.8211,"plx",8,4,9.06339508128851,0.815467567844925
"376","20160203","WM164","B",641,"B07",122.5478,"plx",8,4,9.32418054661874,1.07625303317516
"406","20160203","WM164","B",729,"B07",136.7453,"plx",8,4,9.50977500432694,1.26184749088335
"436","20160203","WM164","B",984,"B07",160.6433,"plx",8,4,9.94251450533924,1.69458699189565
"466","20160203","WM164","B",577,"B07",161.0481,"plx",8,4,9.17242750864548,0.924499995201897
"496","20160203","WM164","B",997,"B07",168.0683,"plx",8,4,9.9614496943982,1.71352218095461
"526","20160203","WM164","B",979,"B07",185.3547,"plx",8,4,9.93516504960369,1.68723753616011
"556","20160203","WM164","B",1089,"B07",192.0856,"plx",8,4,10.0887882387169,1.84086072527332
"586","20160203","WM164","B",1180,"B07",208.595,"plx",8,4,10.2045711442492,1.95664363080562
"616","20160203","WM164","B",1387,"B07",217.0714,"plx",8,4,10.4377520723236,2.18982455888002
"646","20160203","WM164","B",1558,"B07",237.9711,"plx",8,4,10.6054795180617,2.35755200461808
"676","20160203","WM164","B",2489,"B07",244.2717,"plx",8,4,11.281350514981,3.03342300153745
"706","20160203","WM164","B",1882,"B07",244.7022,"plx",8,4,10.8780509127285,2.63012339928495
"736","20160203","WM164","B",3778,"B07",280.5786,"plx",8,4,11.8834069863884,3.63547947294478
"19","20160203","WM164","B",361,"B08",0,"plx",8,5,8.49585502688717,0
"49","20160203","WM164","B",250,"B08",16.4683,"plx",8,5,7.96578428466209,-0.530070742225083
"79","20160203","WM164","B",145,"B08",21.3894,"plx",8,5,7.17990909001493,-1.31594593687224
"109","20160203","WM164","B",196,"B08",28.7858,"plx",8,5,7.61470984411521,-0.881145182771962
"139","20160203","WM164","B",264,"B08",40.4903,"plx",8,5,8.04439411935845,-0.451460907528716
"169","20160203","WM164","B",318,"B08",48.2967,"plx",8,5,8.31288295528435,-0.182972071602816
"199","20160203","WM164","B",386,"B08",68.5892,"plx",8,5,8.59245703726808,0.0966020103809093
"229","20160203","WM164","B",440,"B08",73.92,"plx",8,5,8.78135971352466,0.28550468663749
"259","20160203","WM164","B",311,"B08",74.2592,"plx",8,5,8.2807707701306,-0.215084256756567
"289","20160203","WM164","B",528,"B08",91.7686,"plx",8,5,9.04439411935845,0.548539092471284
"319","20160203","WM164","B",545,"B08",98.81,"plx",8,5,9.09011241966429,0.594257392777118
"349","20160203","WM164","B",589,"B08",113.8211,"plx",8,5,9.20212382383046,0.70626879694329
"379","20160203","WM164","B",674,"B08",122.5478,"plx",8,5,9.39660478118186,0.900749754294688
"409","20160203","WM164","B",709,"B08",136.7453,"plx",8,5,9.46964181723952,0.973786790352346
"439","20160203","WM164","B",743,"B08",160.6433,"plx",8,5,9.5372184005386,1.04136337365142
"469","20160203","WM164","B",573,"B08",161.0481,"plx",8,5,9.16239132875691,0.666536301869735
"499","20160203","WM164","B",990,"B08",168.0683,"plx",8,5,9.95128471496697,1.4554296880798
"529","20160203","WM164","B",1047,"B08",185.3547,"plx",8,5,10.0320457269308,1.53619070004364
"559","20160203","WM164","B",1375,"B08",192.0856,"plx",8,5,10.4252159032994,1.92936087641221
"589","20160203","WM164","B",1250,"B08",208.595,"plx",8,5,10.2877123795494,1.79185735266228
"619","20160203","WM164","B",1310,"B08",217.0714,"plx",8,5,10.3553510964248,1.85949606953764
"649","20160203","WM164","B",1678,"B08",237.9711,"plx",8,5,10.7125270004398,2.21667197355265
"679","20160203","WM164","B",2615,"B08",244.2717,"plx",8,5,11.3525952311343,2.85674020424713
"709","20160203","WM164","B",1834,"B08",244.7022,"plx",8,5,10.8407779235951,2.34492289670788
"739","20160203","WM164","B",3909,"B08",280.5786,"plx",8,5,11.9325838692893,3.43672884240212
"22","20160203","WM164","B",348,"B09",0,"plx",8,6,8.44294349584873,0
"52","20160203","WM164","B",262,"B09",16.4683,"plx",8,6,8.03342300153745,-0.409520494311279
"82","20160203","WM164","B",238,"B09",21.3894,"plx",8,6,7.89481776330794,-0.548125732540785
"112","20160203","WM164","B",241,"B09",28.7858,"plx",8,6,7.91288933622996,-0.530054159618767
"142","20160203","WM164","B",301,"B09",40.4903,"plx",8,6,8.2336196767597,-0.209323819089027
"172","20160203","WM164","B",396,"B09",48.2967,"plx",8,6,8.62935662007961,0.186413124230882
"202","20160203","WM164","B",491,"B09",68.5892,"plx",8,6,8.93957921431469,0.496635718465964
"232","20160203","WM164","B",569,"B09",73.92,"plx",8,6,9.15228484230658,0.709341346457853
"262","20160203","WM164","B",459,"B09",74.2592,"plx",8,6,8.84235034341381,0.399406847565078
"292","20160203","WM164","B",619,"B09",91.7686,"plx",8,6,9.27379559921426,0.830852103365535
"322","20160203","WM164","B",553,"B09",98.81,"plx",8,6,9.11113567023471,0.668192174385979
"352","20160203","WM164","B",563,"B09",113.8211,"plx",8,6,9.13699111208023,0.694047616231501
"382","20160203","WM164","B",800,"B09",122.5478,"plx",8,6,9.64385618977473,1.200912693926
"412","20160203","WM164","B",694,"B09",136.7453,"plx",8,6,9.43879185257826,0.995848356729532
"442","20160203","WM164","B",1184,"B09",160.6433,"plx",8,6,10.2094533656289,1.76650986978022
"472","20160203","WM164","B",712,"B09",161.0481,"plx",8,6,9.4757334309664,1.03278993511767
"502","20160203","WM164","B",1267,"B09",168.0683,"plx",8,6,10.3072008091408,1.86425731329208
"532","20160203","WM164","B",1416,"B09",185.3547,"plx",8,6,10.467605550083,2.02466205423427
"562","20160203","WM164","B",1251,"B09",192.0856,"plx",8,6,10.2888660741658,1.84592257831709
"592","20160203","WM164","B",1548,"B09",208.595,"plx",8,6,10.5961897561444,2.15324626029568
"622","20160203","WM164","B",1543,"B09",217.0714,"plx",8,6,10.5915223465707,2.14857885072201
"652","20160203","WM164","B",2422,"B09",237.9711,"plx",8,6,11.2419831496943,2.7990396538456
"682","20160203","WM164","B",2415,"B09",244.2717,"plx",8,6,11.2378074737231,2.79486397787441
"712","20160203","WM164","B",2086,"B09",244.7022,"plx",8,6,11.0265234425198,2.58357994667104
"742","20160203","WM164","B",3436,"B09",280.5786,"plx",8,6,11.7465143211385,3.30357082528973
"25","20160203","WM164","B",330,"B10",0,"plx",8,7,8.36632221424582,0
"55","20160203","WM164","B",240,"B10",16.4683,"plx",8,7,7.90689059560852,-0.459431618637297
"85","20160203","WM164","B",165,"B10",21.3894,"plx",8,7,7.36632221424582,-1
"115","20160203","WM164","B",207,"B10",28.7858,"plx",8,7,7.69348695749933,-0.672835256746491
"145","20160203","WM164","B",226,"B10",40.4903,"plx",8,7,7.82017896241519,-0.546143251830628
"175","20160203","WM164","B",238,"B10",48.2967,"plx",8,7,7.89481776330794,-0.471504450937872
"205","20160203","WM164","B",383,"B10",68.5892,"plx",8,7,8.58120058192496,0.214878367679141
"235","20160203","WM164","B",418,"B10",73.92,"plx",8,7,8.70735913208088,0.341036917835067
"265","20160203","WM164","B",336,"B10",74.2592,"plx",8,7,8.39231742277876,0.0259952085329438
"295","20160203","WM164","B",594,"B10",91.7686,"plx",8,7,9.21431912080077,0.84799690655495
"325","20160203","WM164","B",494,"B10",98.81,"plx",8,7,8.94836723158468,0.582045017338862
"355","20160203","WM164","B",488,"B10",113.8211,"plx",8,7,8.93073733756289,0.564415123317071
"385","20160203","WM164","B",585,"B10",122.5478,"plx",8,7,9.19229281447077,0.825970600224951
"415","20160203","WM164","B",789,"B10",136.7453,"plx",8,7,9.62388149001346,1.25755927576764
"445","20160203","WM164","B",818,"B10",160.6433,"plx",8,7,9.67595703294175,1.30963481869593
"475","20160203","WM164","B",739,"B10",161.0481,"plx",8,7,9.52943055414615,1.16310833990033
"505","20160203","WM164","B",1053,"B10",168.0683,"plx",8,7,10.0402897210257,1.6739675067799
"535","20160203","WM164","B",1131,"B10",185.3547,"plx",8,7,10.1433832139898,1.777060999744
"565","20160203","WM164","B",1146,"B10",192.0856,"plx",8,7,10.1623913287569,1.79606911451109
"595","20160203","WM164","B",1171,"B10",208.595,"plx",8,7,10.1935253605012,1.8272031462554
"625","20160203","WM164","B",1302,"B10",217.0714,"plx",8,7,10.3465137331656,1.98019151891982
"655","20160203","WM164","B",2319,"B10",237.9711,"plx",8,7,11.179287104646,2.81296489040019
"685","20160203","WM164","B",2537,"B10",244.2717,"plx",8,7,11.3089078040639,2.94258558981812
"715","20160203","WM164","B",2093,"B10",244.7022,"plx",8,7,11.0313565962557,2.66503438200989
"745","20160203","WM164","B",4363,"B10",280.5786,"plx",8,7,12.0911047583765,3.72478254413068
"28","20160203","WM164","B",352,"B11",0,"plx",8,8,8.4594316186373,0
"58","20160203","WM164","B",223,"B11",16.4683,"plx",8,8,7.8008998999203,-0.658531718716992
"88","20160203","WM164","B",181,"B11",21.3894,"plx",8,8,7.49984588708321,-0.959585731554091
"118","20160203","WM164","B",213,"B11",28.7858,"plx",8,8,7.73470962022584,-0.724721998411458
"148","20160203","WM164","B",266,"B11",40.4903,"plx",8,8,8.05528243550119,-0.404149183136107
"178","20160203","WM164","B",285,"B11",48.2967,"plx",8,8,8.1548181090521,-0.304613509585192
"208","20160203","WM164","B",265,"B11",68.5892,"plx",8,8,8.04984854945056,-0.409583069186734
"238","20160203","WM164","B",334,"B11",73.92,"plx",8,8,8.38370429247405,-0.0757273261632445
"268","20160203","WM164","B",294,"B11",74.2592,"plx",8,8,8.19967234483636,-0.259759273800933
"298","20160203","WM164","B",435,"B11",91.7686,"plx",8,8,8.76487159073609,0.305439972098794
"328","20160203","WM164","B",348,"B11",98.81,"plx",8,8,8.44294349584873,-0.0164881227885676
"358","20160203","WM164","B",361,"B11",113.8211,"plx",8,8,8.49585502688717,0.036423408249874
"388","20160203","WM164","B",524,"B11",122.5478,"plx",8,8,9.03342300153745,0.573991382900154
"418","20160203","WM164","B",515,"B11",136.7453,"plx",8,8,9.00842862207058,0.548997003433284
"448","20160203","WM164","B",689,"B11",160.6433,"plx",8,8,9.42836017270429,0.968928554066995
"478","20160203","WM164","B",604,"B11",161.0481,"plx",8,8,9.23840473932508,0.778973120687782
"508","20160203","WM164","B",820,"B11",168.0683,"plx",8,8,9.67948009950545,1.22004848086815
"538","20160203","WM164","B",663,"B11",185.3547,"plx",8,8,9.37286506011259,0.913433441475291
"568","20160203","WM164","B",909,"B11",192.0856,"plx",8,8,9.82813648419411,1.36870486555681
"598","20160203","WM164","B",1007,"B11",208.595,"plx",8,8,9.97584796800678,1.51641634936949
"628","20160203","WM164","B",1236,"B11",217.0714,"plx",8,8,10.2714630279044,1.81203140926708
"658","20160203","WM164","B",1519,"B11",237.9711,"plx",8,8,10.5689061545021,2.10947453586479
"688","20160203","WM164","B",2165,"B11",244.2717,"plx",8,8,11.0801513096141,2.62071969097679
"718","20160203","WM164","B",1577,"B11",244.7022,"plx",8,8,10.6229669447905,2.16353532615321
"748","20160203","WM164","B",2375,"B11",280.5786,"plx",8,8,11.2137117981057,2.75428017946838
"8","20160203","WM793","C",885,"C04",0,"plx",8,1,9.78953364497036,0
"38","20160203","WM793","C",911,"C04",16.4683,"plx",8,1,9.83130724380205,0.041773598831691
"68","20160203","WM793","C",1047,"C04",21.3894,"plx",8,1,10.0320457269308,0.242512081960449
"98","20160203","WM793","C",1424,"C04",28.7858,"plx",8,1,10.4757334309664,0.686199785996038
"128","20160203","WM793","C",1701,"C04",40.4903,"plx",8,1,10.7321674256634,0.942633780693026
"158","20160203","WM793","C",2258,"C04",48.2967,"plx",8,1,11.140829770773,1.35129612580264
"188","20160203","WM793","C",3452,"C04",68.5892,"plx",8,1,11.753216749179,1.9636831042086
"218","20160203","WM793","C",3717,"C04",73.92,"plx",8,1,11.8599229728618,2.0703893278914
"248","20160203","WM793","C",3290,"C04",74.2592,"plx",8,1,11.6838718686226,1.89433822365224
"278","20160203","WM793","C",5139,"C04",91.7686,"plx",8,1,12.3272719368052,2.5377382918348
"308","20160203","WM793","C",4808,"C04",98.81,"plx",8,1,12.2312211807112,2.44168753574083
"338","20160203","WM793","C",5912,"C04",113.8211,"plx",8,1,12.5294305541462,2.73989690917579
"368","20160203","WM793","C",7288,"C04",122.5478,"plx",8,1,12.8313072438021,3.04177359883169
"398","20160203","WM793","C",8258,"C04",136.7453,"plx",8,1,13.0115767031762,3.22204305820582
"428","20160203","WM793","C",9500,"C04",160.6433,"plx",8,1,13.2137117981057,3.42417815313531
"458","20160203","WM793","C",9365,"C04",161.0481,"plx",8,1,13.1930632791304,3.40352963416005
"488","20160203","WM793","C",12085,"C04",168.0683,"plx",8,1,13.5609298526529,3.77139620768259
"518","20160203","WM793","C",12645,"C04",185.3547,"plx",8,1,13.6262794165506,3.83674577158024
"548","20160203","WM793","C",14542,"C04",192.0856,"plx",8,1,13.827938080145,4.03840443517463
"578","20160203","WM793","C",10638,"C04",208.595,"plx",8,1,13.3769393216198,3.58740567664949
"608","20160203","WM793","C",12977,"C04",217.0714,"plx",8,1,13.6636692817337,3.87413563676331
"638","20160203","WM793","C",15845,"C04",237.9711,"plx",8,1,13.9517400392696,4.16220639429924
"668","20160203","WM793","C",15741,"C04",244.2717,"plx",8,1,13.942239575364,4.1527059303936
"698","20160203","WM793","C",18042,"C04",244.7022,"plx",8,1,14.1390716532952,4.3495380083248
"728","20160203","WM793","C",22190,"C04",280.5786,"plx",8,1,14.4376220470844,4.64808840211401
"11","20160203","WM793","C",1109,"C05",0,"plx",8,2,10.1150436501617,0
"41","20160203","WM793","C",1142,"C05",16.4683,"plx",8,2,10.1573469353628,0.0423032852011342
"71","20160203","WM793","C",1420,"C05",21.3894,"plx",8,2,10.471675214392,0.356631564230335
"101","20160203","WM793","C",1684,"C05",28.7858,"plx",8,2,10.7176764230664,0.602632772904686
"131","20160203","WM793","C",2082,"C05",40.4903,"plx",8,2,11.0237543532994,0.908710703137707
"161","20160203","WM793","C",2210,"C05",48.2967,"plx",8,2,11.1098306542788,0.994787004117084
"191","20160203","WM793","C",3916,"C05",68.5892,"plx",8,2,11.9351650496037,1.82012139944199
"221","20160203","WM793","C",3727,"C05",73.92,"plx",8,2,11.8637991037288,1.74875545356714
"251","20160203","WM793","C",4062,"C05",74.2592,"plx",8,2,11.9879745242962,1.87293087413444
"281","20160203","WM793","C",6028,"C05",91.7686,"plx",8,2,12.5574637015978,2.44242005143611
"311","20160203","WM793","C",5877,"C05",98.81,"plx",8,2,12.5208641829887,2.40582053282703
"341","20160203","WM793","C",7622,"C05",113.8211,"plx",8,2,12.8959538928122,2.78091024265046
"371","20160203","WM793","C",6970,"C05",122.5478,"plx",8,2,12.7669429407558,2.65189929059408
"401","20160203","WM793","C",10589,"C05",136.7453,"plx",8,2,13.3702787306209,3.25523508045915
"431","20160203","WM793","C",12240,"C05",160.6433,"plx",8,2,13.57931593758,3.46427228741831
"461","20160203","WM793","C",13505,"C05",161.0481,"plx",8,2,13.7212060193963,3.60616236923462
"491","20160203","WM793","C",11130,"C05",168.0683,"plx",8,2,13.4421659722293,3.32712232206761
"521","20160203","WM793","C",14146,"C05",185.3547,"plx",8,2,13.7881065459652,3.67306289580354
"551","20160203","WM793","C",16257,"C05",192.0856,"plx",8,2,13.9887734325072,3.87372978234548
"581","20160203","WM793","C",18965,"C05",208.595,"plx",8,2,14.2110517511816,4.09600810101989
"611","20160203","WM793","C",18447,"C05",217.0714,"plx",8,2,14.1710985922016,4.05605494203993
"641","20160203","WM793","C",17910,"C05",237.9711,"plx",8,2,14.1284777168733,4.01343406671161
"671","20160203","WM793","C",20662,"C05",244.2717,"plx",8,2,14.3346922876939,4.21964863753215
"701","20160203","WM793","C",20514,"C05",244.7022,"plx",8,2,14.3243212081546,4.20927755799284
"731","20160203","WM793","C",27485,"C05",280.5786,"plx",8,2,14.7463568589251,4.63131320876341
"14","20160203","WM793","C",1125,"C06",0,"plx",8,3,10.1357092861044,0
"44","20160203","WM793","C",1239,"C06",16.4683,"plx",8,3,10.2749604721406,0.139251186036203
"74","20160203","WM793","C",1329,"C06",21.3894,"plx",8,3,10.3761253892762,0.240416103171775
"104","20160203","WM793","C",1522,"C06",28.7858,"plx",8,3,10.5717526435035,0.436043357399146
"134","20160203","WM793","C",2281,"C06",40.4903,"plx",8,3,11.1554507313121,1.01974144520774
"164","20160203","WM793","C",2554,"C06",48.2967,"plx",8,3,11.3185428097027,1.18283352359832
"194","20160203","WM793","C",3968,"C06",68.5892,"plx",8,3,11.9541963103869,1.81848702428248
"224","20160203","WM793","C",4317,"C06",73.92,"plx",8,3,12.0758133774615,1.94010409135706
"254","20160203","WM793","C",3976,"C06",74.2592,"plx",8,3,11.9571020415623,1.82139275545789
"284","20160203","WM793","C",5730,"C06",91.7686,"plx",8,3,12.4843194236443,2.34861013753987
"314","20160203","WM793","C",5560,"C06",98.81,"plx",8,3,12.4408691676109,2.30515988150647
"344","20160203","WM793","C",6186,"C06",113.8211,"plx",8,3,12.5947911180893,2.45908183198487
"374","20160203","WM793","C",8262,"C06",122.5478,"plx",8,3,13.0122753448561,2.87656605875172
"404","20160203","WM793","C",9660,"C06",136.7453,"plx",8,3,13.2378074737231,3.10209818761874
"434","20160203","WM793","C",10708,"C06",160.6433,"plx",8,3,13.3864014236408,3.25069213753638
"464","20160203","WM793","C",12890,"C06",161.0481,"plx",8,3,13.653964643249,3.51825535714461
"494","20160203","WM793","C",13690,"C06",168.0683,"plx",8,3,13.7408348261453,3.60512554004086
"524","20160203","WM793","C",14036,"C06",185.3547,"plx",8,3,13.7768442324022,3.64113494629777
"554","20160203","WM793","C",11073,"C06",192.0856,"plx",8,3,13.4347585229668,3.29904923686237
"584","20160203","WM793","C",15596,"C06",208.595,"plx",8,3,13.9288884393976,3.79317915329324
"614","20160203","WM793","C",17878,"C06",217.0714,"plx",8,3,14.1258977317603,3.99018844565593
"644","20160203","WM793","C",15060,"C06",237.9711,"plx",8,3,13.8784341495593,3.74272486345489
"674","20160203","WM793","C",16939,"C06",244.2717,"plx",8,3,14.0480610867092,3.91235180060483
"704","20160203","WM793","C",20730,"C06",244.7022,"plx",8,3,14.3394324959968,4.20372320989238
"734","20160203","WM793","C",24592,"C06",280.5786,"plx",8,3,14.5859014496908,4.45019216358637
"17","20160203","WM793","C",1390,"C07",0,"plx",8,4,10.4408691676109,0
"47","20160203","WM793","C",1787,"C07",16.4683,"plx",8,4,10.8033239190415,0.36245475143062
"77","20160203","WM793","C",1888,"C07",21.3894,"plx",8,4,10.8826430493618,0.44177388175097
"107","20160203","WM793","C",2223,"C07",28.7858,"plx",8,4,11.118292233027,0.67742306541612
"137","20160203","WM793","C",2911,"C07",40.4903,"plx",8,4,11.5072991241228,1.06642995651189
"167","20160203","WM793","C",3572,"C07",48.2967,"plx",8,4,11.8025163651212,1.36164719751035
"197","20160203","WM793","C",5095,"C07",68.5892,"plx",8,4,12.3148664310532,1.87399726344231
"227","20160203","WM793","C",5217,"C07",73.92,"plx",8,4,12.3490047180277,1.90813555041687
"257","20160203","WM793","C",5791,"C07",74.2592,"plx",8,4,12.4995967814898,2.05872761387888
"287","20160203","WM793","C",7500,"C07",91.7686,"plx",8,4,12.8726748802706,2.43180571265973
"317","20160203","WM793","C",7536,"C07",98.81,"plx",8,4,12.8795832496128,2.43871408200191
"347","20160203","WM793","C",9442,"C07",113.8211,"plx",8,4,13.204876767604,2.76400759999312
"377","20160203","WM793","C",10457,"C07",122.5478,"plx",8,4,13.3521813969179,2.91131222930702
"407","20160203","WM793","C",11460,"C07",136.7453,"plx",8,4,13.4843194236443,3.0434502560334
"437","20160203","WM793","C",13667,"C07",160.6433,"plx",8,4,13.7384089758138,3.29753980820296
"467","20160203","WM793","C",15250,"C07",161.0481,"plx",8,4,13.896521622225,3.4556524546141
"497","20160203","WM793","C",16237,"C07",168.0683,"plx",8,4,13.986997479749,3.54612831213818
"527","20160203","WM793","C",16558,"C07",185.3547,"plx",8,4,14.0152408033327,3.57437163572181
"557","20160203","WM793","C",18377,"C07",192.0856,"plx",8,4,14.165613648985,3.72474448137412
"587","20160203","WM793","C",20053,"C07",208.595,"plx",8,4,14.2915304646764,3.85066129706556
"617","20160203","WM793","C",21352,"C07",217.0714,"plx",8,4,14.382083590142,3.9412144225311
"647","20160203","WM793","C",23457,"C07",237.9711,"plx",8,4,14.5177308932621,4.0768617256512
"677","20160203","WM793","C",22410,"C07",244.2717,"plx",8,4,14.4518550283978,4.01098586078689
"707","20160203","WM793","C",22584,"C07",244.7022,"plx",8,4,14.4630134134497,4.02214424583882
"737","20160203","WM793","C",29084,"C07",280.5786,"plx",8,4,14.827938080145,4.38706891253412
"20","20160203","WM793","C",1183,"C08",0,"plx",8,5,10.2082343583398,0
"50","20160203","WM793","C",1470,"C08",16.4683,"plx",8,5,10.5216004397237,0.313366081383938
"80","20160203","WM793","C",1485,"C08",21.3894,"plx",8,5,10.5362472156881,0.328012857348339
"110","20160203","WM793","C",1529,"C08",28.7858,"plx",8,5,10.5783726913608,0.370138333021016
"140","20160203","WM793","C",2436,"C08",40.4903,"plx",8,5,11.2502984179063,1.04206405956654
"170","20160203","WM793","C",2486,"C08",48.2967,"plx",8,5,11.2796105810525,1.0713762227127
"200","20160203","WM793","C",4016,"C08",68.5892,"plx",8,5,11.9715435539508,1.76330919561098
"230","20160203","WM793","C",4092,"C08",73.92,"plx",8,5,11.9985904297453,1.79035607140554
"260","20160203","WM793","C",4821,"C08",74.2592,"plx",8,5,12.2351167143963,2.02688235605646
"290","20160203","WM793","C",6401,"C08",91.7686,"plx",8,5,12.6440815932657,2.43584723492589
"320","20160203","WM793","C",6635,"C08",98.81,"plx",8,5,12.6958807502576,2.48764639191777
"350","20160203","WM793","C",7844,"C08",113.8211,"plx",8,5,12.9373738201921,2.72913946185236
"380","20160203","WM793","C",9575,"C08",122.5478,"plx",8,5,13.2250567716997,3.01682241335989
"410","20160203","WM793","C",11679,"C08",136.7453,"plx",8,5,13.5116291300684,3.30339477172865
"440","20160203","WM793","C",11932,"C08",160.6433,"plx",8,5,13.5425482623352,3.33431390399542
"470","20160203","WM793","C",13032,"C08",161.0481,"plx",8,5,13.6697708885255,3.46153653018573
"500","20160203","WM793","C",15456,"C08",168.0683,"plx",8,5,13.9158793788358,3.70764502049598
"530","20160203","WM793","C",16809,"C08",185.3547,"plx",8,5,14.0369462779513,3.82871191961156
"560","20160203","WM793","C",18152,"C08",192.0856,"plx",8,5,14.1478408936723,3.93960653533255
"590","20160203","WM793","C",20241,"C08",208.595,"plx",8,5,14.3049929472201,4.09675858888034
"620","20160203","WM793","C",22018,"C08",217.0714,"plx",8,5,14.4263958075287,4.21816144918893
"650","20160203","WM793","C",23911,"C08",237.9711,"plx",8,5,14.5453868469002,4.33715248856043
"680","20160203","WM793","C",23376,"C08",244.2717,"plx",8,5,14.5127404628035,4.30450610446371
"710","20160203","WM793","C",22302,"C08",244.7022,"plx",8,5,14.4448854735829,4.23665111524313
"740","20160203","WM793","C",27297,"C08",280.5786,"plx",8,5,14.7364547840665,4.52822042572669
"23","20160203","WM793","C",944,"C09",0,"plx",8,6,9.88264304936184,0
"53","20160203","WM793","C",1183,"C09",16.4683,"plx",8,6,10.2082343583398,0.325591308977948
"83","20160203","WM793","C",1293,"C09",21.3894,"plx",8,6,10.3365065598103,0.453863510448414
"113","20160203","WM793","C",1502,"C09",28.7858,"plx",8,6,10.5526690975143,0.670026048152431
"143","20160203","WM793","C",1919,"C09",40.4903,"plx",8,6,10.9061389961954,1.02349594683354
"173","20160203","WM793","C",2261,"C09",48.2967,"plx",8,6,11.1427452767515,1.26010222738969
"203","20160203","WM793","C",3386,"C09",68.5892,"plx",8,6,11.7253662578956,1.8427232085338
"233","20160203","WM793","C",3604,"C09",73.92,"plx",8,6,11.8153832958135,1.9327402464517
"263","20160203","WM793","C",3776,"C09",74.2592,"plx",8,6,11.8826430493618,2
"293","20160203","WM793","C",4815,"C09",91.7686,"plx",8,6,12.2333200827308,2.35067703336898
"323","20160203","WM793","C",5215,"C09",98.81,"plx",8,6,12.3484515374071,2.46580848804529
"353","20160203","WM793","C",5925,"C09",113.8211,"plx",8,6,12.532599438673,2.64995638931114
"383","20160203","WM793","C",6698,"C09",122.5478,"plx",8,6,12.7095146607067,2.82687161134488
"413","20160203","WM793","C",8439,"C09",136.7453,"plx",8,6,13.0428563380359,3.16021328867402
"443","20160203","WM793","C",9514,"C09",160.6433,"plx",8,6,13.2158363099625,3.33319326060061
"473","20160203","WM793","C",9477,"C09",161.0481,"plx",8,6,13.210214722468,3.32757167310619
"503","20160203","WM793","C",11582,"C09",168.0683,"plx",8,6,13.4995967814898,3.61695373212791
"533","20160203","WM793","C",12208,"C09",185.3547,"plx",8,6,13.5755392468345,3.69289619747269
"563","20160203","WM793","C",12563,"C09",192.0856,"plx",8,6,13.6168933953965,3.73425034603465
"593","20160203","WM793","C",15350,"C09",208.595,"plx",8,6,13.9059510351449,4.02330798578306
"623","20160203","WM793","C",17344,"C09",217.0714,"plx",8,6,14.0821490413539,4.19950599199203
"653","20160203","WM793","C",19043,"C09",237.9711,"plx",8,6,14.216973155684,4.33433010632219
"683","20160203","WM793","C",18995,"C09",244.2717,"plx",8,6,14.2133320915524,4.33068904219054
"713","20160203","WM793","C",18544,"C09",244.7022,"plx",8,6,14.1786648510065,4.29602180164463
"743","20160203","WM793","C",25529,"C09",280.5786,"plx",8,6,14.6398494063937,4.75720635703188
"26","20160203","WM793","C",1078,"C10",0,"plx",8,7,10.0741414627525,0
"56","20160203","WM793","C",1350,"C10",16.4683,"plx",8,7,10.3987436919382,0.324602229185688
"86","20160203","WM793","C",1291,"C10",21.3894,"plx",8,7,10.3342732853072,0.260131822554685
"116","20160203","WM793","C",1660,"C10",28.7858,"plx",8,7,10.6969675262343,0.622826063481781
"146","20160203","WM793","C",2073,"C10",40.4903,"plx",8,7,11.0175044011094,0.943362938356909
"176","20160203","WM793","C",2726,"C10",48.2967,"plx",8,7,11.4125698468052,1.3384283840527
"206","20160203","WM793","C",3998,"C10",68.5892,"plx",8,7,11.9650627567446,1.89092129399212
"236","20160203","WM793","C",4114,"C10",73.92,"plx",8,7,12.0063260785249,1.93218461577243
"266","20160203","WM793","C",4500,"C10",74.2592,"plx",8,7,12.1357092861044,2.06156782335189
"296","20160203","WM793","C",5943,"C10",91.7686,"plx",8,7,12.5369756656106,2.46283420285814
"326","20160203","WM793","C",5706,"C10",98.81,"plx",8,7,12.4782640315817,2.40412256882921
"356","20160203","WM793","C",7504,"C10",113.8211,"plx",8,7,12.8734441125154,2.79930264976287
"386","20160203","WM793","C",8473,"C10",122.5478,"plx",8,7,13.0486571537259,2.97451569097339
"416","20160203","WM793","C",10299,"C10",136.7453,"plx",8,7,13.3302166426784,3.25607517992591
"446","20160203","WM793","C",10592,"C10",160.6433,"plx",8,7,13.3706874068072,3.29654594405471
"476","20160203","WM793","C",11100,"C10",161.0481,"plx",8,7,13.4382720561248,3.36413059337232
"506","20160203","WM793","C",13557,"C10",168.0683,"plx",8,7,13.7267503423922,3.65260887963965
"536","20160203","WM793","C",14196,"C10",185.3547,"plx",8,7,13.7931968590609,3.71905539630844
"566","20160203","WM793","C",15698,"C10",192.0856,"plx",8,7,13.9382931441517,3.86415168139918
"596","20160203","WM793","C",18976,"C10",208.595,"plx",8,7,14.211888294546,4.1377468317935
"626","20160203","WM793","C",18844,"C10",217.0714,"plx",8,7,14.2018176166679,4.12767615391541
"656","20160203","WM793","C",22707,"C10",237.9711,"plx",8,7,14.4708494924186,4.39670802966611
"686","20160203","WM793","C",22793,"C10",244.2717,"plx",8,7,14.4763032032435,4.402161740491
"716","20160203","WM793","C",20976,"C10",244.7022,"plx",8,7,14.3564519702218,4.28231050746925
"746","20160203","WM793","C",27094,"C10",280.5786,"plx",8,7,14.7256857798875,4.65154431713497
"29","20160203","WM793","C",923,"C11",0,"plx",8,8,9.85018683764577,0
"59","20160203","WM793","C",1204,"C11",16.4683,"plx",8,8,10.2336196767597,0.383432839113928
"89","20160203","WM793","C",1173,"C11",21.3894,"plx",8,8,10.1959872980285,0.345800460382735
"119","20160203","WM793","C",1487,"C11",28.7858,"plx",8,8,10.5381889320524,0.688002094406645
"149","20160203","WM793","C",2058,"C11",40.4903,"plx",8,8,11.007027266894,1.1568404292482
"179","20160203","WM793","C",2419,"C11",48.2967,"plx",8,8,11.2401950539799,1.39000821633415
"209","20160203","WM793","C",3574,"C11",68.5892,"plx",8,8,11.8033239190415,1.95313708139572
"239","20160203","WM793","C",3960,"C11",73.92,"plx",8,8,11.951284714967,2.1010978773212
"269","20160203","WM793","C",4293,"C11",74.2592,"plx",8,8,12.0677704574478,2.21758361980205
"299","20160203","WM793","C",5359,"C11",91.7686,"plx",8,8,12.3877481007113,2.53756126306552
"329","20160203","WM793","C",5196,"C11",98.81,"plx",8,8,12.3431857154479,2.49299887780211
"359","20160203","WM793","C",6173,"C11",113.8211,"plx",8,8,12.591756076023,2.74156923837722
"389","20160203","WM793","C",7706,"C11",122.5478,"plx",8,8,12.9117664706596,3.06157963301378
"419","20160203","WM793","C",7454,"C11",136.7453,"plx",8,8,12.8637991037288,3.01361226608308
"449","20160203","WM793","C",9736,"C11",160.6433,"plx",8,8,13.2491134527137,3.39892661506796
"479","20160203","WM793","C",10914,"C11",161.0481,"plx",8,8,13.4138923283726,3.56370549072687
"509","20160203","WM793","C",11552,"C11",168.0683,"plx",8,8,13.4958550268872,3.6456681892414
"539","20160203","WM793","C",10964,"C11",185.3547,"plx",8,8,13.4204866128258,3.57029977518
"569","20160203","WM793","C",13379,"C11",192.0856,"plx",8,8,13.7076826667578,3.85749582911205
"599","20160203","WM793","C",12164,"C11",208.595,"plx",8,8,13.5703301010308,3.72014326338502
"629","20160203","WM793","C",14228,"C11",217.0714,"plx",8,8,13.7964452590618,3.94625842141608
"659","20160203","WM793","C",17478,"C11",237.9711,"plx",8,8,14.0932524868615,4.24306564921573
"689","20160203","WM793","C",16997,"C11",244.2717,"plx",8,8,14.0529925102032,4.20280567255739
"719","20160203","WM793","C",16726,"C11",244.7022,"plx",8,8,14.0298048476307,4.17961800998492
"749","20160203","WM793","C",20788,"C11",280.5786,"plx",8,8,14.3434633436679,4.49327650602213
"9","20160203","WM88","D",447,"D04",0,"plx",8,1,8.80413102118332,0
"39","20160203","WM88","D",596,"D04",16.4683,"plx",8,1,9.21916852046216,0.415037499278844
"69","20160203","WM88","D",617,"D04",21.3894,"plx",8,1,9.26912667914942,0.464995657966099
"99","20160203","WM88","D",874,"D04",28.7858,"plx",8,1,9.7714894695006,0.967358448317281
"129","20160203","WM88","D",568,"D04",40.4903,"plx",8,1,9.14974711950468,0.345616098321363
"159","20160203","WM88","D",752,"D04",48.2967,"plx",8,1,9.55458885167764,0.750457830494319
"189","20160203","WM88","D",827,"D04",68.5892,"plx",8,1,9.69174351917128,0.887612497987957
"219","20160203","WM88","D",666,"D04",73.92,"plx",8,1,9.37937836707126,0.575247345887943
"249","20160203","WM88","D",771,"D04",74.2592,"plx",8,1,9.59058704991503,0.786456028731717
"279","20160203","WM88","D",966,"D04",91.7686,"plx",8,1,9.91587937883577,1.11174835765246
"309","20160203","WM88","D",696,"D04",98.81,"plx",8,1,9.44294349584873,0.638812474665411
"339","20160203","WM88","D",1277,"D04",113.8211,"plx",8,1,10.3185428097027,1.51441178851941
"369","20160203","WM88","D",1049,"D04",122.5478,"plx",8,1,10.0347989625773,1.23066794139395
"399","20160203","WM88","D",1188,"D04",136.7453,"plx",8,1,10.2143191208008,1.41018809961745
"429","20160203","WM88","D",1367,"D04",160.6433,"plx",8,1,10.4167975276061,1.61266650642274
"459","20160203","WM88","D",1796,"D04",161.0481,"plx",8,1,10.8105716347411,2.00644061355783
"489","20160203","WM88","D",2337,"D04",168.0683,"plx",8,1,11.1904420187828,2.38631099759951
"519","20160203","WM88","D",2532,"D04",185.3547,"plx",8,1,11.3060616894283,2.50193066824502
"549","20160203","WM88","D",2343,"D04",192.0856,"plx",8,1,11.1941412388631,2.39001021767982
"579","20160203","WM88","D",2480,"D04",208.595,"plx",8,1,11.2761244052742,2.47199338409092
"609","20160203","WM88","D",2630,"D04",217.0714,"plx",8,1,11.3608470841797,2.55671606299635
"639","20160203","WM88","D",2694,"D04",237.9711,"plx",8,1,11.3955341354623,2.59140311427898
"669","20160203","WM88","D",2509,"D04",244.2717,"plx",8,1,11.2928967554092,2.48876573422585
"699","20160203","WM88","D",2505,"D04",244.7022,"plx",8,1,11.2905948880826,2.48646386689925
"729","20160203","WM88","D",3934,"D04",280.5786,"plx",8,1,11.9417812422785,3.13765022109521
"12","20160203","WM88","D",556,"D05",0,"plx",8,2,9.11894107272351,0
"42","20160203","WM88","D",1005,"D05",16.4683,"plx",8,2,9.97297978606629,0.854038713342785
"72","20160203","WM88","D",771,"D05",21.3894,"plx",8,2,9.59058704991503,0.471645977191528
"102","20160203","WM88","D",840,"D05",28.7858,"plx",8,2,9.71424551766612,0.595304444942617
"132","20160203","WM88","D",752,"D05",40.4903,"plx",8,2,9.55458885167764,0.435647778954131
"162","20160203","WM88","D",621,"D05",48.2967,"plx",8,2,9.27844945822048,0.159508385496975
"192","20160203","WM88","D",919,"D05",68.5892,"plx",8,2,9.84392105128904,0.724979978565528
"222","20160203","WM88","D",1059,"D05",73.92,"plx",8,2,10.0484868739923,0.92954580126883
"252","20160203","WM88","D",1009,"D05",74.2592,"plx",8,2,9.97871045910636,0.859769386382851
"282","20160203","WM88","D",1219,"D05",91.7686,"plx",8,2,10.2514824106202,1.13254133789671
"312","20160203","WM88","D",918,"D05",98.81,"plx",8,2,9.84235034341381,0.723409270690301
"342","20160203","WM88","D",1555,"D05",113.8211,"plx",8,2,10.602698865018,1.48375779229446
"372","20160203","WM88","D",1540,"D05",122.5478,"plx",8,2,10.5887146355823,1.46977356285876
"402","20160203","WM88","D",1226,"D05",136.7453,"plx",8,2,10.2597432636908,1.14080219096727
"432","20160203","WM88","D",1487,"D05",160.6433,"plx",8,2,10.5381889320524,1.41924785932891
"462","20160203","WM88","D",2298,"D05",161.0481,"plx",8,2,11.1661630826461,2.04722200992261
"492","20160203","WM88","D",2635,"D05",168.0683,"plx",8,2,11.3635872465246,2.24464617380107
"522","20160203","WM88","D",2592,"D05",185.3547,"plx",8,2,11.3398500028846,2.22090893016112
"552","20160203","WM88","D",2349,"D05",192.0856,"plx",8,2,11.1978309980122,2.07888992528869
"582","20160203","WM88","D",1760,"D05",208.595,"plx",8,2,10.7813597135247,1.66241864080115
"612","20160203","WM88","D",3023,"D05",217.0714,"plx",8,2,11.5617652636277,2.4428241909042
"642","20160203","WM88","D",2827,"D05",237.9711,"plx",8,2,11.4650561678312,2.34611509510767
"672","20160203","WM88","D",2751,"D05",244.2717,"plx",8,2,11.4257404243162,2.3067993515927
"702","20160203","WM88","D",2651,"D05",244.7022,"plx",8,2,11.3723209548673,2.25337988214375
"732","20160203","WM88","D",4177,"D05",280.5786,"plx",8,2,12.0282514281628,2.90931035543929
"15","20160203","WM88","D",1037,"D06",0,"plx",8,3,10.0182001788132,0
"45","20160203","WM88","D",895,"D06",16.4683,"plx",8,3,9.80574387215162,-0.212456306661608
"75","20160203","WM88","D",945,"D06",21.3894,"plx",8,3,9.88417051910844,-0.13402965970479
"105","20160203","WM88","D",1335,"D06",28.7858,"plx",8,3,10.3826240265749,0.364423847761691
"135","20160203","WM88","D",977,"D06",40.4903,"plx",8,3,9.93221475196838,-0.0859854268448412
"165","20160203","WM88","D",1110,"D06",48.2967,"plx",8,3,10.1163439612375,0.098143782424243
"195","20160203","WM88","D",1187,"D06",68.5892,"plx",8,3,10.2131042196419,0.19490404082868
"225","20160203","WM88","D",1166,"D06",73.92,"plx",8,3,10.1873520732005,0.169151894387271
"255","20160203","WM88","D",1274,"D06",74.2592,"plx",8,3,10.3151495622563,0.296949383443074
"285","20160203","WM88","D",1390,"D06",91.7686,"plx",8,3,10.4408691676109,0.422668988797644
"315","20160203","WM88","D",1226,"D06",98.81,"plx",8,3,10.2597432636908,0.241543084877556
"345","20160203","WM88","D",1643,"D06",113.8211,"plx",8,3,10.6821167649501,0.663916586136848
"375","20160203","WM88","D",1646,"D06",122.5478,"plx",8,3,10.6847486204216,0.6665484416084
"405","20160203","WM88","D",1794,"D06",136.7453,"plx",8,3,10.8089641749193,0.790763996106035
"435","20160203","WM88","D",2412,"D06",160.6433,"plx",8,3,11.2360141919001,1.21781401308686
"465","20160203","WM88","D",2709,"D06",161.0481,"plx",8,3,11.403544678202,1.38534449938879
"495","20160203","WM88","D",3092,"D06",168.0683,"plx",8,3,11.5943246039248,1.57612442511162
"525","20160203","WM88","D",2165,"D06",185.3547,"plx",8,3,11.0801513096141,1.06195113080086
"555","20160203","WM88","D",3497,"D06",192.0856,"plx",8,3,11.7719020806977,1.75370190188449
"585","20160203","WM88","D",3416,"D06",208.595,"plx",8,3,11.7380922596205,1.71989208080726
"615","20160203","WM88","D",3759,"D06",217.0714,"plx",8,3,11.876133200043,1.85793302122979
"645","20160203","WM88","D",3454,"D06",237.9711,"plx",8,3,11.7540523675289,1.7358521887157
"675","20160203","WM88","D",3751,"D06",244.2717,"plx",8,3,11.8730595476615,1.85485936884824
"705","20160203","WM88","D",3698,"D06",244.7022,"plx",8,3,11.8525295094042,1.83432933059097
"735","20160203","WM88","D",5166,"D06",280.5786,"plx",8,3,12.334831928118,2.31663174930477
"18","20160203","WM88","D",1276,"D07",0,"plx",8,4,10.3174126137649,0
"48","20160203","WM88","D",1547,"D07",16.4683,"plx",8,4,10.595257481449,0.277844867684166
"78","20160203","WM88","D",1511,"D07",21.3894,"plx",8,4,10.5612879451648,0.243875331399959
"108","20160203","WM88","D",1517,"D07",28.7858,"plx",8,4,10.567005370247,0.249592756482164
"138","20160203","WM88","D",1515,"D07",40.4903,"plx",8,4,10.5651020783603,0.247689464595444
"168","20160203","WM88","D",1764,"D07",48.2967,"plx",8,4,10.7846348455575,0.467222231792652
"198","20160203","WM88","D",1812,"D07",68.5892,"plx",8,4,10.8233672400462,0.505954626281365
"228","20160203","WM88","D",1470,"D07",73.92,"plx",8,4,10.5216004397237,0.204187825958858
"258","20160203","WM88","D",1383,"D07",74.2592,"plx",8,4,10.4335854411505,0.116172827385626
"288","20160203","WM88","D",1948,"D07",91.7686,"plx",8,4,10.9277779620823,0.610365348317472
"318","20160203","WM88","D",1513,"D07",98.81,"plx",8,4,10.5631962722167,0.245783658451868
"348","20160203","WM88","D",2206,"D07",113.8211,"plx",8,4,11.1072170755914,0.789804461826513
"378","20160203","WM88","D",2047,"D07",122.5478,"plx",8,4,10.9992953870234,0.681882773258542
"408","20160203","WM88","D",2901,"D07",136.7453,"plx",8,4,11.502334580198,1.18492196643313
"438","20160203","WM88","D",3584,"D07",160.6433,"plx",8,4,11.8073549220576,1.48994230829273
"468","20160203","WM88","D",3874,"D07",161.0481,"plx",8,4,11.9196082386033,1.60219562483838
"498","20160203","WM88","D",4430,"D07",168.0683,"plx",8,4,12.1130909834424,1.79567836967751
"528","20160203","WM88","D",4506,"D07",185.3547,"plx",8,4,12.1376315982354,1.82021898447056
"558","20160203","WM88","D",4564,"D07",192.0856,"plx",8,4,12.1560830762887,1.83867046252381
"588","20160203","WM88","D",5822,"D07",208.595,"plx",8,4,12.5072991241228,2.1898865103579
"618","20160203","WM88","D",6212,"D07",217.0714,"plx",8,4,12.6008421143873,2.28342950062243
"648","20160203","WM88","D",7367,"D07",237.9711,"plx",8,4,12.8468615272867,2.52944891352184
"678","20160203","WM88","D",7153,"D07",244.2717,"plx",8,4,12.8043327261876,2.48692011242275
"708","20160203","WM88","D",6377,"D07",244.7022,"plx",8,4,12.6386621658597,2.32124955209479
"738","20160203","WM88","D",9514,"D07",280.5786,"plx",8,4,13.2158363099625,2.89842369619759
"21","20160203","WM88","D",1191,"D08",0,"plx",8,5,10.2179576978641,0
"51","20160203","WM88","D",1413,"D08",16.4683,"plx",8,5,10.4645457503339,0.246588052469827
"81","20160203","WM88","D",1217,"D08",21.3894,"plx",8,5,10.2491134527137,0.0311557548496157
"111","20160203","WM88","D",1082,"D08",28.7858,"plx",8,5,10.0794847838268,-0.138472914037298
"141","20160203","WM88","D",1271,"D08",40.4903,"plx",8,5,10.311748315005,0.0937906171408454
"171","20160203","WM88","D",1462,"D08",48.2967,"plx",8,5,10.5137275959524,0.295769898088324
"201","20160203","WM88","D",1149,"D08",68.5892,"plx",8,5,10.1661630826461,-0.0517946152180002
"231","20160203","WM88","D",1202,"D08",73.92,"plx",8,5,10.2312211807112,0.0132634828470728
"261","20160203","WM88","D",1101,"D08",74.2592,"plx",8,5,10.1045987535644,-0.113358944299744
"291","20160203","WM88","D",1641,"D08",91.7686,"plx",8,5,10.6803595235137,0.4624018256496
"321","20160203","WM88","D",1713,"D08",98.81,"plx",8,5,10.742309436084,0.524351738219886
"351","20160203","WM88","D",1983,"D08",113.8211,"plx",8,5,10.9534689622288,0.735511264364735
"381","20160203","WM88","D",2065,"D08",122.5478,"plx",8,5,11.0119260663068,0.793968368442695
"411","20160203","WM88","D",2679,"D08",136.7453,"plx",8,5,11.3874788658424,1.16952116797827
"441","20160203","WM88","D",3144,"D08",160.6433,"plx",8,5,11.6183855022586,1.40042780439449
"471","20160203","WM88","D",2602,"D08",161.0481,"plx",8,5,11.3454052467178,1.12744754885368
"501","20160203","WM88","D",3562,"D08",168.0683,"plx",8,5,11.7984718011016,1.5805141032375
"531","20160203","WM88","D",3770,"D08",185.3547,"plx",8,5,11.880348808156,1.66239111029191
"561","20160203","WM88","D",3169,"D08",192.0856,"plx",8,5,11.6298119443822,1.41185424651812
"591","20160203","WM88","D",5032,"D08",208.595,"plx",8,5,12.2969162068793,2.07895850901517
"621","20160203","WM88","D",5814,"D08",217.0714,"plx",8,5,12.5053153561362,2.28735765827212
"651","20160203","WM88","D",5209,"D08",237.9711,"plx",8,5,12.3467907217507,2.12883302388659
"681","20160203","WM88","D",7134,"D08",244.2717,"plx",8,5,12.8004955004668,2.5825378026027
"711","20160203","WM88","D",7134,"D08",244.7022,"plx",8,5,12.8004955004668,2.5825378026027
"741","20160203","WM88","D",8373,"D08",280.5786,"plx",8,5,13.0315289097872,2.81357121192311
"24","20160203","WM88","D",760,"D09",0,"plx",8,6,9.56985560833095,0
"54","20160203","WM88","D",727,"D09",16.4683,"plx",8,6,9.50581155391959,-0.0640440544113545
"84","20160203","WM88","D",527,"D09",21.3894,"plx",8,6,9.04165915163721,-0.528196456693735
"114","20160203","WM88","D",747,"D09",28.7858,"plx",8,6,9.54496443278924,-0.0248911755417112
"144","20160203","WM88","D",860,"D09",40.4903,"plx",8,6,9.74819284958946,0.178337241258511
"174","20160203","WM88","D",935,"D09",48.2967,"plx",8,6,9.868822554775,0.29896694644405
"204","20160203","WM88","D",1269,"D09",68.5892,"plx",8,6,10.3094763538411,0.739620745510157
"234","20160203","WM88","D",1204,"D09",73.92,"plx",8,6,10.2336196767597,0.663764068428753
"264","20160203","WM88","D",1255,"D09",74.2592,"plx",8,6,10.2934716488381,0.723616040507185
"294","20160203","WM88","D",1313,"D09",91.7686,"plx",8,6,10.3586512008929,0.788795592561938
"324","20160203","WM88","D",1345,"D09",98.81,"plx",8,6,10.393390457444,0.823534849113038
"354","20160203","WM88","D",1738,"D09",113.8211,"plx",8,6,10.7632123668144,1.19335675848345
"384","20160203","WM88","D",1869,"D09",122.5478,"plx",8,6,10.8680508537452,1.29819524541421
"414","20160203","WM88","D",2318,"D09",136.7453,"plx",8,6,11.1786648510065,1.60880924267552
"444","20160203","WM88","D",2954,"D09",160.6433,"plx",8,6,11.5284541107648,1.95859850243384
"474","20160203","WM88","D",2988,"D09",161.0481,"plx",8,6,11.5449644327892,1.97510882445829
"504","20160203","WM88","D",4106,"D09",168.0683,"plx",8,6,12.0035179121086,2.43366230377765
"534","20160203","WM88","D",3307,"D09",185.3547,"plx",8,6,11.6913073301911,2.12145172186017
"564","20160203","WM88","D",4303,"D09",192.0856,"plx",8,6,12.0711271249483,2.50127151661736
"594","20160203","WM88","D",5233,"D09",208.595,"plx",8,6,12.3534225436147,2.78356693528377
"624","20160203","WM88","D",3593,"D09",217.0714,"plx",8,6,11.8109732200022,2.24111761167122
"654","20160203","WM88","D",6180,"D09",237.9711,"plx",8,6,12.5933911227917,3.02353551446079
"684","20160203","WM88","D",6719,"D09",244.2717,"plx",8,6,12.7140308149288,3.14417520659783
"714","20160203","WM88","D",5909,"D09",244.7022,"plx",8,6,12.5286982835742,2.95884267524324
"744","20160203","WM88","D",9316,"D09",280.5786,"plx",8,6,13.1854949242109,3.61563931587992
"27","20160203","WM88","D",1026,"D10",0,"plx",8,7,10.0028150156071,0
"57","20160203","WM88","D",908,"D10",16.4683,"plx",8,7,9.82654848729091,-0.176266528316139
"87","20160203","WM88","D",729,"D10",21.3894,"plx",8,7,9.50977500432694,-0.493040011280117
"117","20160203","WM88","D",1243,"D10",28.7858,"plx",8,7,10.2796105810525,0.276795565445431
"147","20160203","WM88","D",869,"D10",40.4903,"plx",8,7,9.7632123668144,-0.239602648792653
"177","20160203","WM88","D",1226,"D10",48.2967,"plx",8,7,10.2597432636908,0.256928248083728
"207","20160203","WM88","D",924,"D10",68.5892,"plx",8,7,9.85174904141606,-0.151065974190995
"237","20160203","WM88","D",1100,"D10",73.92,"plx",8,7,10.103287808412,0.100472792804968
"267","20160203","WM88","D",1426,"D10",74.2592,"plx",8,7,10.4777582664439,0.474943250836835
"297","20160203","WM88","D",954,"D10",91.7686,"plx",8,7,9.89784545600551,-0.104969559601543
"327","20160203","WM88","D",1565,"D10",98.81,"plx",8,7,10.61194694182,0.609131926212926
"357","20160203","WM88","D",1550,"D10",113.8211,"plx",8,7,10.5980525001616,0.595237484554547
"387","20160203","WM88","D",2001,"D10",122.5478,"plx",8,7,10.9665054519057,0.963690436298688
"417","20160203","WM88","D",2346,"D10",136.7453,"plx",8,7,11.1959872980285,1.19317228242146
"447","20160203","WM88","D",2992,"D10",160.6433,"plx",8,7,11.5468944598876,1.54407944428058
"477","20160203","WM88","D",2765,"D10",161.0481,"plx",8,7,11.4330637651221,1.43024874951502
"507","20160203","WM88","D",2930,"D10",168.0683,"plx",8,7,11.5166849493096,1.51386993370256
"537","20160203","WM88","D",3328,"D10",185.3547,"plx",8,7,11.7004397181411,1.69762470253404
"567","20160203","WM88","D",4509,"D10",192.0856,"plx",8,7,12.1385917946375,2.13577677903047
"597","20160203","WM88","D",4481,"D10",208.595,"plx",8,7,12.1296050111525,2.12678999554545
"627","20160203","WM88","D",5530,"D10",217.0714,"plx",8,7,12.4330637651221,2.43024874951502
"657","20160203","WM88","D",3457,"D10",237.9711,"plx",8,7,11.7553048882624,1.75248987265535
"687","20160203","WM88","D",5263,"D10",244.2717,"plx",8,7,12.3616696794928,2.35885466388572
"717","20160203","WM88","D",5730,"D10",244.7022,"plx",8,7,12.4843194236443,2.48150440803721
"747","20160203","WM88","D",7996,"D10",280.5786,"plx",8,7,12.9650627567446,2.96224774113757
"30","20160203","WM88","D",1261,"D11",0,"plx",8,8,10.3003525603282,0
"60","20160203","WM88","D",1313,"D11",16.4683,"plx",8,8,10.3586512008929,0.0582986405646668
"90","20160203","WM88","D",1255,"D11",21.3894,"plx",8,8,10.2934716488381,-0.00688091149008585
"120","20160203","WM88","D",1309,"D11",28.7858,"plx",8,8,10.3542493819452,0.0538968216170215
"150","20160203","WM88","D",1220,"D11",40.4903,"plx",8,8,10.2526654324502,-0.0476871278779711
"180","20160203","WM88","D",1471,"D11",48.2967,"plx",8,8,10.5225815312548,0.222228970926611
"210","20160203","WM88","D",1443,"D11",68.5892,"plx",8,8,10.4948555844912,0.194503024162978
"240","20160203","WM88","D",1218,"D11",73.92,"plx",8,8,10.2502984179063,-0.050054142421887
"270","20160203","WM88","D",1534,"D11",74.2592,"plx",8,8,10.5830827675029,0.282730207174714
"300","20160203","WM88","D",1461,"D11",91.7686,"plx",8,8,10.5127404628035,0.212387902475278
"330","20160203","WM88","D",1607,"D11",98.81,"plx",8,8,10.6501542136751,0.349801653346875
"360","20160203","WM88","D",1813,"D11",113.8211,"plx",8,8,10.8241632097442,0.523810649415939
"390","20160203","WM88","D",2168,"D11",122.5478,"plx",8,8,11.0821490413539,0.781796481025651
"420","20160203","WM88","D",2581,"D11",136.7453,"plx",8,8,11.333714426094,1.03336186576575
"450","20160203","WM88","D",2832,"D11",160.6433,"plx",8,8,11.467605550083,1.16725298975478
"480","20160203","WM88","D",3312,"D11",161.0481,"plx",8,8,11.6934869574993,1.39313439717111
"510","20160203","WM88","D",3813,"D11",168.0683,"plx",8,8,11.8967108157261,1.5963582553979
"540","20160203","WM88","D",3436,"D11",185.3547,"plx",8,8,11.7465143211385,1.44616176081024
"570","20160203","WM88","D",4161,"D11",192.0856,"plx",8,8,12.0227145730448,1.72236201271654
"600","20160203","WM88","D",4769,"D11",208.595,"plx",8,8,12.2194710673944,1.91911850706614
"630","20160203","WM88","D",5329,"D11",217.0714,"plx",8,8,12.37964911776,2.07929655743182
"660","20160203","WM88","D",6115,"D11",237.9711,"plx",8,8,12.5781367834147,2.27778422308653
"690","20160203","WM88","D",6106,"D11",244.2717,"plx",8,8,12.5760118742068,2.27565931387856
"720","20160203","WM88","D",5503,"D11",244.7022,"plx",8,8,12.4260026133294,2.12565005300114
"750","20160203","WM88","D",8276,"D11",280.5786,"plx",8,8,13.01471792986,2.71436536953179
